image_id,sun_azimuth_angle,current_sub_label,global_prob,center_zoom_prob,delta_i,physics_pred,gated_refined_label,is_flipped
eval_00001.png,233.43,1,0.9017,0.9112,0.1061,1,1,0
eval_00002.png,166.54,1,0.5325,0.4084,-0.094,0,0,1
eval_00003.png,40.95,1,0.9214,0.8808,-0.2303,0,1,0
eval_00004.png,109.42,1,0.7738,0.6076,0.0216,1,1,0
eval_00005.png,53.15,1,0.8074,0.7397,-0.085,0,1,0
eval_00006.png,162.83,1,0.7962,0.4809,-0.0308,0,1,0
eval_00007.png,172.03,1,0.6902,0.6474,0.2451,1,1,0
eval_00008.png,133.66,1,0.643,0.4353,0.0038,1,1,0
eval_00009.png,153.68,1,0.7436,0.6982,0.2454,1,1,0
eval_00010.png,164.63,1,0.8624,0.6984,0.1685,1,1,0
eval_00011.png,143.46,1,0.8676,0.8162,0.0629,1,1,0
eval_00012.png,183.24,1,0.7436,0.6719,0.0028,1,1,0
eval_00013.png,242.01,0,0.458,0.4342,-0.0257,0,0,0
eval_00014.png,97.5,1,0.6668,0.7978,0.083,1,1,0
eval_00015.png,138.2,1,0.8164,0.7221,0.1165,1,1,0
eval_00016.png,129.62,1,0.7064,0.7133,0.1388,1,1,0
eval_00017.png,178.81,1,0.757,0.6814,0.1341,1,1,0
eval_00018.png,105.61,1,0.6176,0.6874,0.0605,1,1,0
eval_00019.png,319.94,0,0.1293,0.1396,-0.1103,0,0,0
eval_00020.png,32.36,1,0.5574,0.4044,-0.1591,0,0,1
eval_00021.png,124.73,1,0.8558,0.7,0.09,1,1,0
eval_00022.png,6.23,1,0.5892,0.4411,-0.0193,0,0,1
eval_00023.png,204.1,1,0.6661,0.46,0.0955,1,1,0
eval_00024.png,291.05,0,0.063,0.1125,-0.0689,0,0,0
eval_00025.png,262.48,0,0.5076,0.6359,-0.0249,0,1,1
eval_00026.png,151.84,1,0.7258,0.7362,0.103,1,1,0
eval_00027.png,10.18,0,0.5415,0.1786,-0.0181,0,0,0
eval_00028.png,162.13,1,0.797,0.8216,0.4011,1,1,0
eval_00029.png,132.57,1,0.8358,0.6635,0.1391,1,1,0
eval_00030.png,141.87,1,0.6963,0.8066,0.0973,1,1,0
eval_00031.png,173.28,1,0.7797,0.5467,0.2963,1,1,0
eval_00032.png,96.2,1,0.6802,0.6289,-0.1418,0,1,0
eval_00033.png,166.92,1,0.8693,0.747,0.3292,1,1,0
eval_00034.png,96.05,1,0.7647,0.7369,0.0588,1,1,0
eval_00035.png,155.72,1,0.5735,0.474,0.0229,1,1,0
eval_00036.png,120.11,1,0.7223,0.6059,0.0367,1,1,0
eval_00037.png,69.2,1,0.8521,0.8725,-0.1268,0,1,0
eval_00038.png,91.02,1,0.4795,0.3453,0.0468,1,1,0
eval_00039.png,41.06,1,0.882,0.728,-0.079,0,1,0
eval_00040.png,101.5,1,0.5985,0.5496,0.0,1,1,0
eval_00041.png,144.91,1,0.6993,0.4932,0.0191,1,1,0
eval_00042.png,230.43,1,0.6489,0.5018,-0.025,0,1,0
eval_00043.png,176.56,1,0.8415,0.8171,0.0573,1,1,0
eval_00044.png,158.31,1,0.8277,0.7478,-0.0066,0,1,0
eval_00045.png,316.45,0,0.048,0.1833,-0.184,0,0,0
eval_00046.png,96.84,1,0.7338,0.6186,0.1893,1,1,0
eval_00047.png,142.01,1,0.6784,0.5491,-0.0245,0,1,0
eval_00048.png,112.07,1,0.7497,0.5523,0.072,1,1,0
eval_00049.png,120.33,1,0.7816,0.8374,0.0314,1,1,0
eval_00050.png,267.94,0,0.1025,0.1789,-0.0206,0,0,0
eval_00051.png,315.41,0,0.0883,0.3327,0.1481,1,0,0
eval_00052.png,174.03,1,0.6867,0.7265,0.4402,1,1,0
eval_00053.png,79.66,1,0.5477,0.55,0.0039,1,1,0
eval_00054.png,139.66,1,0.8201,0.6169,-0.005,0,1,0
eval_00055.png,98.99,1,0.752,0.7994,0.0621,1,1,0
eval_00056.png,189.51,1,0.6943,0.5568,0.0335,1,1,0
eval_00057.png,242.1,1,0.5363,0.5038,-0.0047,0,1,0
eval_00058.png,348.7,0,0.2192,0.1532,-0.2168,0,0,0
eval_00059.png,45.58,1,0.7938,0.6962,-0.0167,0,1,0
eval_00060.png,165.34,1,0.6938,0.6784,-0.1215,0,1,0
eval_00061.png,222.45,1,0.9318,0.8687,0.0046,1,1,0
eval_00062.png,104.02,1,0.7634,0.7049,-0.0233,0,1,0
eval_00063.png,348.59,0,0.5149,0.6886,-0.3241,0,0,0
eval_00064.png,57.94,1,0.9272,0.8504,-0.0555,0,1,0
eval_00065.png,256.78,1,0.4284,0.2813,0.1016,1,1,0
eval_00066.png,10.37,1,0.7513,0.7939,0.0724,1,1,0
eval_00067.png,163.47,1,0.6609,0.625,0.0835,1,1,0
eval_00068.png,290.24,0,0.2399,0.4163,0.0216,1,0,0
eval_00069.png,134.5,1,0.4513,0.5018,0.2879,1,1,0
eval_00070.png,113.0,1,0.7157,0.7003,-0.0328,0,1,0
eval_00071.png,63.42,1,0.759,0.7713,-0.0076,0,1,0
eval_00072.png,100.16,1,0.7441,0.7165,-0.0194,0,1,0
eval_00073.png,359.69,1,0.5128,0.4262,-0.1067,0,0,1
eval_00074.png,179.84,1,0.6222,0.6036,0.1074,1,1,0
eval_00075.png,103.64,1,0.6244,0.4882,0.0021,1,1,0
eval_00076.png,124.68,1,0.8074,0.7312,-0.0295,0,1,0
eval_00077.png,183.96,1,0.9048,0.6735,-0.0195,0,1,0
eval_00078.png,116.05,1,0.5657,0.551,0.1194,1,1,0
eval_00079.png,154.85,1,0.7309,0.7318,-0.0245,0,1,0
eval_00080.png,192.52,1,0.8603,0.8693,0.0853,1,1,0
eval_00081.png,170.02,1,0.7215,0.4989,0.0154,1,1,0
eval_00082.png,124.52,1,0.8249,0.6284,0.0005,1,1,0
eval_00083.png,209.21,1,0.7175,0.7191,-0.2014,0,1,0
eval_00084.png,98.66,1,0.6837,0.6354,-0.0032,0,1,0
eval_00085.png,23.99,1,0.6844,0.7136,-0.0778,0,1,0
eval_00086.png,59.54,1,0.8851,0.8107,-0.0387,0,1,0
eval_00087.png,35.91,1,0.6259,0.5805,-0.0262,0,1,0
eval_00088.png,177.16,1,0.6203,0.5486,-0.0338,0,1,0
eval_00089.png,150.38,1,0.9011,0.7038,-0.0277,0,1,0
eval_00090.png,154.56,1,0.7999,0.6751,0.2605,1,1,0
eval_00091.png,66.65,1,0.6684,0.6808,0.2882,1,1,0
eval_00092.png,54.74,1,0.7707,0.5645,-0.0647,0,1,0
eval_00093.png,168.01,1,0.7425,0.6479,0.1846,1,1,0
eval_00094.png,160.68,1,0.6422,0.6609,0.1634,1,1,0
eval_00095.png,339.28,0,0.3427,0.3274,0.0088,1,0,0
eval_00096.png,77.92,1,0.5857,0.4466,-0.0367,0,0,1
eval_00097.png,171.06,1,0.6623,0.5725,-0.032,0,1,0
eval_00098.png,353.36,0,0.1416,0.1319,-0.278,0,0,0
eval_00099.png,352.53,1,0.6543,0.738,0.0152,1,1,0
eval_00100.png,217.94,1,0.783,0.761,0.0906,1,1,0
eval_00101.png,132.05,1,0.7961,0.8291,0.0992,1,1,0
eval_00102.png,153.16,1,0.776,0.7418,0.3731,1,1,0
eval_00103.png,95.73,1,0.6674,0.6585,0.0527,1,1,0
eval_00104.png,184.14,1,0.654,0.799,0.3095,1,1,0
eval_00105.png,106.58,1,0.6499,0.7988,0.0084,1,1,0
eval_00106.png,136.94,1,0.793,0.5997,0.0149,1,1,0
eval_00107.png,146.33,1,0.6633,0.6226,0.2121,1,1,0
eval_00108.png,112.04,1,0.7214,0.8074,0.0697,1,1,0
eval_00109.png,154.91,1,0.9306,0.6293,-0.0424,0,1,0
eval_00110.png,128.56,1,0.7327,0.5366,0.1673,1,1,0
eval_00111.png,97.9,1,0.5719,0.515,-0.0077,0,1,0
eval_00112.png,90.26,1,0.7992,0.6549,0.0742,1,1,0
eval_00113.png,231.98,0,0.1575,0.2964,-0.0379,0,0,0
eval_00114.png,139.4,1,0.833,0.7064,-0.0256,0,1,0
eval_00115.png,101.16,1,0.6941,0.5428,0.0525,1,1,0
eval_00116.png,169.79,1,0.7827,0.4492,0.0574,1,1,0
eval_00117.png,245.21,1,0.762,0.5804,0.0221,1,1,0
eval_00118.png,161.98,1,0.6875,0.4331,-0.0912,0,1,0
eval_00119.png,162.83,1,0.6846,0.6248,0.0123,1,1,0
eval_00120.png,98.31,1,0.7842,0.7085,0.1493,1,1,0
eval_00121.png,68.17,1,0.8361,0.6533,0.056,1,1,0
eval_00122.png,113.5,1,0.4706,0.5739,0.0198,1,1,0
eval_00123.png,140.06,1,0.7411,0.3828,0.044,1,1,0
eval_00124.png,117.72,1,0.696,0.5827,0.014,1,1,0
eval_00125.png,119.99,1,0.6681,0.6261,-0.0223,0,1,0
eval_00126.png,149.94,1,0.3257,0.2951,-0.0012,0,1,0
eval_00127.png,142.91,1,0.7334,0.5278,0.0827,1,1,0
eval_00128.png,117.9,1,0.6437,0.6352,0.0382,1,1,0
eval_00129.png,300.4,0,0.0834,0.1423,-0.0625,0,0,0
eval_00130.png,179.12,1,0.6728,0.4839,0.0624,1,1,0
eval_00131.png,212.06,1,0.7358,0.58,-0.096,0,1,0
eval_00132.png,82.48,0,0.4151,0.6612,-0.0044,0,1,1
eval_00133.png,174.17,1,0.897,0.7369,0.0381,1,1,0
eval_00134.png,119.88,1,0.3613,0.2891,0.1968,1,1,0
eval_00135.png,129.68,1,0.6237,0.5922,0.0522,1,1,0
eval_00136.png,338.77,0,0.0926,0.2043,-0.2969,0,0,0
eval_00137.png,306.66,0,0.3009,0.3351,-0.0391,0,0,0
eval_00138.png,39.61,1,0.8485,0.7868,-0.0503,0,1,0
eval_00139.png,229.46,1,0.7542,0.6143,-0.0219,0,1,0
eval_00140.png,107.33,1,0.6796,0.5958,0.0927,1,1,0
eval_00141.png,0.34,0,0.2093,0.2873,-0.0208,0,0,0
eval_00142.png,121.67,1,0.7548,0.7278,0.0902,1,1,0
eval_00143.png,220.67,1,0.8313,0.6251,0.0436,1,1,0
eval_00144.png,130.39,1,0.6559,0.6394,-0.0015,0,1,0
eval_00145.png,313.63,0,0.0952,0.3275,0.0022,1,0,0
eval_00146.png,177.34,1,0.7029,0.5864,-0.0273,0,1,0
eval_00147.png,149.69,1,0.7824,0.6637,0.2731,1,1,0
eval_00148.png,286.08,0,0.2596,0.3896,0.0313,1,0,0
eval_00149.png,96.68,1,0.7669,0.7529,0.037,1,1,0
eval_00150.png,153.9,1,0.6237,0.6083,0.1642,1,1,0
eval_00151.png,264.18,0,0.3506,0.2973,-0.0182,0,0,0
eval_00152.png,135.65,1,0.4719,0.4437,0.0347,1,0,1
eval_00153.png,179.6,1,0.7244,0.4777,0.2126,1,1,0
eval_00154.png,231.38,1,0.8172,0.5849,0.018,1,1,0
eval_00155.png,143.34,1,0.7303,0.599,0.335,1,1,0
eval_00156.png,123.29,1,0.5032,0.5025,-0.0083,0,1,0
eval_00157.png,99.65,1,0.6792,0.7398,0.0214,1,1,0
eval_00158.png,328.97,0,0.2107,0.3276,-0.1797,0,0,0
eval_00159.png,139.74,1,0.8248,0.4932,-0.026,0,1,0
eval_00160.png,231.35,1,0.888,0.7138,0.2424,1,1,0
eval_00161.png,177.77,1,0.7531,0.5994,0.0149,1,1,0
eval_00162.png,167.07,0,0.5551,0.7331,-0.0553,0,0,0
eval_00163.png,145.0,1,0.8345,0.5175,0.0549,1,1,0
eval_00164.png,230.94,1,0.9579,0.8666,0.0917,1,1,0
eval_00165.png,50.78,1,0.8148,0.683,0.0333,1,1,0
eval_00166.png,258.14,1,0.4846,0.3204,-0.042,0,0,1
eval_00167.png,7.93,1,0.636,0.6191,0.0555,1,1,0
eval_00168.png,181.84,1,0.8758,0.6369,-0.0007,0,1,0
eval_00169.png,140.12,1,0.7607,0.6943,0.016,1,1,0
eval_00170.png,304.94,0,0.327,0.1866,-0.2771,0,0,0
eval_00171.png,202.82,1,0.8788,0.8174,0.2609,1,1,0
eval_00172.png,127.17,1,0.7495,0.663,0.2965,1,1,0
eval_00173.png,146.89,1,0.7945,0.7145,0.1048,1,1,0
eval_00174.png,83.64,1,0.6751,0.5814,0.0418,1,1,0
eval_00175.png,168.85,1,0.5081,0.3392,0.0155,1,0,1
eval_00176.png,288.25,0,0.1758,0.1621,-0.0671,0,0,0
eval_00177.png,113.86,1,0.5862,0.5718,0.0399,1,1,0
eval_00178.png,112.05,1,0.6346,0.4267,0.0131,1,1,0
eval_00179.png,178.98,1,0.7608,0.7396,0.1866,1,1,0
eval_00180.png,270.33,0,0.2014,0.1739,-0.0729,0,0,0
eval_00181.png,333.79,0,0.1609,0.1617,-0.1838,0,0,0
eval_00182.png,127.85,1,0.8057,0.6894,0.2895,1,1,0
eval_00183.png,353.68,0,0.1537,0.4679,-0.0004,0,0,0
eval_00184.png,342.39,0,0.1016,0.3069,0.0529,1,0,0
eval_00185.png,163.23,1,0.5281,0.5457,-0.0005,0,1,0
eval_00186.png,136.21,1,0.6831,0.5562,0.4217,1,1,0
eval_00187.png,234.48,1,0.8239,0.5819,-0.0218,0,1,0
eval_00188.png,344.36,0,0.2434,0.6202,0.0189,1,0,0
eval_00189.png,16.53,1,0.7629,0.3146,-0.0421,0,1,0
eval_00190.png,41.15,1,0.6094,0.5496,-0.3573,0,1,0
eval_00191.png,146.84,1,0.7777,0.6559,0.1877,1,1,0
eval_00192.png,93.25,1,0.7214,0.7229,-0.1211,0,1,0
eval_00193.png,57.07,1,0.7793,0.7613,-0.1047,0,1,0
eval_00194.png,150.48,1,0.689,0.7156,0.0269,1,1,0
eval_00195.png,95.58,1,0.6733,0.7269,0.0336,1,1,0
eval_00196.png,121.58,1,0.6031,0.6507,0.005,1,1,0
eval_00197.png,270.41,1,0.6512,0.661,0.0903,1,1,0
eval_00198.png,150.26,1,0.7424,0.7939,0.0012,1,1,0
eval_00199.png,147.88,1,0.5551,0.273,0.019,1,0,1
eval_00200.png,235.28,1,0.4689,0.4036,-0.0137,0,0,1
eval_00201.png,68.17,1,0.7867,0.586,-0.0175,0,1,0
eval_00202.png,136.79,1,0.768,0.6993,0.1376,1,1,0
eval_00203.png,129.18,1,0.6558,0.6778,-0.01,0,1,0
eval_00204.png,175.9,1,0.7053,0.694,0.1089,1,1,0
eval_00205.png,121.48,1,0.7553,0.7119,0.0418,1,1,0
eval_00206.png,112.39,1,0.6227,0.5116,-0.0681,0,1,0
eval_00207.png,117.02,1,0.5205,0.4991,0.1181,1,1,0
eval_00208.png,172.79,1,0.7319,0.6254,0.3318,1,1,0
eval_00209.png,76.65,1,0.6998,0.574,0.0584,1,1,0
eval_00210.png,100.04,1,0.6015,0.6029,-0.0031,0,1,0
eval_00211.png,38.83,1,0.9049,0.8321,-0.1906,0,1,0
eval_00212.png,97.22,1,0.6267,0.6084,-0.024,0,1,0
eval_00213.png,127.25,1,0.8153,0.7277,-0.055,0,1,0
eval_00214.png,153.54,1,0.7666,0.8514,0.0526,1,1,0
eval_00215.png,139.14,1,0.6353,0.6018,0.0205,1,1,0
eval_00216.png,40.4,1,0.8407,0.6409,-0.0041,0,1,0
eval_00217.png,87.48,0,0.4851,0.5402,-0.0814,0,0,0
eval_00218.png,107.3,1,0.7483,0.686,-0.0215,0,1,0
eval_00219.png,96.69,1,0.6681,0.6332,-0.0025,0,1,0
eval_00220.png,228.04,1,0.793,0.6587,0.0216,1,1,0
eval_00221.png,132.38,1,0.5639,0.4428,0.0005,1,0,1
eval_00222.png,140.77,1,0.8068,0.6858,0.0173,1,1,0
eval_00223.png,171.66,1,0.6421,0.4446,-0.059,0,1,0
eval_00224.png,264.95,1,0.4762,0.4993,-0.0321,0,1,0
eval_00225.png,177.1,1,0.6709,0.6763,0.3978,1,1,0
eval_00226.png,86.27,1,0.6702,0.5668,0.0065,1,1,0
eval_00227.png,109.26,1,0.7479,0.6175,-0.0315,0,1,0
eval_00228.png,123.17,1,0.7572,0.7165,0.0961,1,1,0
eval_00229.png,28.76,1,0.8667,0.6333,0.0187,1,1,0
eval_00230.png,136.72,1,0.6686,0.4429,0.124,1,1,0
eval_00231.png,110.86,1,0.6908,0.5985,0.1298,1,1,0
eval_00232.png,104.5,1,0.7732,0.6296,-0.0169,0,1,0
eval_00233.png,30.13,1,0.5974,0.4112,-0.0206,0,0,1
eval_00234.png,327.35,0,0.0645,0.0731,-0.1309,0,0,0
eval_00235.png,13.22,0,0.2113,0.2039,-0.3154,0,0,0
eval_00236.png,172.27,1,0.555,0.3641,0.0197,1,0,1
eval_00237.png,233.71,1,0.7751,0.57,0.1427,1,1,0
eval_00238.png,157.32,1,0.8115,0.6211,-0.0191,0,1,0
eval_00239.png,146.48,1,0.6593,0.6658,0.0192,1,1,0
eval_00240.png,108.84,1,0.6977,0.5611,0.0116,1,1,0
eval_00241.png,147.36,1,0.7065,0.6177,0.1198,1,1,0
eval_00242.png,80.43,1,0.6144,0.7041,0.032,1,1,0
eval_00243.png,101.7,1,0.7498,0.665,-0.015,0,1,0
eval_00244.png,127.96,1,0.8002,0.5821,-0.0182,0,1,0
eval_00245.png,142.23,1,0.7868,0.5272,-0.03,0,1,0
eval_00246.png,147.04,1,0.8647,0.5174,0.0797,1,1,0
eval_00247.png,150.91,1,0.6755,0.4492,-0.0004,0,1,0
eval_00248.png,262.54,0,0.3974,0.4847,0.0136,1,0,0
eval_00249.png,90.81,1,0.7194,0.5216,0.0043,1,1,0
eval_00250.png,345.07,0,0.4786,0.411,0.0256,1,0,0
eval_00251.png,96.36,1,0.8527,0.7981,0.0186,1,1,0
eval_00252.png,164.89,1,0.7876,0.6851,0.2158,1,1,0
eval_00253.png,356.11,0,0.3034,0.483,-0.271,0,0,0
eval_00254.png,176.19,1,0.8054,0.6407,0.0232,1,1,0
eval_00255.png,146.86,1,0.5679,0.4355,0.0572,1,1,0
eval_00256.png,182.77,0,0.4426,0.3253,-0.107,0,0,0
eval_00257.png,92.84,1,0.7158,0.6433,-0.0353,0,1,0
eval_00258.png,98.31,1,0.5898,0.4395,-0.1026,0,0,1
eval_00259.png,171.58,1,0.8209,0.8058,-0.0193,0,1,0
eval_00260.png,100.57,1,0.8036,0.7255,-0.0481,0,1,0
eval_00261.png,117.15,1,0.6257,0.5416,0.016,1,1,0
eval_00262.png,47.91,1,0.8306,0.8264,-0.1401,0,1,0
eval_00263.png,99.16,1,0.8283,0.7509,0.0025,1,1,0
eval_00264.png,58.22,1,0.6166,0.5373,0.0058,1,1,0
eval_00265.png,214.17,1,0.7925,0.7333,0.3527,1,1,0
eval_00266.png,171.57,1,0.4282,0.4375,0.0945,1,1,0
eval_00267.png,165.29,1,0.6473,0.5212,-0.0367,0,1,0
eval_00268.png,153.76,1,0.792,0.7425,0.1021,1,1,0
eval_00269.png,107.79,1,0.6407,0.4417,0.0535,1,1,0
eval_00270.png,117.89,1,0.6272,0.559,-0.0265,0,1,0
eval_00271.png,101.36,1,0.6666,0.5655,0.0904,1,1,0
eval_00272.png,128.87,1,0.6761,0.6512,0.072,1,1,0
eval_00273.png,153.96,1,0.6905,0.6268,0.2034,1,1,0
eval_00274.png,83.15,1,0.8719,0.9252,-0.1982,0,1,0
eval_00275.png,279.24,0,0.3362,0.435,-0.0467,0,0,0
eval_00276.png,46.96,1,0.886,0.7403,-0.0063,0,1,0
eval_00277.png,124.91,1,0.5429,0.4049,-0.0077,0,0,1
eval_00278.png,145.25,1,0.5444,0.3792,0.1343,1,1,0
eval_00279.png,200.93,1,0.4754,0.4465,0.0474,1,1,0
eval_00280.png,119.59,1,0.6348,0.5309,0.0243,1,1,0
eval_00281.png,269.68,0,0.1413,0.1399,-0.0483,0,0,0
eval_00282.png,238.26,1,0.8108,0.7532,-0.0077,0,1,0
eval_00283.png,107.27,1,0.7255,0.5918,0.065,1,1,0
eval_00284.png,169.77,1,0.8297,0.8092,0.3586,1,1,0
eval_00285.png,110.2,1,0.8599,0.8074,0.0563,1,1,0
eval_00286.png,145.63,1,0.7375,0.7419,0.0278,1,1,0
eval_00287.png,125.31,1,0.6635,0.4741,0.0771,1,1,0
eval_00288.png,173.18,1,0.841,0.6369,0.002,1,1,0
eval_00289.png,112.81,1,0.7838,0.5855,-0.0199,0,1,0
eval_00290.png,132.1,1,0.6562,0.6201,0.1279,1,1,0
eval_00291.png,264.14,1,0.6972,0.5888,-0.0142,0,1,0
eval_00292.png,202.25,1,0.9076,0.882,0.2588,1,1,0
eval_00293.png,48.35,1,0.8342,0.6037,-0.1332,0,1,0
eval_00294.png,44.82,1,0.8514,0.843,-0.0549,0,1,0
eval_00295.png,108.5,1,0.5601,0.443,0.0559,1,1,0
eval_00296.png,92.93,1,0.8307,0.7463,0.0034,1,1,0
eval_00297.png,176.11,1,0.8017,0.5529,0.0456,1,1,0
eval_00298.png,333.94,0,0.1208,0.2648,-0.0434,0,0,0
eval_00299.png,238.08,0,0.5006,0.5839,-0.0237,0,1,1
eval_00300.png,162.13,1,0.697,0.5169,-0.0034,0,1,0
eval_00301.png,99.14,1,0.6123,0.5581,0.1446,1,1,0
eval_00302.png,162.19,1,0.4995,0.438,0.0618,1,1,0
eval_00303.png,119.51,1,0.7462,0.6059,0.001,1,1,0
eval_00304.png,188.35,1,0.6793,0.7193,0.0427,1,1,0
eval_00305.png,140.92,1,0.8444,0.7931,0.0353,1,1,0
eval_00306.png,2.03,0,0.3689,0.3329,-0.0178,0,0,0
eval_00307.png,0.41,0,0.4999,0.5936,-0.3351,0,0,0
eval_00308.png,26.39,1,0.8285,0.8199,-0.1535,0,1,0
eval_00309.png,121.45,1,0.8581,0.7319,0.0131,1,1,0
eval_00310.png,158.19,1,0.6241,0.6415,0.2486,1,1,0
eval_00311.png,207.26,1,0.7654,0.7494,0.0095,1,1,0
eval_00312.png,36.01,1,0.5795,0.514,-0.1651,0,0,1
eval_00313.png,35.16,1,0.8082,0.5171,-0.0114,0,1,0
eval_00314.png,178.98,1,0.6127,0.7575,0.0208,1,1,0
eval_00315.png,28.96,1,0.7539,0.5981,0.0171,1,1,0
eval_00316.png,120.75,1,0.4733,0.3745,0.045,1,1,0
eval_00317.png,67.09,1,0.8625,0.8569,-0.1336,0,1,0
eval_00318.png,253.2,1,0.3827,0.4726,0.0045,1,1,0
eval_00319.png,42.79,1,0.8948,0.7607,-0.0699,0,1,0
eval_00320.png,30.48,1,0.8535,0.8092,-0.1,0,1,0
eval_00321.png,117.32,0,0.3287,0.3821,-0.0879,0,0,0
eval_00322.png,129.01,1,0.8474,0.7994,0.0049,1,1,0
eval_00323.png,117.53,1,0.712,0.6672,0.0293,1,1,0
eval_00324.png,172.85,1,0.6524,0.4079,-0.0068,0,1,0
eval_00325.png,168.99,1,0.7563,0.5209,0.1475,1,1,0
eval_00326.png,122.75,1,0.6585,0.6436,-0.0639,0,1,0
eval_00327.png,352.7,0,0.4478,0.6025,-0.0012,0,1,1
eval_00328.png,114.95,1,0.8337,0.7776,0.0929,1,1,0
eval_00329.png,333.38,0,0.0742,0.1251,-0.1489,0,0,0
eval_00330.png,136.76,1,0.5054,0.6107,0.268,1,1,0
eval_00331.png,129.32,1,0.5887,0.469,-0.0242,0,0,1
eval_00332.png,175.98,1,0.6194,0.633,-0.0081,0,1,0
eval_00333.png,222.49,1,0.9264,0.5863,0.0014,1,1,0
eval_00334.png,130.4,1,0.7943,0.6701,-0.0315,0,1,0
eval_00335.png,178.59,1,0.7612,0.7687,0.1198,1,1,0
eval_00336.png,11.32,0,0.6219,0.7054,-0.3035,0,0,0
eval_00337.png,114.1,1,0.7421,0.6169,0.0909,1,1,0
eval_00338.png,109.47,1,0.6013,0.6797,0.0028,1,1,0
eval_00339.png,181.43,1,0.7024,0.5818,-0.0297,0,1,0
eval_00340.png,220.15,1,0.888,0.6225,-0.0111,0,1,0
eval_00341.png,269.31,1,0.4746,0.477,0.0371,1,1,0
eval_00342.png,99.68,1,0.6686,0.6258,-0.0369,0,1,0
eval_00343.png,315.12,0,0.3865,0.4286,0.0038,1,0,0
eval_00344.png,119.52,1,0.6801,0.7157,0.032,1,1,0
eval_00345.png,130.87,1,0.7802,0.7,-0.0145,0,1,0
eval_00346.png,264.36,0,0.4006,0.4529,0.0005,1,0,0
eval_00347.png,105.09,1,0.7666,0.6707,0.0159,1,1,0
eval_00348.png,256.39,0,0.3695,0.3156,-0.1242,0,0,0
eval_00349.png,194.19,1,0.7615,0.6899,-0.0333,0,1,0
eval_00350.png,145.09,1,0.6349,0.5048,0.0795,1,1,0
eval_00351.png,147.47,1,0.6054,0.4065,-0.1481,0,1,0
eval_00352.png,111.52,1,0.7839,0.7422,0.3037,1,1,0
eval_00353.png,299.36,0,0.1901,0.4314,-0.0119,0,0,0
eval_00354.png,319.81,0,0.182,0.3123,0.0347,1,0,0
eval_00355.png,149.4,1,0.7466,0.5673,-0.0392,0,1,0
eval_00356.png,93.98,1,0.6534,0.5548,0.1953,1,1,0
eval_00357.png,307.33,0,0.2163,0.4049,0.0526,1,0,0
eval_00358.png,68.16,1,0.6046,0.6369,-0.0805,0,1,0
eval_00359.png,295.43,0,0.1336,0.3306,0.0982,1,0,0
eval_00360.png,188.83,1,0.689,0.7289,0.0264,1,1,0
eval_00361.png,113.64,1,0.6893,0.6351,-0.0175,0,1,0
eval_00362.png,100.81,1,0.7262,0.6683,-0.0252,0,1,0
eval_00363.png,157.42,1,0.7816,0.6673,0.0854,1,1,0
eval_00364.png,158.84,1,0.8264,0.7102,0.1239,1,1,0
eval_00365.png,147.95,1,0.5494,0.7132,0.3738,1,1,0
eval_00366.png,133.86,1,0.8396,0.6302,0.1412,1,1,0
eval_00367.png,113.1,1,0.7762,0.528,-0.0266,0,1,0
eval_00368.png,157.56,1,0.874,0.6167,0.1076,1,1,0
eval_00369.png,330.11,0,0.3454,0.4246,0.0418,1,0,0
eval_00370.png,128.44,1,0.7847,0.7929,0.0201,1,1,0
eval_00371.png,311.21,0,0.121,0.2689,-0.0033,0,0,0
eval_00372.png,345.5,0,0.1585,0.2553,-0.0484,0,0,0
eval_00373.png,165.45,1,0.827,0.5007,0.016,1,1,0
eval_00374.png,202.97,1,0.911,0.8842,0.1799,1,1,0
eval_00375.png,332.36,0,0.2111,0.3432,0.0502,1,0,0
eval_00376.png,3.45,1,0.7587,0.7191,-0.2432,0,1,0
eval_00377.png,179.26,1,0.6162,0.6409,-0.0086,0,1,0
eval_00378.png,141.39,1,0.552,0.3822,0.007,1,0,1
eval_00379.png,101.17,1,0.5792,0.3898,-0.0312,0,0,1
eval_00380.png,64.97,1,0.7678,0.7674,0.0018,1,1,0
eval_00381.png,180.91,1,0.7762,0.7215,0.4232,1,1,0
eval_00382.png,154.78,1,0.8361,0.8047,0.2908,1,1,0
eval_00383.png,93.35,1,0.7357,0.7275,0.0771,1,1,0
eval_00384.png,155.5,1,0.7581,0.7756,0.11,1,1,0
eval_00385.png,259.02,0,0.7024,0.8671,-0.0306,0,0,0
eval_00386.png,118.9,1,0.6726,0.6252,0.2151,1,1,0
eval_00387.png,158.86,1,0.789,0.7703,0.1506,1,1,0
eval_00388.png,120.51,1,0.8118,0.6278,0.0132,1,1,0
eval_00389.png,134.9,1,0.8427,0.7449,-0.0843,0,1,0
eval_00390.png,45.93,1,0.6398,0.5555,0.0264,1,1,0
eval_00391.png,48.92,1,0.7684,0.6906,0.0227,1,1,0
eval_00392.png,359.58,1,0.7914,0.6294,-0.3278,0,1,0
eval_00393.png,165.95,1,0.8093,0.755,-0.0164,0,1,0
eval_00394.png,138.02,1,0.7796,0.7346,-0.0256,0,1,0
eval_00395.png,138.1,1,0.7785,0.7239,0.1733,1,1,0
eval_00396.png,173.96,1,0.7236,0.6999,-0.0021,0,1,0
eval_00397.png,169.9,0,0.4016,0.3185,-0.2311,0,0,0
eval_00398.png,225.84,1,0.9376,0.814,0.0843,1,1,0
eval_00399.png,170.0,1,0.7085,0.6656,0.2439,1,1,0
eval_00400.png,157.49,1,0.8862,0.6953,-0.0256,0,1,0
eval_00401.png,97.87,1,0.7645,0.5493,-0.0339,0,1,0
eval_00402.png,117.7,1,0.653,0.5539,0.0039,1,1,0
eval_00403.png,98.72,1,0.795,0.7702,0.0175,1,1,0
eval_00404.png,135.12,1,0.6883,0.5573,-0.001,0,1,0
eval_00405.png,136.99,1,0.8843,0.6885,0.1508,1,1,0
eval_00406.png,27.22,0,0.5892,0.4717,-0.0496,0,0,0
eval_00407.png,16.69,1,0.6291,0.7537,0.0776,1,1,0
eval_00408.png,147.85,1,0.6848,0.4544,-0.0153,0,1,0
eval_00409.png,302.24,0,0.1932,0.4863,0.0031,1,0,0
eval_00410.png,49.88,1,0.85,0.741,0.0118,1,1,0
eval_00411.png,104.87,1,0.7133,0.5601,-0.0054,0,1,0
eval_00412.png,92.44,1,0.6006,0.5272,0.042,1,1,0
eval_00413.png,14.59,1,0.6126,0.5887,0.1275,1,1,0
eval_00414.png,101.05,1,0.8224,0.8201,-0.0051,0,1,0
eval_00415.png,132.26,1,0.8415,0.5793,0.048,1,1,0
eval_00416.png,153.5,1,0.8793,0.7495,-0.0061,0,1,0
eval_00417.png,170.87,1,0.7959,0.6346,-0.0341,0,1,0
eval_00418.png,92.33,1,0.7052,0.6525,0.1061,1,1,0
eval_00419.png,96.7,1,0.8753,0.8472,-0.0337,0,1,0
eval_00420.png,1.12,1,0.7361,0.8214,-0.3036,0,1,0
eval_00421.png,110.02,1,0.7026,0.6564,0.0701,1,1,0
eval_00422.png,168.76,1,0.5769,0.7044,0.2074,1,1,0
eval_00423.png,19.2,1,0.5941,0.4463,0.2255,1,1,0
eval_00424.png,164.85,1,0.8647,0.7602,-0.0114,0,1,0
eval_00425.png,249.34,1,0.4423,0.5414,0.0451,1,1,0
eval_00426.png,167.14,1,0.84,0.7228,-0.0171,0,1,0
eval_00427.png,118.44,1,0.735,0.7646,0.0093,1,1,0
eval_00428.png,117.43,1,0.7025,0.6677,0.0167,1,1,0
eval_00429.png,85.77,1,0.7954,0.7698,0.021,1,1,0
eval_00430.png,270.11,1,0.3968,0.3656,0.0354,1,1,0
eval_00431.png,120.32,1,0.6784,0.7036,-0.0106,0,1,0
eval_00432.png,56.01,1,0.7748,0.8642,0.2737,1,1,0
eval_00433.png,245.22,1,0.8729,0.7464,0.034,1,1,0
eval_00434.png,132.18,1,0.72,0.5853,-0.0526,0,1,0
eval_00435.png,29.41,1,0.8869,0.705,-0.0386,0,1,0
eval_00436.png,10.45,1,0.3742,0.3429,0.0594,1,1,0
eval_00437.png,340.24,0,0.2614,0.2804,-0.2026,0,0,0
eval_00438.png,133.98,1,0.6601,0.7313,0.0389,1,1,0
eval_00439.png,95.42,1,0.7708,0.6062,-0.0092,0,1,0
eval_00440.png,222.97,1,0.853,0.7027,0.0159,1,1,0
eval_00441.png,144.94,1,0.7903,0.669,-0.0229,0,1,0
eval_00442.png,170.7,1,0.8711,0.7202,0.106,1,1,0
eval_00443.png,169.77,1,0.8245,0.8018,0.1391,1,1,0
eval_00444.png,112.34,1,0.6064,0.5885,-0.0157,0,1,0
eval_00445.png,6.61,0,0.3117,0.2777,-0.0206,0,0,0
eval_00446.png,138.98,1,0.6838,0.6728,-0.0164,0,1,0
eval_00447.png,113.4,1,0.6964,0.6584,0.0943,1,1,0
eval_00448.png,69.41,1,0.7721,0.7341,-0.0681,0,1,0
eval_00449.png,176.79,1,0.8396,0.6679,0.0521,1,1,0
eval_00450.png,138.56,1,0.8382,0.8009,-0.0241,0,1,0
eval_00451.png,111.05,1,0.7517,0.6643,0.067,1,1,0
eval_00452.png,212.14,1,0.7123,0.6745,0.1811,1,1,0
eval_00453.png,144.81,1,0.5887,0.603,-0.0138,0,1,0
eval_00454.png,91.73,1,0.6631,0.5796,0.0028,1,1,0
eval_00455.png,170.43,1,0.7644,0.73,0.0522,1,1,0
eval_00456.png,85.08,1,0.5702,0.4754,-0.0025,0,1,0
eval_00457.png,118.79,1,0.6578,0.6349,-0.0028,0,1,0
eval_00458.png,335.68,0,0.2335,0.2838,-0.1364,0,0,0
eval_00459.png,136.14,1,0.7293,0.4608,-0.01,0,1,0
eval_00460.png,150.33,1,0.7058,0.6143,-0.0222,0,1,0
eval_00461.png,95.61,1,0.704,0.6227,-0.003,0,1,0
eval_00462.png,116.47,1,0.7545,0.7599,-0.0248,0,1,0
eval_00463.png,134.37,1,0.6743,0.5533,0.1658,1,1,0
eval_00464.png,89.47,1,0.7711,0.5633,0.0236,1,1,0
eval_00465.png,160.56,1,0.7136,0.6105,-0.0068,0,1,0
eval_00466.png,145.97,1,0.8648,0.8523,0.0227,1,1,0
eval_00467.png,106.62,1,0.7805,0.5709,-0.0549,0,1,0
eval_00468.png,168.73,1,0.5711,0.5834,0.0028,1,1,0
eval_00469.png,154.15,1,0.6255,0.4776,-0.4046,0,1,0
eval_00470.png,129.15,1,0.8023,0.6993,0.0221,1,1,0
eval_00471.png,111.47,1,0.6444,0.5814,0.0037,1,1,0
eval_00472.png,119.29,1,0.734,0.6977,0.0598,1,1,0
eval_00473.png,147.97,1,0.86,0.6991,-0.0132,0,1,0
eval_00474.png,21.11,1,0.643,0.517,-0.1854,0,1,0
eval_00475.png,294.97,0,0.1389,0.2206,-0.1054,0,0,0
eval_00476.png,131.25,1,0.5918,0.6034,0.1548,1,1,0
eval_00477.png,163.51,1,0.6456,0.6135,-0.0169,0,1,0
eval_00478.png,170.63,1,0.7699,0.6318,0.0053,1,1,0
eval_00479.png,90.65,1,0.6844,0.6844,0.0984,1,1,0
eval_00480.png,154.03,1,0.6746,0.7377,0.21,1,1,0
eval_00481.png,195.08,1,0.8242,0.684,0.201,1,1,0
eval_00482.png,234.06,1,0.5498,0.4537,0.0,0,0,1
eval_00483.png,159.06,1,0.8282,0.6269,-0.0348,0,1,0
eval_00484.png,97.82,1,0.6608,0.568,-0.0294,0,1,0
eval_00485.png,212.08,1,0.8009,0.3708,-0.0031,0,1,0
eval_00486.png,282.67,1,0.3856,0.4756,0.0758,1,1,0
eval_00487.png,163.61,1,0.7038,0.7348,0.0159,1,1,0
eval_00488.png,119.51,1,0.7504,0.6265,-0.0226,0,1,0
eval_00489.png,92.17,1,0.7401,0.7716,0.0123,1,1,0
eval_00490.png,106.69,1,0.7533,0.7682,-0.0702,0,1,0
eval_00491.png,12.59,1,0.5652,0.5001,0.0012,1,1,0
eval_00492.png,170.7,1,0.7382,0.7591,-0.0299,0,1,0
eval_00493.png,104.02,1,0.7033,0.5797,0.1067,1,1,0
eval_00494.png,116.33,1,0.6418,0.5845,0.0958,1,1,0
eval_00495.png,101.38,1,0.7822,0.7887,0.062,1,1,0
eval_00496.png,137.82,1,0.8258,0.793,0.0243,1,1,0
eval_00497.png,220.04,1,0.5052,0.4875,0.054,1,1,0
eval_00498.png,163.92,1,0.7724,0.6781,-0.0265,0,1,0
eval_00499.png,183.56,1,0.7712,0.8834,0.1094,1,1,0
eval_00500.png,155.8,1,0.7147,0.6269,-0.0109,0,1,0
eval_00501.png,195.73,1,0.8405,0.8704,0.3417,1,1,0
eval_00502.png,172.87,1,0.744,0.5625,0.0242,1,1,0
eval_00503.png,93.91,1,0.7524,0.5531,0.0122,1,1,0
eval_00504.png,344.04,0,0.2566,0.3943,-0.0057,0,0,0
eval_00505.png,66.42,1,0.8099,0.7411,-0.0026,0,1,0
eval_00506.png,146.55,1,0.4727,0.4367,0.1839,1,1,0
eval_00507.png,53.2,1,0.85,0.806,-0.0898,0,1,0
eval_00508.png,114.09,1,0.8431,0.8311,-0.0272,0,1,0
eval_00509.png,15.62,1,0.6739,0.3851,0.0603,1,1,0
eval_00510.png,138.65,1,0.6171,0.5825,0.2395,1,1,0
eval_00511.png,140.95,1,0.6521,0.5832,0.1546,1,1,0
eval_00512.png,161.91,1,0.6148,0.5079,0.1749,1,1,0
eval_00513.png,154.42,0,0.367,0.4475,-0.1122,0,0,0
eval_00514.png,89.77,1,0.7516,0.6666,-0.0163,0,1,0
eval_00515.png,96.94,1,0.4957,0.4908,0.0641,1,1,0
eval_00516.png,112.51,1,0.7567,0.7479,0.044,1,1,0
eval_00517.png,167.14,1,0.7476,0.7021,0.308,1,1,0
eval_00518.png,90.79,1,0.7191,0.6443,-0.0984,0,1,0
eval_00519.png,337.44,0,0.0569,0.0602,-0.2668,0,0,0
eval_00520.png,131.49,1,0.7918,0.6161,-0.0316,0,1,0
eval_00521.png,224.91,1,0.7273,0.7841,-0.3406,0,1,0
eval_00522.png,115.56,0,0.4971,0.6591,0.1145,1,1,1
eval_00523.png,295.89,0,0.1782,0.3344,0.0252,1,0,0
eval_00524.png,118.88,1,0.7336,0.6445,-0.024,0,1,0
eval_00525.png,113.17,1,0.6421,0.5814,0.0025,1,1,0
eval_00526.png,123.82,1,0.5346,0.6429,0.0078,1,1,0
eval_00527.png,161.04,1,0.825,0.7591,0.2333,1,1,0
eval_00528.png,121.71,1,0.5672,0.5062,0.0352,1,1,0
eval_00529.png,159.75,1,0.6289,0.5604,-0.0424,0,1,0
eval_00530.png,201.24,1,0.8021,0.636,0.0069,1,1,0
eval_00531.png,116.63,1,0.6733,0.6718,-0.0005,0,1,0
eval_00532.png,50.78,1,0.8013,0.6725,0.0028,1,1,0
eval_00533.png,122.87,0,0.5171,0.7471,0.1048,1,1,1
eval_00534.png,146.72,1,0.7269,0.6893,0.0204,1,1,0
eval_00535.png,131.33,1,0.7964,0.6797,0.001,1,1,0
eval_00536.png,341.6,1,0.5018,0.348,0.0234,1,0,1
eval_00537.png,228.32,1,0.6752,0.7125,0.0254,1,1,0
eval_00538.png,98.12,1,0.7851,0.7418,-0.0229,0,1,0
eval_00539.png,171.87,1,0.648,0.6073,-0.0341,0,1,0
eval_00540.png,237.66,0,0.3991,0.412,-0.029,0,0,0
eval_00541.png,124.6,1,0.792,0.6703,-0.027,0,1,0
eval_00542.png,153.13,1,0.7401,0.6038,0.2133,1,1,0
eval_00543.png,170.29,1,0.8213,0.6909,0.078,1,1,0
eval_00544.png,352.92,0,0.1572,0.2159,-0.0226,0,0,0
eval_00545.png,73.61,1,0.8458,0.7723,0.0833,1,1,0
eval_00546.png,96.67,1,0.797,0.7319,-0.0287,0,1,0
eval_00547.png,124.44,1,0.5709,0.5437,-0.0334,0,1,0
eval_00548.png,301.85,0,0.2563,0.3862,0.0012,1,0,0
eval_00549.png,324.43,0,0.1251,0.429,-0.0963,0,0,0
eval_00550.png,148.24,1,0.7893,0.7088,-0.0679,0,1,0
eval_00551.png,92.69,1,0.7697,0.7481,-0.015,0,1,0
eval_00552.png,158.24,1,0.8615,0.6821,0.1984,1,1,0
eval_00553.png,175.77,1,0.7827,0.8775,0.3412,1,1,0
eval_00554.png,123.44,1,0.7089,0.4632,0.0734,1,1,0
eval_00555.png,123.26,1,0.6041,0.3886,0.1423,1,1,0
eval_00556.png,158.32,1,0.9135,0.7437,0.194,1,1,0
eval_00557.png,227.08,1,0.5228,0.6466,-0.0196,0,1,0
eval_00558.png,124.22,1,0.6909,0.6506,0.1306,1,1,0
eval_00559.png,135.45,1,0.7542,0.6465,0.165,1,1,0
eval_00560.png,207.17,1,0.3939,0.4639,0.0701,1,1,0
eval_00561.png,160.99,1,0.7441,0.5671,0.1429,1,1,0
eval_00562.png,69.33,1,0.719,0.7189,0.0152,1,1,0
eval_00563.png,103.46,1,0.6506,0.7114,-0.1411,0,1,0
eval_00564.png,115.8,1,0.597,0.4654,0.0674,1,1,0
eval_00565.png,95.75,1,0.7622,0.6058,-0.0046,0,1,0
eval_00566.png,220.63,1,0.81,0.7373,0.3665,1,1,0
eval_00567.png,345.44,0,0.1012,0.1868,-0.1312,0,0,0
eval_00568.png,138.62,1,0.7221,0.541,0.063,1,1,0
eval_00569.png,86.52,1,0.8275,0.6626,-0.0167,0,1,0
eval_00570.png,150.81,1,0.788,0.6745,-0.0085,0,1,0
eval_00571.png,192.59,1,0.6244,0.7173,0.0338,1,1,0
eval_00572.png,219.44,1,0.8986,0.8315,0.1362,1,1,0
eval_00573.png,78.57,1,0.8744,0.8706,0.0169,1,1,0
eval_00574.png,326.25,0,0.0722,0.3116,0.0222,1,0,0
eval_00575.png,90.84,1,0.8161,0.7306,-0.0988,0,1,0
eval_00576.png,191.33,1,0.5048,0.5093,0.0319,1,1,0
eval_00577.png,145.8,1,0.7544,0.7739,0.0536,1,1,0
eval_00578.png,319.93,0,0.1415,0.3377,0.0069,1,0,0
eval_00579.png,147.97,1,0.7953,0.6622,0.0008,1,1,0
eval_00580.png,175.87,1,0.8407,0.8177,0.1881,1,1,0
eval_00581.png,179.78,1,0.6721,0.5916,0.0151,1,1,0
eval_00582.png,43.59,0,0.4321,0.4292,-0.0887,0,0,0
eval_00583.png,91.91,1,0.6977,0.3995,0.0222,1,1,0
eval_00584.png,130.46,1,0.6801,0.6322,-0.0884,0,1,0
eval_00585.png,111.37,1,0.705,0.6977,0.022,1,1,0
eval_00586.png,142.89,1,0.6763,0.6701,0.0261,1,1,0
eval_00587.png,166.66,1,0.7055,0.6692,-0.1595,0,1,0
eval_00588.png,106.09,1,0.7837,0.65,-0.0141,0,1,0
eval_00589.png,161.34,1,0.8238,0.6814,-0.004,0,1,0
eval_00590.png,143.02,1,0.5944,0.5491,0.1347,1,1,0
eval_00591.png,301.22,1,0.3612,0.3957,0.0659,1,1,0
eval_00592.png,163.98,1,0.7201,0.6794,0.0094,1,1,0
eval_00593.png,160.35,1,0.7798,0.4,0.0919,1,1,0
eval_00594.png,14.65,0,0.3835,0.2592,-0.2295,0,0,0
eval_00595.png,2.21,1,0.59,0.5214,-0.0035,0,1,0
eval_00596.png,169.32,1,0.6952,0.6718,0.0115,1,1,0
eval_00597.png,348.39,0,0.2047,0.3536,-0.0556,0,0,0
eval_00598.png,314.85,0,0.1832,0.2417,0.0138,1,0,0
eval_00599.png,166.88,1,0.7779,0.59,0.0588,1,1,0
eval_00600.png,162.33,1,0.5995,0.3199,-0.1469,0,0,1
eval_00601.png,163.88,1,0.5283,0.487,-0.0062,0,1,0
eval_00602.png,165.07,1,0.7284,0.61,0.0136,1,1,0
eval_00603.png,153.32,1,0.5518,0.4089,0.0549,1,1,0
eval_00604.png,261.15,1,0.6681,0.7001,-0.0384,0,1,0
eval_00605.png,156.22,1,0.8237,0.5898,-0.0329,0,1,0
eval_00606.png,80.03,1,0.7132,0.6428,0.0661,1,1,0
eval_00607.png,302.26,0,0.384,0.597,0.0535,1,0,0
eval_00608.png,112.8,1,0.7467,0.6438,0.1241,1,1,0
eval_00609.png,151.69,1,0.7316,0.5902,0.1334,1,1,0
eval_00610.png,109.94,1,0.6523,0.696,0.1598,1,1,0
eval_00611.png,9.23,1,0.7037,0.5715,0.0122,1,1,0
eval_00612.png,173.21,1,0.8483,0.46,0.0149,1,1,0
eval_00613.png,141.3,1,0.8926,0.6463,0.1041,1,1,0
eval_00614.png,332.75,0,0.2216,0.3884,0.0172,1,0,0
eval_00615.png,134.88,1,0.7117,0.5133,0.0097,1,1,0
eval_00616.png,141.17,1,0.6977,0.647,0.0191,1,1,0
eval_00617.png,98.7,1,0.7,0.4023,0.1163,1,1,0
eval_00618.png,38.63,0,0.58,0.6369,0.0289,1,1,1
eval_00619.png,151.82,1,0.6575,0.5975,-0.3093,0,1,0
eval_00620.png,107.84,1,0.5104,0.4899,0.0181,1,1,0
eval_00621.png,11.3,1,0.7016,0.6888,-0.0533,0,1,0
eval_00622.png,302.56,0,0.2409,0.24,-0.0401,0,0,0
eval_00623.png,105.69,1,0.6058,0.5102,-0.0008,0,1,0
eval_00624.png,101.98,1,0.7579,0.5575,0.0426,1,1,0
eval_00625.png,239.42,1,0.8745,0.9262,0.3272,1,1,0
eval_00626.png,189.74,1,0.4636,0.617,-0.0141,0,1,0
eval_00627.png,11.28,0,0.4566,0.5769,-0.4276,0,0,0
eval_00628.png,250.97,1,0.8286,0.7192,0.0655,1,1,0
eval_00629.png,98.96,1,0.7963,0.7937,0.0768,1,1,0
eval_00630.png,322.35,0,0.4703,0.4201,-0.4244,0,0,0
eval_00631.png,133.95,1,0.5576,0.5706,0.1904,1,1,0
eval_00632.png,255.23,1,0.7134,0.6253,-0.0165,0,1,0
eval_00633.png,172.78,1,0.7618,0.7695,0.3482,1,1,0
eval_00634.png,8.63,1,0.6012,0.5482,0.045,1,1,0
eval_00635.png,159.38,1,0.7845,0.5508,0.0753,1,1,0
eval_00636.png,91.83,1,0.8369,0.7111,-0.0709,0,1,0
eval_00637.png,206.58,1,0.8606,0.808,-0.0066,0,1,0
eval_00638.png,50.78,1,0.8051,0.7594,-0.0064,0,1,0
eval_00639.png,138.91,1,0.6643,0.6069,0.0008,1,1,0
eval_00640.png,137.35,1,0.573,0.4689,0.2358,1,1,0
eval_00641.png,137.46,1,0.4044,0.5252,0.154,1,1,0
eval_00642.png,122.85,1,0.7396,0.68,0.1569,1,1,0
eval_00643.png,177.12,1,0.7642,0.7926,0.0209,1,1,0
eval_00644.png,163.97,1,0.775,0.6924,-0.1095,0,1,0
eval_00645.png,18.85,1,0.6851,0.3752,0.0288,1,1,0
eval_00646.png,125.19,1,0.5931,0.5649,0.093,1,1,0
eval_00647.png,148.24,1,0.8382,0.7874,0.1496,1,1,0
eval_00648.png,164.53,1,0.6558,0.5894,0.049,1,1,0
eval_00649.png,251.21,1,0.7437,0.7223,0.0477,1,1,0
eval_00650.png,40.74,1,0.7984,0.6613,-0.4875,0,1,0
eval_00651.png,41.71,1,0.8208,0.7636,0.0332,1,1,0
eval_00652.png,57.19,1,0.6837,0.6164,-0.0125,0,1,0
eval_00653.png,238.5,1,0.5427,0.6475,-0.0745,0,0,1
eval_00654.png,295.59,0,0.1777,0.1894,-0.087,0,0,0
eval_00655.png,119.11,1,0.7467,0.7393,0.0045,1,1,0
eval_00656.png,124.9,1,0.6542,0.6807,0.0347,1,1,0
eval_00657.png,276.85,1,0.6176,0.6006,0.0588,1,1,0
eval_00658.png,309.73,0,0.326,0.2322,0.1258,1,0,0
eval_00659.png,128.93,1,0.9169,0.7826,0.1099,1,1,0
eval_00660.png,170.8,1,0.7324,0.5837,0.2228,1,1,0
eval_00661.png,123.05,1,0.7129,0.6106,-0.0201,0,1,0
eval_00662.png,114.73,1,0.5959,0.5464,-0.0007,0,1,0
eval_00663.png,358.13,1,0.6758,0.7308,-0.1881,0,1,0
eval_00664.png,127.8,1,0.8399,0.7284,-0.0127,0,1,0
eval_00665.png,172.89,1,0.7717,0.6318,0.2778,1,1,0
eval_00666.png,337.85,0,0.1687,0.2647,-0.0829,0,0,0
eval_00667.png,163.71,1,0.7473,0.6729,-0.0527,0,1,0
eval_00668.png,355.92,0,0.3751,0.5862,0.0058,1,0,0
eval_00669.png,113.8,1,0.7553,0.7175,0.0065,1,1,0
eval_00670.png,157.64,1,0.8311,0.6317,0.132,1,1,0
eval_00671.png,144.6,1,0.4836,0.5163,0.0123,1,1,0
eval_00672.png,255.64,1,0.4863,0.3699,0.0547,1,1,0
eval_00673.png,137.21,1,0.3777,0.459,-0.0312,0,1,0
eval_00674.png,146.89,1,0.876,0.7468,-0.0317,0,1,0
eval_00675.png,144.08,1,0.804,0.4587,0.0169,1,1,0
eval_00676.png,168.26,1,0.8272,0.8482,0.1089,1,1,0
eval_00677.png,285.74,0,0.3879,0.4872,-0.0177,0,0,0
eval_00678.png,115.95,1,0.7068,0.5762,0.0259,1,1,0
eval_00679.png,164.27,1,0.6228,0.5822,-0.0126,0,1,0
eval_00680.png,183.0,1,0.7159,0.6878,0.1463,1,1,0
eval_00681.png,108.9,1,0.8025,0.7386,-0.0261,0,1,0
eval_00682.png,157.06,1,0.6473,0.501,-0.0102,0,1,0
eval_00683.png,146.8,1,0.6476,0.4645,0.007,1,1,0
eval_00684.png,196.45,1,0.8144,0.7998,0.1839,1,1,0
eval_00685.png,2.09,0,0.2965,0.3783,-0.0276,0,0,0
eval_00686.png,225.08,1,0.8207,0.7964,0.0323,1,1,0
eval_00687.png,270.39,0,0.2955,0.3188,0.0007,1,0,0
eval_00688.png,303.29,0,0.4326,0.4083,-0.0016,0,0,0
eval_00689.png,116.85,1,0.7612,0.628,0.2656,1,1,0
eval_00690.png,327.99,0,0.1611,0.1326,-0.1795,0,0,0
eval_00691.png,169.62,1,0.612,0.7433,0.0033,1,1,0
eval_00692.png,122.11,1,0.7175,0.5836,0.123,1,1,0
eval_00693.png,175.45,1,0.7785,0.6862,-0.0261,0,1,0
eval_00694.png,245.6,1,0.6246,0.4448,0.0245,1,1,0
eval_00695.png,11.0,0,0.5098,0.6761,-0.3584,0,0,0
eval_00696.png,77.36,1,0.8218,0.804,-0.0474,0,1,0
eval_00697.png,153.18,1,0.7963,0.6631,0.0211,1,1,0
eval_00698.png,70.3,0,0.4114,0.2178,-0.12,0,0,0
eval_00699.png,159.13,1,0.6982,0.6558,0.0145,1,1,0
eval_00700.png,129.95,1,0.7597,0.7021,0.0761,1,1,0
eval_00701.png,289.71,0,0.3264,0.4609,0.0041,1,0,0
eval_00702.png,266.19,0,0.1085,0.1498,-0.0104,0,0,0
eval_00703.png,102.42,1,0.6212,0.5404,-0.0472,0,1,0
eval_00704.png,170.76,1,0.5322,0.476,-0.0145,0,1,0
eval_00705.png,159.23,1,0.6456,0.6394,0.0744,1,1,0
eval_00706.png,259.14,1,0.7915,0.744,0.057,1,1,0
eval_00707.png,108.46,1,0.8352,0.7861,-0.001,0,1,0
eval_00708.png,107.02,1,0.6973,0.5299,0.0201,1,1,0
eval_00709.png,162.64,1,0.7872,0.6813,0.1866,1,1,0
eval_00710.png,174.7,1,0.6275,0.6271,0.052,1,1,0
eval_00711.png,110.85,1,0.2488,0.3333,0.0529,1,1,0
eval_00712.png,247.81,1,0.4759,0.3166,-0.0379,0,0,1
eval_00713.png,175.42,0,0.5527,0.5487,-0.0646,0,0,0
eval_00714.png,148.42,1,0.7803,0.7662,0.0928,1,1,0
eval_00715.png,164.21,1,0.5711,0.4973,0.2476,1,1,0
eval_00716.png,107.93,1,0.6124,0.4942,0.037,1,1,0
eval_00717.png,313.62,0,0.2916,0.3851,-0.0558,0,0,0
eval_00718.png,101.76,1,0.7339,0.6436,0.0007,1,1,0
eval_00719.png,175.33,1,0.6517,0.7816,-0.0353,0,1,0
eval_00720.png,149.06,1,0.7019,0.477,-0.0116,0,1,0
eval_00721.png,139.12,1,0.7303,0.6911,0.1532,1,1,0
eval_00722.png,199.73,1,0.7761,0.836,0.0773,1,1,0
eval_00723.png,100.35,1,0.7002,0.5037,0.0259,1,1,0
eval_00724.png,61.56,1,0.6047,0.6812,-0.0503,0,1,0
eval_00725.png,59.96,1,0.8187,0.7293,-0.0366,0,1,0
eval_00726.png,169.79,1,0.6736,0.541,0.3307,1,1,0
eval_00727.png,156.43,1,0.8261,0.6454,-0.0046,0,1,0
eval_00728.png,146.36,1,0.7537,0.6022,0.1397,1,1,0
eval_00729.png,132.4,1,0.7915,0.5023,0.0017,1,1,0
eval_00730.png,103.4,1,0.5641,0.3804,0.0982,1,1,0
eval_00731.png,177.2,1,0.8577,0.6165,0.2064,1,1,0
eval_00732.png,155.5,1,0.8024,0.7358,0.0461,1,1,0
eval_00733.png,167.13,1,0.7372,0.6637,-0.0044,0,1,0
eval_00734.png,151.06,1,0.7299,0.6843,0.0191,1,1,0
eval_00735.png,227.51,1,0.7176,0.75,-0.0194,0,1,0
eval_00736.png,129.36,1,0.751,0.5659,0.023,1,1,0
eval_00737.png,277.85,0,0.1581,0.3909,-0.0058,0,0,0
eval_00738.png,165.33,1,0.6423,0.3726,0.071,1,1,0
eval_00739.png,100.54,1,0.8024,0.8122,0.1059,1,1,0
eval_00740.png,127.99,1,0.6161,0.4771,-0.0222,0,1,0
eval_00741.png,135.18,1,0.8292,0.7499,0.0328,1,1,0
eval_00742.png,90.94,1,0.6791,0.7136,0.0294,1,1,0
eval_00743.png,141.96,1,0.7824,0.6145,0.0944,1,1,0
eval_00744.png,155.66,1,0.6933,0.5408,0.1252,1,1,0
eval_00745.png,130.52,1,0.7314,0.756,0.0003,1,1,0
eval_00746.png,91.31,1,0.7819,0.7149,0.0573,1,1,0
eval_00747.png,128.51,1,0.5839,0.6012,0.0477,1,1,0
eval_00748.png,127.73,1,0.6905,0.6195,-0.0104,0,1,0
eval_00749.png,174.52,1,0.7381,0.6905,0.0866,1,1,0
eval_00750.png,159.57,1,0.6814,0.5343,0.0869,1,1,0
eval_00751.png,73.89,1,0.5425,0.6917,0.0176,1,1,0
eval_00752.png,76.33,1,0.7712,0.565,0.0559,1,1,0
eval_00753.png,34.2,1,0.7332,0.5222,-0.3999,0,1,0
eval_00754.png,130.83,1,0.6474,0.6479,0.101,1,1,0
eval_00755.png,20.75,1,0.7523,0.3369,-0.0343,0,1,0
eval_00756.png,119.36,1,0.6228,0.5666,-0.0451,0,1,0
eval_00757.png,122.98,1,0.7331,0.7489,0.0438,1,1,0
eval_00758.png,66.29,1,0.7025,0.7835,0.0575,1,1,0
eval_00759.png,154.86,1,0.4831,0.4971,-0.0018,0,1,0
eval_00760.png,278.21,1,0.3586,0.3742,0.1064,1,1,0
eval_00761.png,141.93,1,0.8497,0.7572,-0.0093,0,1,0
eval_00762.png,135.53,1,0.6275,0.5272,-0.0613,0,1,0
eval_00763.png,108.57,1,0.7576,0.7279,0.0421,1,1,0
eval_00764.png,152.32,1,0.7911,0.6015,0.3745,1,1,0
eval_00765.png,282.12,0,0.1234,0.1064,-0.1144,0,0,0
eval_00766.png,248.39,1,0.7589,0.7061,0.1524,1,1,0
eval_00767.png,297.68,0,0.1576,0.2556,0.0454,1,0,0
eval_00768.png,285.47,0,0.2634,0.2271,-0.1455,0,0,0
eval_00769.png,153.91,1,0.75,0.761,0.0174,1,1,0
eval_00770.png,12.51,1,0.7555,0.4123,0.0475,1,1,0
eval_00771.png,153.08,1,0.709,0.7034,-0.0137,0,1,0
eval_00772.png,119.55,1,0.8016,0.6551,0.0087,1,1,0
eval_00773.png,155.58,1,0.7537,0.6956,0.0094,1,1,0
eval_00774.png,199.38,1,0.569,0.4351,-0.4128,0,0,1
eval_00775.png,94.47,1,0.6975,0.5744,0.1569,1,1,0
eval_00776.png,177.03,1,0.6455,0.6471,0.0773,1,1,0
eval_00777.png,245.42,1,0.8236,0.7692,0.033,1,1,0
eval_00778.png,199.83,1,0.7011,0.6896,-0.0215,0,1,0
eval_00779.png,91.24,1,0.7941,0.7109,-0.0239,0,1,0
eval_00780.png,156.98,1,0.5483,0.5423,-0.0873,0,0,1
eval_00781.png,115.07,1,0.7705,0.7469,0.1186,1,1,0
eval_00782.png,124.26,1,0.6967,0.6353,0.0159,1,1,0
eval_00783.png,135.67,1,0.719,0.6944,0.0354,1,1,0
eval_00784.png,177.25,1,0.7792,0.8223,-0.0192,0,1,0
eval_00785.png,158.44,1,0.5044,0.3754,0.0253,1,0,1
eval_00786.png,28.92,1,0.6517,0.6514,0.0015,1,1,0
eval_00787.png,126.1,1,0.8551,0.5694,0.0975,1,1,0
eval_00788.png,129.65,1,0.7246,0.3661,0.0505,1,1,0
eval_00789.png,84.44,1,0.8185,0.6389,0.0151,1,1,0
eval_00790.png,90.51,1,0.7386,0.5217,0.0057,1,1,0
eval_00791.png,24.95,1,0.6713,0.7007,-0.2259,0,1,0
eval_00792.png,261.53,1,0.7194,0.4888,-0.0064,0,1,0
eval_00793.png,121.02,1,0.7007,0.6148,-0.0028,0,1,0
eval_00794.png,298.54,0,0.1811,0.1025,-0.1192,0,0,0
eval_00795.png,145.69,1,0.8095,0.7079,-0.0283,0,1,0
eval_00796.png,94.5,1,0.6777,0.6961,0.0422,1,1,0
eval_00797.png,101.69,1,0.5629,0.5278,0.0597,1,1,0
eval_00798.png,106.13,1,0.5978,0.577,0.1995,1,1,0
eval_00799.png,302.77,0,0.4012,0.3807,0.015,1,0,0
eval_00800.png,97.55,1,0.7436,0.615,-0.0117,0,1,0
eval_00801.png,100.92,1,0.7897,0.7098,0.0558,1,1,0
eval_00802.png,4.19,0,0.3361,0.4748,-0.0021,0,0,0
eval_00803.png,93.54,1,0.8421,0.7532,0.0018,1,1,0
eval_00804.png,95.41,1,0.702,0.6651,0.039,1,1,0
eval_00805.png,105.72,1,0.696,0.669,0.091,1,1,0
eval_00806.png,138.82,1,0.8125,0.7484,0.1975,1,1,0
eval_00807.png,126.89,1,0.7658,0.528,0.0006,1,1,0
eval_00808.png,53.99,1,0.7079,0.6971,-0.0276,0,1,0
eval_00809.png,179.01,1,0.8037,0.7211,0.227,1,1,0
eval_00810.png,139.25,1,0.6771,0.5839,-0.0286,0,1,0
eval_00811.png,226.94,1,0.9433,0.9207,0.0546,1,1,0
eval_00812.png,175.74,1,0.68,0.5465,0.4552,1,1,0
eval_00813.png,294.28,0,0.311,0.3255,-0.1313,0,0,0
eval_00814.png,171.68,1,0.5576,0.6432,-0.0124,0,1,0
eval_00815.png,158.51,1,0.5917,0.5458,-0.0666,0,0,1
eval_00816.png,46.0,1,0.8411,0.8264,-0.0303,0,1,0
eval_00817.png,358.02,1,0.6744,0.8083,-0.2479,0,1,0
eval_00818.png,7.1,0,0.4871,0.4329,-0.0047,0,0,0
eval_00819.png,114.98,1,0.6025,0.5844,0.0766,1,1,0
eval_00820.png,11.56,1,0.727,0.7784,-0.1714,0,1,0
eval_00821.png,198.11,1,0.8583,0.7309,0.0201,1,1,0
eval_00822.png,141.46,1,0.7246,0.5575,0.1523,1,1,0
eval_00823.png,347.29,0,0.4731,0.4801,-0.3139,0,0,0
eval_00824.png,108.6,1,0.7116,0.4336,0.0942,1,1,0
eval_00825.png,137.02,1,0.6091,0.5508,0.2111,1,1,0
eval_00826.png,124.52,1,0.7011,0.6711,0.0102,1,1,0
eval_00827.png,15.98,1,0.6975,0.267,0.0195,1,1,0
eval_00828.png,327.02,0,0.0997,0.303,-0.0705,0,0,0
eval_00829.png,121.86,1,0.8139,0.7693,0.1398,1,1,0
eval_00830.png,121.29,1,0.725,0.5647,-0.0053,0,1,0
eval_00831.png,84.02,1,0.7366,0.6739,-0.0536,0,1,0
eval_00832.png,175.86,1,0.8778,0.688,0.0486,1,1,0
eval_00833.png,148.23,1,0.4827,0.4926,0.0274,1,1,0
eval_00834.png,148.35,1,0.785,0.7218,0.0524,1,1,0
eval_00835.png,146.45,1,0.5353,0.4681,-0.009,0,0,1
eval_00836.png,144.31,1,0.6744,0.6823,0.183,1,1,0
eval_00837.png,112.6,1,0.6205,0.7679,0.0464,1,1,0
eval_00838.png,241.79,1,0.6427,0.5476,-0.0075,0,1,0
eval_00839.png,90.32,1,0.7908,0.7394,-0.1342,0,1,0
eval_00840.png,83.03,1,0.7812,0.5467,-0.0016,0,1,0
eval_00841.png,176.16,1,0.5699,0.5712,0.1542,1,1,0
eval_00842.png,165.36,1,0.8616,0.7357,0.1897,1,1,0
eval_00843.png,261.62,1,0.6473,0.3422,0.0152,1,1,0
eval_00844.png,165.0,1,0.6605,0.5964,-0.0143,0,1,0
eval_00845.png,154.6,1,0.6464,0.7013,0.1981,1,1,0
eval_00846.png,116.8,1,0.5318,0.5817,0.0271,1,1,0
eval_00847.png,134.51,1,0.7774,0.5291,0.0503,1,1,0
eval_00848.png,23.12,0,0.3326,0.3539,-0.0101,0,0,0
eval_00849.png,163.93,1,0.7208,0.676,0.01,1,1,0
eval_00850.png,134.86,1,0.7678,0.6843,0.1546,1,1,0
eval_00851.png,13.52,1,0.7197,0.6099,0.001,1,1,0
eval_00852.png,137.2,1,0.8875,0.7442,-0.2111,0,1,0
eval_00853.png,161.5,1,0.7709,0.7193,0.1361,1,1,0
eval_00854.png,169.88,1,0.8298,0.5967,-0.0209,0,1,0
eval_00855.png,142.25,1,0.732,0.6654,0.051,1,1,0
eval_00856.png,107.35,1,0.7576,0.8159,0.0258,1,1,0
eval_00857.png,183.91,1,0.6857,0.6911,0.306,1,1,0
eval_00858.png,147.94,1,0.7614,0.676,0.0279,1,1,0
eval_00859.png,93.53,1,0.7526,0.5313,-0.0838,0,1,0
eval_00860.png,185.03,1,0.8363,0.72,-0.0119,0,1,0
eval_00861.png,141.28,1,0.9019,0.6308,0.0312,1,1,0
eval_00862.png,97.49,1,0.6859,0.7277,-0.0082,0,1,0
eval_00863.png,127.1,1,0.5677,0.697,0.0398,1,1,0
eval_00864.png,288.44,0,0.3653,0.5009,0.0133,1,0,0
eval_00865.png,118.18,1,0.6894,0.5118,-0.0278,0,1,0
eval_00866.png,141.2,1,0.8952,0.7423,0.0049,1,1,0
eval_00867.png,140.42,1,0.8176,0.7301,-0.0253,0,1,0
eval_00868.png,291.14,0,0.1296,0.2519,-0.013,0,0,0
eval_00869.png,99.42,1,0.6492,0.5052,-0.0173,0,1,0
eval_00870.png,65.08,1,0.508,0.4159,0.29,1,1,0
eval_00871.png,177.22,1,0.6547,0.3704,0.0309,1,1,0
eval_00872.png,327.27,0,0.0936,0.1109,-0.0249,0,0,0
eval_00873.png,229.91,1,0.8212,0.7916,0.0714,1,1,0
eval_00874.png,262.02,0,0.1219,0.1426,-0.1493,0,0,0
eval_00875.png,128.04,1,0.6743,0.6547,0.0681,1,1,0
eval_00876.png,167.5,1,0.8921,0.7472,-0.0248,0,1,0
eval_00877.png,102.81,1,0.8852,0.8021,-0.0437,0,1,0
eval_00878.png,97.92,1,0.6399,0.5374,0.0042,1,1,0
eval_00879.png,96.5,1,0.6102,0.5848,0.164,1,1,0
eval_00880.png,279.66,0,0.3261,0.1957,0.1196,1,0,0
eval_00881.png,103.73,1,0.7743,0.7494,0.0397,1,1,0
eval_00882.png,67.07,1,0.6513,0.5962,0.0213,1,1,0
eval_00883.png,332.69,0,0.2616,0.311,0.0083,1,0,0
eval_00884.png,356.97,1,0.546,0.6193,-0.036,0,1,0
eval_00885.png,153.39,1,0.6916,0.6587,0.1999,1,1,0
eval_00886.png,220.04,1,0.7167,0.3978,0.0017,1,1,0
eval_00887.png,115.62,1,0.6442,0.6844,0.0029,1,1,0
eval_00888.png,347.9,0,0.0658,0.2132,-0.0989,0,0,0
eval_00889.png,144.68,1,0.6086,0.445,0.0004,1,1,0
eval_00890.png,166.25,1,0.8572,0.6569,0.0453,1,1,0
eval_00891.png,178.23,1,0.8017,0.7337,0.1772,1,1,0
eval_00892.png,354.25,0,0.5439,0.6499,-0.0089,0,1,1
eval_00893.png,155.8,1,0.6212,0.4952,0.0643,1,1,0
eval_00894.png,115.54,1,0.5722,0.5747,0.0268,1,1,0
eval_00895.png,112.69,1,0.8052,0.6367,-0.0398,0,1,0
eval_00896.png,98.87,1,0.8063,0.6094,0.0185,1,1,0
eval_00897.png,161.31,1,0.702,0.4872,0.0776,1,1,0
eval_00898.png,354.75,0,0.339,0.3404,0.0863,1,0,0
eval_00899.png,115.94,1,0.6569,0.6276,-0.0054,0,1,0
eval_00900.png,124.54,0,0.2989,0.3463,-0.1277,0,0,0
eval_00901.png,154.74,1,0.5609,0.5181,0.1888,1,1,0
eval_00902.png,8.88,1,0.7596,0.7635,-0.1752,0,1,0
eval_00903.png,280.71,0,0.1887,0.3731,0.0265,1,0,0
eval_00904.png,122.62,1,0.7275,0.6556,0.0232,1,1,0
eval_00905.png,135.81,1,0.7045,0.6627,-0.0968,0,1,0
eval_00906.png,249.41,1,0.5096,0.576,-0.0197,0,1,0
eval_00907.png,320.07,0,0.354,0.3737,0.0091,1,0,0
eval_00908.png,159.26,1,0.7635,0.701,0.0626,1,1,0
eval_00909.png,80.91,1,0.8376,0.8668,-0.056,0,1,0
eval_00910.png,215.87,1,0.8545,0.8059,0.1097,1,1,0
eval_00911.png,39.79,1,0.7377,0.5975,0.12,1,1,0
eval_00912.png,220.43,1,0.9577,0.9058,0.1217,1,1,0
eval_00913.png,57.68,1,0.7312,0.8685,-0.0015,0,1,0
eval_00914.png,30.52,1,0.8976,0.7877,-0.2779,0,1,0
eval_00915.png,168.9,1,0.7769,0.7085,0.0301,1,1,0
eval_00916.png,144.87,1,0.8411,0.8595,0.056,1,1,0
eval_00917.png,121.68,1,0.7622,0.6678,0.2441,1,1,0
eval_00918.png,279.59,0,0.2953,0.4152,-0.0391,0,0,0
eval_00919.png,13.28,0,0.5683,0.5756,-0.308,0,0,0
eval_00920.png,307.93,0,0.0883,0.2477,0.0317,1,0,0
eval_00921.png,231.71,1,0.9068,0.554,0.0086,1,1,0
eval_00922.png,110.18,1,0.7739,0.8356,-0.0133,0,1,0
eval_00923.png,149.82,1,0.7414,0.6946,0.1241,1,1,0
eval_00924.png,160.01,0,0.3949,0.4373,-0.2297,0,0,0
eval_00925.png,153.08,1,0.6193,0.4445,-0.009,0,1,0
eval_00926.png,87.74,1,0.5996,0.6818,-0.1422,0,0,1
eval_00927.png,127.92,1,0.7044,0.5518,0.1761,1,1,0
eval_00928.png,155.34,1,0.7263,0.6613,0.0792,1,1,0
eval_00929.png,165.79,1,0.7812,0.7042,0.1133,1,1,0
eval_00930.png,88.78,1,0.7741,0.7077,0.0388,1,1,0
eval_00931.png,72.68,1,0.8307,0.719,-0.0135,0,1,0
eval_00932.png,108.21,1,0.7277,0.721,-0.0344,0,1,0
eval_00933.png,305.29,0,0.1965,0.18,0.0505,1,0,0
eval_00934.png,215.29,1,0.8551,0.7948,0.1574,1,1,0
eval_00935.png,154.95,1,0.865,0.7725,0.2514,1,1,0
eval_00936.png,148.27,1,0.8438,0.7532,-0.0313,0,1,0
eval_00937.png,179.4,1,0.599,0.5114,0.0268,1,1,0
eval_00938.png,307.64,0,0.0953,0.3049,-0.0459,0,0,0
eval_00939.png,131.65,1,0.7808,0.7504,-0.0012,0,1,0
eval_00940.png,46.65,1,0.8525,0.7268,-0.0939,0,1,0
eval_00941.png,354.79,0,0.1581,0.3167,-0.0034,0,0,0
eval_00942.png,320.06,0,0.3903,0.5008,0.0228,1,0,0
eval_00943.png,122.03,1,0.8219,0.6225,0.0897,1,1,0
eval_00944.png,170.21,1,0.8279,0.483,0.0365,1,1,0
eval_00945.png,193.11,1,0.7285,0.5639,0.0405,1,1,0
eval_00946.png,301.74,0,0.0778,0.1254,-0.1051,0,0,0
eval_00947.png,205.45,1,0.7783,0.6882,0.0083,1,1,0
eval_00948.png,187.94,1,0.6646,0.6648,-0.0259,0,1,0
eval_00949.png,147.39,1,0.6627,0.4975,-0.0946,0,1,0
eval_00950.png,358.98,1,0.5614,0.4166,0.001,1,0,1
eval_00951.png,214.64,1,0.5609,0.5229,0.2267,1,1,0
eval_00952.png,98.88,1,0.7516,0.7448,0.0454,1,1,0
eval_00953.png,327.43,0,0.1815,0.1859,-0.0488,0,0,0
eval_00954.png,120.29,1,0.6496,0.6605,-0.0396,0,1,0
eval_00955.png,315.69,0,0.177,0.709,0.136,1,0,0
eval_00956.png,127.49,1,0.7754,0.6943,0.0086,1,1,0
eval_00957.png,175.48,1,0.7039,0.604,0.0106,1,1,0
eval_00958.png,141.61,1,0.4812,0.4098,0.3309,1,1,0
eval_00959.png,143.65,1,0.7341,0.6085,0.2647,1,1,0
eval_00960.png,280.77,0,0.3577,0.4367,-0.0137,0,0,0
eval_00961.png,149.01,1,0.8135,0.7367,-0.002,0,1,0
eval_00962.png,106.3,1,0.4544,0.5124,0.0254,1,1,0
eval_00963.png,225.07,1,0.6156,0.5347,-0.0021,0,1,0
eval_00964.png,109.91,1,0.7249,0.672,0.004,1,1,0
eval_00965.png,259.01,1,0.7111,0.9136,0.1685,1,1,0
eval_00966.png,125.53,1,0.7774,0.6448,0.1273,1,1,0
eval_00967.png,174.7,1,0.6641,0.4494,0.2116,1,1,0
eval_00968.png,132.6,1,0.5856,0.7015,0.0035,1,1,0
eval_00969.png,116.76,1,0.7225,0.5402,0.0993,1,1,0
eval_00970.png,170.56,1,0.781,0.8323,0.0889,1,1,0
eval_00971.png,124.27,1,0.6623,0.5693,0.1233,1,1,0
eval_00972.png,256.69,1,0.676,0.4871,-0.0048,0,1,0
eval_00973.png,123.1,1,0.7477,0.6516,0.031,1,1,0
eval_00974.png,132.74,1,0.6744,0.6518,0.0104,1,1,0
eval_00975.png,88.23,1,0.6388,0.456,0.0218,1,1,0
eval_00976.png,90.17,1,0.5773,0.5018,-0.0429,0,0,1
eval_00977.png,166.45,1,0.8248,0.781,0.4137,1,1,0
eval_00978.png,40.18,1,0.9217,0.8602,0.0151,1,1,0
eval_00979.png,306.13,1,0.5124,0.4671,0.0,0,0,1
eval_00980.png,130.96,1,0.4845,0.4309,-0.0063,0,0,1
eval_00981.png,134.1,1,0.7654,0.6412,-0.0006,0,1,0
eval_00982.png,172.76,1,0.8052,0.8011,0.1699,1,1,0
eval_00983.png,359.62,1,0.6948,0.6937,0.0609,1,1,0
eval_00984.png,98.72,1,0.7185,0.5882,0.034,1,1,0
eval_00985.png,167.89,1,0.8053,0.7372,0.0617,1,1,0
eval_00986.png,120.67,1,0.4626,0.4959,-0.0078,0,1,0
eval_00987.png,144.83,1,0.7542,0.7142,0.0039,1,1,0
eval_00988.png,182.15,1,0.8248,0.7924,-0.0899,0,1,0
eval_00989.png,270.42,0,0.2319,0.3108,-0.0714,0,0,0
eval_00990.png,133.55,1,0.5453,0.5671,0.0316,1,1,0
eval_00991.png,142.12,1,0.7102,0.6587,0.1775,1,1,0
eval_00992.png,104.38,1,0.6471,0.5473,0.0469,1,1,0
eval_00993.png,111.61,1,0.5076,0.4586,0.1894,1,1,0
eval_00994.png,31.78,1,0.8792,0.7469,0.1312,1,1,0
eval_00995.png,202.75,1,0.5969,0.5673,0.0255,1,1,0
eval_00996.png,138.77,1,0.786,0.7227,0.2466,1,1,0
eval_00997.png,147.98,1,0.7929,0.7119,-0.0197,0,1,0
eval_00998.png,163.36,1,0.7294,0.6114,0.0092,1,1,0
eval_00999.png,54.42,1,0.8705,0.8852,-0.0927,0,1,0
eval_01000.png,152.78,1,0.8621,0.5481,0.0045,1,1,0
eval_01001.png,147.85,1,0.6796,0.567,-0.0769,0,1,0
eval_01002.png,113.53,1,0.6777,0.6885,-0.1263,0,1,0
eval_01003.png,121.4,1,0.7353,0.7145,-0.0439,0,1,0
eval_01004.png,175.2,1,0.643,0.4836,-0.0019,0,1,0
eval_01005.png,127.94,1,0.7082,0.5274,-0.1426,0,1,0
eval_01006.png,142.67,1,0.746,0.5342,-0.0215,0,1,0
eval_01007.png,43.83,1,0.8503,0.8121,0.0326,1,1,0
eval_01008.png,312.42,0,0.2501,0.3149,-0.0085,0,0,0
eval_01009.png,147.92,0,0.2764,0.3386,-0.0471,0,0,0
eval_01010.png,142.54,1,0.6454,0.4998,-0.0061,0,1,0
eval_01011.png,95.47,1,0.8595,0.7157,0.0212,1,1,0
eval_01012.png,294.75,0,0.2066,0.2272,-0.0083,0,0,0
eval_01013.png,16.48,1,0.5836,0.3265,-0.0066,0,0,1
eval_01014.png,103.03,1,0.5258,0.5568,0.154,1,1,0
eval_01015.png,114.79,1,0.5555,0.4923,0.0033,1,1,0
eval_01016.png,107.12,1,0.7011,0.489,-0.0321,0,1,0
eval_01017.png,163.78,1,0.5215,0.6665,-0.0542,0,0,1
eval_01018.png,329.49,0,0.2107,0.2523,-0.245,0,0,0
eval_01019.png,116.35,1,0.7619,0.7095,0.0048,1,1,0
eval_01020.png,178.68,1,0.7573,0.748,-0.0158,0,1,0
eval_01021.png,176.18,1,0.7599,0.7636,0.045,1,1,0
eval_01022.png,150.94,1,0.7274,0.662,0.167,1,1,0
eval_01023.png,142.65,1,0.7662,0.6626,0.0037,1,1,0
eval_01024.png,111.71,1,0.7306,0.5682,-0.0083,0,1,0
eval_01025.png,323.14,0,0.1533,0.3639,-0.0275,0,0,0
eval_01026.png,326.35,0,0.144,0.4262,0.0591,1,0,0
eval_01027.png,276.61,0,0.3791,0.4159,-0.0041,0,0,0
eval_01028.png,178.75,1,0.5436,0.3939,0.2132,1,1,0
eval_01029.png,302.52,0,0.3153,0.3334,-0.0262,0,0,0
eval_01030.png,337.12,0,0.1392,0.1809,0.0272,1,0,0
eval_01031.png,214.14,1,0.752,0.6726,-0.0408,0,1,0
eval_01032.png,159.53,1,0.8465,0.6605,0.3377,1,1,0
eval_01033.png,353.7,0,0.318,0.2753,0.0658,1,0,0
eval_01034.png,103.5,1,0.7286,0.627,0.1425,1,1,0
eval_01035.png,178.84,1,0.739,0.6094,-0.0912,0,1,0
eval_01036.png,128.45,1,0.6846,0.6022,0.0486,1,1,0
eval_01037.png,169.49,1,0.778,0.778,0.057,1,1,0
eval_01038.png,169.2,1,0.6692,0.4231,0.0831,1,1,0
eval_01039.png,252.62,1,0.7519,0.8358,0.0091,1,1,0
eval_01040.png,103.37,1,0.8658,0.7416,-0.0785,0,1,0
eval_01041.png,348.35,0,0.239,0.5752,-0.0318,0,0,0
eval_01042.png,203.35,1,0.8659,0.8342,0.1111,1,1,0
eval_01043.png,161.44,1,0.7395,0.553,0.0473,1,1,0
eval_01044.png,128.54,1,0.5595,0.5223,0.1569,1,1,0
eval_01045.png,43.12,1,0.879,0.7562,0.0991,1,1,0
eval_01046.png,276.74,0,0.396,0.3834,-0.0355,0,0,0
eval_01047.png,125.19,1,0.7161,0.6638,0.0841,1,1,0
eval_01048.png,145.63,1,0.7721,0.7428,0.0335,1,1,0
eval_01049.png,162.56,1,0.4746,0.6442,0.1992,1,1,0
eval_01050.png,104.63,1,0.7146,0.5833,0.0939,1,1,0
eval_01051.png,128.19,1,0.7315,0.6595,0.1105,1,1,0
eval_01052.png,246.66,1,0.8613,0.8206,0.2443,1,1,0
eval_01053.png,138.18,1,0.815,0.627,0.0807,1,1,0
eval_01054.png,209.17,1,0.5762,0.4423,0.0566,1,1,0
eval_01055.png,119.24,1,0.6695,0.7182,-0.0032,0,1,0
eval_01056.png,4.74,0,0.1742,0.3014,-0.1073,0,0,0
eval_01057.png,243.75,1,0.7665,0.7585,-0.0115,0,1,0
eval_01058.png,321.53,0,0.3297,0.2913,-0.1575,0,0,0
eval_01059.png,313.96,0,0.162,0.1149,-0.1657,0,0,0
eval_01060.png,174.63,1,0.821,0.5241,0.0641,1,1,0
eval_01061.png,163.13,1,0.5918,0.5107,-0.0,0,1,0
eval_01062.png,291.97,0,0.107,0.2055,0.0356,1,0,0
eval_01063.png,16.32,1,0.774,0.7451,-0.1376,0,1,0
eval_01064.png,66.81,1,0.9077,0.8506,-0.0036,0,1,0
eval_01065.png,165.16,1,0.6893,0.7496,0.038,1,1,0
eval_01066.png,359.51,0,0.1401,0.2809,-0.0028,0,0,0
eval_01067.png,181.47,1,0.7745,0.7512,0.1409,1,1,0
eval_01068.png,141.52,1,0.7811,0.5224,-0.1055,0,1,0
eval_01069.png,154.79,1,0.8111,0.5534,0.0061,1,1,0
eval_01070.png,135.82,1,0.8444,0.7305,0.2479,1,1,0
eval_01071.png,174.09,1,0.826,0.7415,0.0154,1,1,0
eval_01072.png,95.81,1,0.8143,0.7771,0.0047,1,1,0
eval_01073.png,156.81,1,0.7057,0.6087,-0.0134,0,1,0
eval_01074.png,56.07,1,0.6528,0.6951,0.0317,1,1,0
eval_01075.png,133.6,1,0.7427,0.6801,0.0666,1,1,0
eval_01076.png,137.14,1,0.8183,0.468,-0.0804,0,1,0
eval_01077.png,103.41,1,0.8109,0.8229,-0.1225,0,1,0
eval_01078.png,160.83,1,0.7487,0.6697,0.2306,1,1,0
eval_01079.png,102.54,1,0.7952,0.7633,0.0314,1,1,0
eval_01080.png,147.99,1,0.7085,0.6778,-0.0142,0,1,0
eval_01081.png,137.57,1,0.8214,0.6907,0.0405,1,1,0
eval_01082.png,305.74,0,0.156,0.1594,-0.0617,0,0,0
eval_01083.png,145.48,1,0.8017,0.7235,0.1218,1,1,0
eval_01084.png,118.35,1,0.7301,0.7615,0.1669,1,1,0
eval_01085.png,24.2,1,0.5771,0.5186,0.0,0,1,0
eval_01086.png,166.97,1,0.4675,0.6056,0.279,1,1,0
eval_01087.png,143.64,1,0.8531,0.7741,0.0142,1,1,0
eval_01088.png,276.01,1,0.5493,0.686,0.0511,1,1,0
eval_01089.png,178.65,1,0.9115,0.8517,0.3206,1,1,0
eval_01090.png,150.88,1,0.7025,0.5206,-0.0178,0,1,0
eval_01091.png,159.43,1,0.6823,0.4952,-0.0044,0,1,0
eval_01092.png,259.12,0,0.2289,0.2494,0.0575,1,0,0
eval_01093.png,131.93,1,0.7607,0.5463,0.1402,1,1,0
eval_01094.png,275.18,0,0.4079,0.5283,0.0673,1,1,1
eval_01095.png,299.39,0,0.3937,0.3122,0.0397,1,0,0
eval_01096.png,171.19,1,0.7605,0.3947,0.0178,1,1,0
eval_01097.png,107.3,1,0.7322,0.683,0.0534,1,1,0
eval_01098.png,139.0,1,0.5234,0.5186,0.1075,1,1,0
eval_01099.png,92.56,1,0.7624,0.7242,0.0681,1,1,0
eval_01100.png,209.78,1,0.9239,0.8915,0.3158,1,1,0
eval_01101.png,178.14,1,0.7826,0.836,0.3359,1,1,0
eval_01102.png,142.24,1,0.7245,0.4831,0.0259,1,1,0
eval_01103.png,93.53,1,0.9304,0.8847,0.0211,1,1,0
eval_01104.png,304.69,0,0.2555,0.3181,-0.1234,0,0,0
eval_01105.png,173.36,1,0.8652,0.8414,0.0415,1,1,0
eval_01106.png,19.07,0,0.3384,0.3239,-0.3237,0,0,0
eval_01107.png,93.36,1,0.6692,0.6197,-0.0282,0,1,0
eval_01108.png,133.63,1,0.6454,0.4489,0.2847,1,1,0
eval_01109.png,94.77,1,0.7375,0.5754,0.0726,1,1,0
eval_01110.png,143.3,1,0.7117,0.5617,0.1061,1,1,0
eval_01111.png,109.96,1,0.7027,0.6723,0.1343,1,1,0
eval_01112.png,38.58,1,0.7858,0.7812,-0.0782,0,1,0
eval_01113.png,104.25,1,0.5557,0.3394,0.0079,1,0,1
eval_01114.png,256.65,1,0.6962,0.6038,0.1128,1,1,0
eval_01115.png,335.49,0,0.2779,0.4661,-0.1094,0,0,0
eval_01116.png,118.38,1,0.5741,0.5415,-0.0304,0,1,0
eval_01117.png,71.9,1,0.8405,0.8111,-0.0045,0,1,0
eval_01118.png,153.13,1,0.8071,0.6375,0.028,1,1,0
eval_01119.png,120.73,1,0.7433,0.5541,-0.0063,0,1,0
eval_01120.png,134.44,1,0.7585,0.6835,0.1284,1,1,0
eval_01121.png,143.65,1,0.5465,0.6484,-0.2588,0,0,1
eval_01122.png,122.48,1,0.7502,0.7101,0.0782,1,1,0
eval_01123.png,177.99,1,0.8908,0.8715,0.2778,1,1,0
eval_01124.png,113.74,1,0.7311,0.6331,-0.055,0,1,0
eval_01125.png,101.54,1,0.7028,0.5745,0.017,1,1,0
eval_01126.png,316.06,0,0.1175,0.4033,0.0082,1,0,0
eval_01127.png,113.25,1,0.7004,0.6236,0.0148,1,1,0
eval_01128.png,171.72,0,0.5688,0.7094,-0.0861,0,0,0
eval_01129.png,166.54,1,0.8223,0.6881,-0.0401,0,1,0
eval_01130.png,176.62,1,0.7092,0.6862,0.4296,1,1,0
eval_01131.png,107.96,1,0.6284,0.7591,0.0954,1,1,0
eval_01132.png,102.87,1,0.8242,0.7423,0.0291,1,1,0
eval_01133.png,217.3,1,0.6998,0.6409,0.0104,1,1,0
eval_01134.png,177.66,1,0.8378,0.597,0.3731,1,1,0
eval_01135.png,95.19,1,0.903,0.7994,-0.0426,0,1,0
eval_01136.png,343.29,0,0.2047,0.3011,1e-04,1,0,0
eval_01137.png,114.75,1,0.8262,0.8045,0.0007,1,1,0
eval_01138.png,152.56,1,0.846,0.8022,0.3134,1,1,0
eval_01139.png,150.73,1,0.747,0.7154,0.2587,1,1,0
eval_01140.png,171.21,1,0.5541,0.6832,-0.1173,0,0,1
eval_01141.png,168.56,1,0.8482,0.5914,-0.078,0,1,0
eval_01142.png,91.61,1,0.7984,0.7113,0.0748,1,1,0
eval_01143.png,140.5,1,0.8014,0.7001,0.0731,1,1,0
eval_01144.png,103.73,1,0.7686,0.7126,0.0434,1,1,0
eval_01145.png,249.74,0,0.2728,0.3077,-0.0299,0,0,0
eval_01146.png,105.53,1,0.6916,0.6817,0.0989,1,1,0
eval_01147.png,25.63,0,0.4618,0.5962,-0.0218,0,1,1
eval_01148.png,109.15,1,0.7622,0.8001,-0.0412,0,1,0
eval_01149.png,106.0,1,0.7938,0.7366,0.0038,1,1,0
eval_01150.png,97.53,1,0.6675,0.5778,-0.0051,0,1,0
eval_01151.png,141.03,1,0.8685,0.6262,-0.0154,0,1,0
eval_01152.png,222.07,1,0.7274,0.5621,0.0445,1,1,0
eval_01153.png,154.91,1,0.8405,0.7484,0.3278,1,1,0
eval_01154.png,313.53,0,0.1969,0.4554,-0.0289,0,0,0
eval_01155.png,87.78,1,0.6573,0.7114,0.1329,1,1,0
eval_01156.png,314.66,0,0.0874,0.248,0.0158,1,0,0
eval_01157.png,115.95,1,0.6238,0.5256,0.0494,1,1,0
eval_01158.png,131.0,1,0.6893,0.6811,-0.0156,0,1,0
eval_01159.png,101.03,1,0.71,0.6189,0.0868,1,1,0
eval_01160.png,99.04,1,0.7869,0.6096,0.0375,1,1,0
eval_01161.png,284.2,0,0.2961,0.5057,-0.068,0,0,0
eval_01162.png,101.53,1,0.4766,0.4341,-0.0138,0,0,1
eval_01163.png,263.6,1,0.7931,0.5372,0.033,1,1,0
eval_01164.png,173.84,1,0.7459,0.7549,0.3451,1,1,0
eval_01165.png,180.02,1,0.6742,0.5914,0.0916,1,1,0
eval_01166.png,158.64,1,0.7736,0.6752,0.2097,1,1,0
eval_01167.png,113.63,1,0.7754,0.7931,-0.0342,0,1,0
eval_01168.png,236.21,1,0.7718,0.7329,-0.1422,0,1,0
eval_01169.png,42.36,1,0.834,0.881,0.0619,1,1,0
eval_01170.png,175.34,1,0.6493,0.5803,-0.1342,0,1,0
eval_01171.png,171.38,1,0.8899,0.6257,0.0174,1,1,0
eval_01172.png,75.62,1,0.7352,0.7333,0.0584,1,1,0
eval_01173.png,204.61,1,0.7893,0.6817,0.3557,1,1,0
eval_01174.png,173.9,1,0.7409,0.7859,0.241,1,1,0
eval_01175.png,137.38,1,0.8913,0.5981,-0.0453,0,1,0
eval_01176.png,198.98,1,0.8863,0.9245,0.2318,1,1,0
eval_01177.png,33.64,1,0.8339,0.6372,0.0506,1,1,0
eval_01178.png,149.73,1,0.7414,0.7046,0.0181,1,1,0
eval_01179.png,356.94,0,0.176,0.182,-0.0408,0,0,0
eval_01180.png,50.52,0,0.4891,0.4659,-0.0626,0,0,0
eval_01181.png,19.12,1,0.6344,0.1599,-0.0661,0,1,0
eval_01182.png,193.36,1,0.7901,0.7051,0.5115,1,1,0
eval_01183.png,158.09,1,0.8084,0.7873,0.009,1,1,0
eval_01184.png,92.41,1,0.773,0.5213,-0.0028,0,1,0
eval_01185.png,101.59,0,0.551,0.6245,-0.0186,0,1,1
eval_01186.png,317.54,0,0.074,0.1014,-0.1761,0,0,0
eval_01187.png,94.64,1,0.7906,0.7814,0.0275,1,1,0
eval_01188.png,147.97,1,0.7432,0.4934,0.1788,1,1,0
eval_01189.png,314.11,0,0.2742,0.416,-0.0035,0,0,0
eval_01190.png,42.05,1,0.8727,0.8956,-0.1755,0,1,0
eval_01191.png,314.23,0,0.3564,0.2415,0.0074,1,0,0
eval_01192.png,31.76,1,0.672,0.4322,-0.1192,0,1,0
eval_01193.png,97.11,0,0.5172,0.6509,-0.0407,0,0,0
eval_01194.png,243.79,1,0.6195,0.6446,0.07,1,1,0
eval_01195.png,223.4,1,0.8242,0.8787,0.1293,1,1,0
eval_01196.png,244.64,1,0.7876,0.695,-0.0236,0,1,0
eval_01197.png,159.49,1,0.7891,0.6133,-0.0251,0,1,0
eval_01198.png,94.55,1,0.7727,0.5383,-0.0021,0,1,0
eval_01199.png,24.76,1,0.6862,0.2574,-0.1806,0,1,0
eval_01200.png,109.5,1,0.8344,0.6572,-0.0219,0,1,0
eval_01201.png,103.01,1,0.7771,0.5457,0.0621,1,1,0
eval_01202.png,110.81,1,0.4106,0.7059,0.0104,1,1,0
eval_01203.png,61.43,1,0.7869,0.6174,-0.0044,0,1,0
eval_01204.png,159.88,1,0.8562,0.6723,0.0271,1,1,0
eval_01205.png,127.98,1,0.7758,0.7022,0.0103,1,1,0
eval_01206.png,6.24,1,0.7061,0.7106,0.022,1,1,0
eval_01207.png,143.28,1,0.8096,0.7222,-0.0234,0,1,0
eval_01208.png,309.5,1,0.479,0.6681,-0.0337,0,1,0
eval_01209.png,170.61,1,0.7127,0.579,0.0333,1,1,0
eval_01210.png,320.38,0,0.1976,0.3187,-0.0488,0,0,0
eval_01211.png,286.92,0,0.2463,0.2628,-0.024,0,0,0
eval_01212.png,265.91,1,0.4278,0.4115,0.052,1,1,0
eval_01213.png,157.45,1,0.5891,0.6517,0.0219,1,1,0
eval_01214.png,98.45,1,0.7568,0.5799,-0.0897,0,1,0
eval_01215.png,116.29,1,0.6351,0.5441,0.1123,1,1,0
eval_01216.png,135.17,1,0.6877,0.535,0.257,1,1,0
eval_01217.png,167.41,1,0.7396,0.4965,0.3305,1,1,0
eval_01218.png,123.38,1,0.7455,0.6835,0.1271,1,1,0
eval_01219.png,151.93,1,0.6767,0.6246,0.0546,1,1,0
eval_01220.png,128.81,1,0.5636,0.6265,0.2893,1,1,0
eval_01221.png,148.75,1,0.7441,0.727,-0.0072,0,1,0
eval_01222.png,351.51,0,0.3373,0.3925,-0.0011,0,0,0
eval_01223.png,342.76,0,0.2313,0.2892,-0.1599,0,0,0
eval_01224.png,161.48,1,0.7857,0.4151,0.0031,1,1,0
eval_01225.png,212.76,1,0.8572,0.8093,0.3592,1,1,0
eval_01226.png,20.77,1,0.8528,0.609,0.0174,1,1,0
eval_01227.png,274.51,0,0.3459,0.4689,0.0005,1,0,0
eval_01228.png,138.25,1,0.8363,0.7197,0.1351,1,1,0
eval_01229.png,150.26,1,0.8052,0.7394,-0.0307,0,1,0
eval_01230.png,95.44,1,0.6468,0.5295,0.1525,1,1,0
eval_01231.png,119.02,1,0.6719,0.5911,-0.0138,0,1,0
eval_01232.png,121.18,1,0.7974,0.6561,0.021,1,1,0
eval_01233.png,134.94,1,0.6002,0.5066,-0.0268,0,1,0
eval_01234.png,120.26,1,0.5965,0.6294,0.1082,1,1,0
eval_01235.png,62.06,1,0.7198,0.6839,-0.005,0,1,0
eval_01236.png,167.47,1,0.7549,0.4249,-0.0042,0,1,0
eval_01237.png,87.59,0,0.4439,0.3492,-0.1597,0,0,0
eval_01238.png,52.01,1,0.7307,0.6915,-0.0433,0,1,0
eval_01239.png,359.35,0,0.3112,0.2645,-0.006,0,0,0
eval_01240.png,181.29,1,0.545,0.418,0.1924,1,1,0
eval_01241.png,112.62,1,0.6753,0.6264,0.0059,1,1,0
eval_01242.png,100.85,1,0.8584,0.6945,-0.0137,0,1,0
eval_01243.png,155.06,1,0.6746,0.6563,0.214,1,1,0
eval_01244.png,145.79,1,0.8574,0.7333,0.1419,1,1,0
eval_01245.png,94.57,1,0.8168,0.5895,0.0024,1,1,0
eval_01246.png,112.65,1,0.6998,0.6057,0.0042,1,1,0
eval_01247.png,101.46,1,0.722,0.6683,0.0553,1,1,0
eval_01248.png,127.08,1,0.7462,0.6453,0.0935,1,1,0
eval_01249.png,150.64,1,0.6538,0.5339,0.1627,1,1,0
eval_01250.png,54.77,1,0.8056,0.6368,0.2239,1,1,0
eval_01251.png,167.3,1,0.9164,0.7803,-0.1167,0,1,0
eval_01252.png,220.07,1,0.8735,0.7325,0.0108,1,1,0
eval_01253.png,138.16,1,0.7463,0.5189,-0.0167,0,1,0
eval_01254.png,8.64,1,0.7078,0.6238,-0.0151,0,1,0
eval_01255.png,96.48,1,0.7593,0.7764,-0.0421,0,1,0
eval_01256.png,325.36,0,0.5776,0.3976,0.0085,1,0,0
eval_01257.png,21.76,1,0.6703,0.72,0.0269,1,1,0
eval_01258.png,182.34,1,0.4681,0.5554,0.4395,1,1,0
eval_01259.png,177.09,1,0.6755,0.5191,0.0239,1,1,0
eval_01260.png,134.11,1,0.5942,0.6301,0.0536,1,1,0
eval_01261.png,242.42,1,0.7962,0.7971,0.2025,1,1,0
eval_01262.png,142.22,1,0.6617,0.5885,-0.0238,0,1,0
eval_01263.png,186.63,1,0.7787,0.5521,-0.1372,0,1,0
eval_01264.png,121.39,1,0.8052,0.713,0.1015,1,1,0
eval_01265.png,76.18,1,0.6794,0.5886,-0.066,0,1,0
eval_01266.png,113.2,1,0.7607,0.5441,0.0133,1,1,0
eval_01267.png,132.18,1,0.6784,0.7575,0.0539,1,1,0
eval_01268.png,299.9,0,0.2642,0.4955,0.0454,1,0,0
eval_01269.png,92.04,1,0.8434,0.7257,0.0121,1,1,0
eval_01270.png,62.33,1,0.778,0.7163,-0.0075,0,1,0
eval_01271.png,175.53,1,0.8433,0.7228,0.0311,1,1,0
eval_01272.png,180.77,1,0.6662,0.5086,0.1349,1,1,0
eval_01273.png,163.91,1,0.719,0.6964,-0.0039,0,1,0
eval_01274.png,248.73,1,0.4696,0.4913,0.0871,1,1,0
eval_01275.png,136.77,1,0.6947,0.541,0.0546,1,1,0
eval_01276.png,164.25,1,0.6375,0.5495,0.1639,1,1,0
eval_01277.png,162.91,1,0.7625,0.5308,0.1162,1,1,0
eval_01278.png,130.73,1,0.7761,0.6051,0.1018,1,1,0
eval_01279.png,143.76,1,0.5701,0.6273,0.1395,1,1,0
eval_01280.png,199.74,1,0.7476,0.7042,0.3633,1,1,0
eval_01281.png,176.88,1,0.5818,0.4584,0.097,1,1,0
eval_01282.png,40.54,1,0.774,0.7791,0.0777,1,1,0
eval_01283.png,211.56,1,0.812,0.4676,0.0056,1,1,0
eval_01284.png,224.97,1,0.8316,0.5298,-0.08,0,1,0
eval_01285.png,124.37,1,0.7981,0.7747,0.0413,1,1,0
eval_01286.png,100.31,1,0.7455,0.6882,-0.0199,0,1,0
eval_01287.png,72.89,1,0.7546,0.6889,-0.0114,0,1,0
eval_01288.png,173.01,1,0.8526,0.8423,-0.0651,0,1,0
eval_01289.png,103.41,1,0.5966,0.7515,0.0428,1,1,0
eval_01290.png,114.33,1,0.664,0.5476,0.1849,1,1,0
eval_01291.png,261.93,0,0.2289,0.1734,0.2116,1,0,0
eval_01292.png,90.39,1,0.77,0.6763,0.057,1,1,0
eval_01293.png,151.43,1,0.4495,0.4775,-0.0286,0,1,0
eval_01294.png,16.24,1,0.8467,0.8714,-0.3501,0,1,0
eval_01295.png,131.85,1,0.5677,0.5379,0.0903,1,1,0
eval_01296.png,353.42,0,0.1804,0.249,-0.0861,0,0,0
eval_01297.png,93.37,1,0.6724,0.4914,-0.0345,0,1,0
eval_01298.png,59.67,1,0.603,0.6953,0.0619,1,1,0
eval_01299.png,117.68,1,0.7785,0.7338,0.2211,1,1,0
eval_01300.png,129.32,1,0.7234,0.6517,0.1541,1,1,0
eval_01301.png,144.54,1,0.8399,0.683,0.107,1,1,0
eval_01302.png,154.43,1,0.576,0.5314,-0.0044,0,1,0
eval_01303.png,146.89,1,0.7201,0.6199,-0.1962,0,1,0
eval_01304.png,353.98,0,0.4082,0.5771,-0.1145,0,0,0
eval_01305.png,303.28,0,0.0306,0.0646,-0.2726,0,0,0
eval_01306.png,4.58,1,0.7329,0.6544,-0.0172,0,1,0
eval_01307.png,171.56,1,0.5949,0.6899,0.0294,1,1,0
eval_01308.png,118.58,1,0.7545,0.5193,0.0145,1,1,0
eval_01309.png,58.8,1,0.5963,0.652,-0.1921,0,0,1
eval_01310.png,355.82,0,0.1197,0.1184,-0.1053,0,0,0
eval_01311.png,282.71,0,0.332,0.1689,0.0231,1,0,0
eval_01312.png,254.93,1,0.5748,0.4343,0.0102,1,0,1
eval_01313.png,173.48,1,0.7239,0.6521,0.375,1,1,0
eval_01314.png,109.22,1,0.7815,0.7305,0.0491,1,1,0
eval_01315.png,167.25,1,0.6576,0.5201,0.1926,1,1,0
eval_01316.png,322.08,0,0.1376,0.2175,0.0048,1,0,0
eval_01317.png,128.74,1,0.5621,0.5412,0.1407,1,1,0
eval_01318.png,98.66,1,0.7917,0.583,0.0413,1,1,0
eval_01319.png,90.96,1,0.766,0.68,-0.0294,0,1,0
eval_01320.png,152.17,1,0.7749,0.7386,0.2095,1,1,0
eval_01321.png,98.43,1,0.7132,0.6891,-0.0043,0,1,0
eval_01322.png,92.86,1,0.6949,0.715,0.0979,1,1,0
eval_01323.png,231.42,1,0.9141,0.7598,0.0441,1,1,0
eval_01324.png,27.87,1,0.8412,0.5255,-0.033,0,1,0
eval_01325.png,61.13,1,0.5748,0.6376,-0.1843,0,0,1
eval_01326.png,132.85,1,0.7131,0.6612,-0.0301,0,1,0
eval_01327.png,308.15,0,0.0551,0.208,-0.2038,0,0,0
eval_01328.png,96.79,1,0.8371,0.8238,0.028,1,1,0
eval_01329.png,173.57,1,0.7968,0.5499,0.0139,1,1,0
eval_01330.png,83.09,1,0.7833,0.7461,0.0131,1,1,0
eval_01331.png,331.48,0,0.1011,0.2258,-0.3063,0,0,0
eval_01332.png,91.7,1,0.7746,0.7953,0.0722,1,1,0
eval_01333.png,283.75,0,0.2016,0.1361,-0.1641,0,0,0
eval_01334.png,98.34,1,0.6028,0.4715,0.0,0,1,0
eval_01335.png,244.27,1,0.5337,0.4724,0.0154,1,1,0
eval_01336.png,352.16,0,0.2358,0.3026,-0.0465,0,0,0
eval_01337.png,168.88,1,0.8438,0.7335,0.0946,1,1,0
eval_01338.png,132.0,1,0.5811,0.5542,0.008,1,1,0
eval_01339.png,89.17,1,0.8548,0.8335,0.0409,1,1,0
eval_01340.png,303.01,0,0.0764,0.1258,-0.0571,0,0,0
eval_01341.png,195.27,1,0.8046,0.6693,-0.0446,0,1,0
eval_01342.png,250.06,1,0.7213,0.4643,0.0162,1,1,0
eval_01343.png,152.18,1,0.6382,0.5307,0.3234,1,1,0
eval_01344.png,233.85,1,0.5932,0.5746,0.1052,1,1,0
eval_01345.png,128.82,1,0.7084,0.5883,0.0018,1,1,0
eval_01346.png,173.7,1,0.6046,0.6326,-0.2403,0,1,0
eval_01347.png,108.35,1,0.7822,0.667,-0.0084,0,1,0
eval_01348.png,171.48,1,0.8615,0.7796,-0.0302,0,1,0
eval_01349.png,109.55,1,0.7017,0.6976,-0.0261,0,1,0
eval_01350.png,91.68,1,0.7618,0.732,0.0996,1,1,0
eval_01351.png,213.88,1,0.7586,0.6496,-0.0228,0,1,0
eval_01352.png,136.95,1,0.5884,0.3724,0.1147,1,1,0
eval_01353.png,167.02,1,0.8541,0.8102,0.0088,1,1,0
eval_01354.png,123.47,1,0.6176,0.5684,0.2765,1,1,0
eval_01355.png,219.32,1,0.8264,0.7832,0.2578,1,1,0
eval_01356.png,83.28,1,0.7829,0.6524,-0.0002,0,1,0
eval_01357.png,309.55,0,0.0915,0.0958,-0.2347,0,0,0
eval_01358.png,165.72,1,0.698,0.6339,-0.0129,0,1,0
eval_01359.png,175.91,1,0.7585,0.7651,0.0249,1,1,0
eval_01360.png,122.2,1,0.6758,0.5858,0.2934,1,1,0
eval_01361.png,244.82,1,0.6672,0.5793,0.0506,1,1,0
eval_01362.png,109.05,1,0.6945,0.6422,-0.0293,0,1,0
eval_01363.png,158.89,1,0.7008,0.7284,-0.0505,0,1,0
eval_01364.png,196.93,1,0.7083,0.5418,-0.0596,0,1,0
eval_01365.png,96.33,1,0.7074,0.6698,0.066,1,1,0
eval_01366.png,157.27,1,0.6974,0.4183,-0.0288,0,1,0
eval_01367.png,171.44,1,0.9053,0.5365,0.0191,1,1,0
eval_01368.png,156.48,1,0.8704,0.7697,-0.067,0,1,0
eval_01369.png,268.71,0,0.5088,0.5547,0.073,1,1,1
eval_01370.png,137.61,1,0.7885,0.6739,0.0232,1,1,0
eval_01371.png,155.64,1,0.7415,0.724,-0.0107,0,1,0
eval_01372.png,200.45,1,0.9041,0.8549,0.0396,1,1,0
eval_01373.png,146.84,1,0.4843,0.3719,-0.0009,0,0,1
eval_01374.png,103.93,1,0.6587,0.4089,-0.0131,0,1,0
eval_01375.png,112.14,1,0.7136,0.6469,0.0049,1,1,0
eval_01376.png,147.79,1,0.8303,0.7663,-0.0026,0,1,0
eval_01377.png,134.84,1,0.6353,0.5034,0.0986,1,1,0
eval_01378.png,94.88,1,0.869,0.7654,-0.0462,0,1,0
eval_01379.png,271.11,0,0.3006,0.5166,0.0125,1,0,0
eval_01380.png,243.44,1,0.5037,0.3499,0.0365,1,0,1
eval_01381.png,166.48,1,0.6495,0.6744,0.0659,1,1,0
eval_01382.png,123.45,1,0.6651,0.4296,-0.0058,0,1,0
eval_01383.png,18.79,1,0.6815,0.8098,-0.0638,0,1,0
eval_01384.png,139.99,1,0.7935,0.755,0.0041,1,1,0
eval_01385.png,192.79,1,0.5766,0.6065,-0.0107,0,1,0
eval_01386.png,155.24,1,0.7124,0.6352,-0.0128,0,1,0
eval_01387.png,157.9,1,0.639,0.4663,0.0,0,1,0
eval_01388.png,149.26,1,0.768,0.6655,-0.0022,0,1,0
eval_01389.png,72.82,1,0.6569,0.6341,0.0594,1,1,0
eval_01390.png,110.45,1,0.7051,0.7054,0.1905,1,1,0
eval_01391.png,103.83,1,0.8097,0.7487,-0.0526,0,1,0
eval_01392.png,320.05,0,0.1731,0.2581,0.0406,1,0,0
eval_01393.png,118.15,1,0.6829,0.7148,0.0067,1,1,0
eval_01394.png,147.57,1,0.7441,0.6269,0.1371,1,1,0
eval_01395.png,269.24,1,0.552,0.6461,-0.1027,0,0,1
eval_01396.png,72.53,1,0.7368,0.6638,-0.0077,0,1,0
eval_01397.png,135.34,1,0.6692,0.4895,0.1517,1,1,0
eval_01398.png,121.12,1,0.8072,0.7063,-0.0198,0,1,0
eval_01399.png,42.43,1,0.8497,0.7058,-0.0142,0,1,0
eval_01400.png,272.71,0,0.1891,0.1882,-0.0714,0,0,0
eval_01401.png,108.52,1,0.7657,0.723,0.1267,1,1,0
eval_01402.png,109.18,1,0.7652,0.6763,0.0914,1,1,0
eval_01403.png,102.55,1,0.7484,0.7241,0.0179,1,1,0
eval_01404.png,117.86,1,0.7526,0.6301,0.0047,1,1,0
eval_01405.png,201.83,1,0.5949,0.5146,0.0649,1,1,0
eval_01406.png,263.07,0,0.2785,0.3261,-0.0085,0,0,0
eval_01407.png,135.6,1,0.7563,0.6125,0.1011,1,1,0
eval_01408.png,66.36,1,0.6934,0.7042,-0.0087,0,1,0
eval_01409.png,244.36,1,0.6993,0.5786,-0.0617,0,1,0
eval_01410.png,101.8,1,0.6549,0.5792,0.0068,1,1,0
eval_01411.png,126.09,1,0.7613,0.6891,0.0399,1,1,0
eval_01412.png,160.05,1,0.8158,0.7542,-0.0091,0,1,0
eval_01413.png,120.01,1,0.531,0.6064,-0.0142,0,1,0
eval_01414.png,342.87,1,0.4941,0.4896,-0.0348,0,1,0
eval_01415.png,110.01,1,0.7613,0.7463,0.0101,1,1,0
eval_01416.png,125.36,1,0.8377,0.7673,-0.0352,0,1,0
eval_01417.png,268.89,0,0.3042,0.3137,0.0185,1,0,0
eval_01418.png,68.97,1,0.571,0.5342,-0.0026,0,1,0
eval_01419.png,165.36,1,0.5746,0.6075,0.1279,1,1,0
eval_01420.png,140.93,1,0.7018,0.5946,0.2439,1,1,0
eval_01421.png,143.42,1,0.7657,0.6721,0.0018,1,1,0
eval_01422.png,109.16,1,0.7258,0.7102,-0.0079,0,1,0
eval_01423.png,177.27,1,0.7325,0.6245,0.3606,1,1,0
eval_01424.png,164.63,1,0.5363,0.4517,0.0073,1,0,1
eval_01425.png,66.94,0,0.3628,0.4771,-0.0199,0,0,0
eval_01426.png,331.2,0,0.1268,0.1107,-0.1953,0,0,0
eval_01427.png,314.21,0,0.2621,0.2638,0.2212,1,0,0
eval_01428.png,22.01,0,0.4491,0.3286,0.1356,1,1,1
eval_01429.png,107.02,1,0.6395,0.5207,-0.0259,0,1,0
eval_01430.png,104.22,1,0.7665,0.6758,0.0106,1,1,0
eval_01431.png,126.29,1,0.7532,0.5678,0.0337,1,1,0
eval_01432.png,203.9,1,0.6,0.5384,-0.0091,0,1,0
eval_01433.png,77.15,1,0.629,0.7349,0.0349,1,1,0
eval_01434.png,123.64,1,0.6316,0.3842,0.0018,1,1,0
eval_01435.png,164.6,1,0.5048,0.5207,-0.1429,0,0,1
eval_01436.png,165.47,1,0.8846,0.7005,0.1819,1,1,0
eval_01437.png,117.07,1,0.7036,0.467,0.0411,1,1,0
eval_01438.png,132.89,1,0.7969,0.6269,-0.0237,0,1,0
eval_01439.png,141.71,1,0.8607,0.6858,0.0388,1,1,0
eval_01440.png,198.68,1,0.7964,0.7818,0.0697,1,1,0
eval_01441.png,352.99,0,0.3261,0.4066,-0.291,0,0,0
eval_01442.png,59.14,1,0.6228,0.6387,0.0352,1,1,0
eval_01443.png,109.86,1,0.7546,0.7427,0.0315,1,1,0
eval_01444.png,156.25,1,0.5822,0.3476,0.053,1,1,0
eval_01445.png,300.53,0,0.0716,0.1955,-0.1053,0,0,0
eval_01446.png,269.68,0,0.3144,0.3124,0.0161,1,0,0
eval_01447.png,314.29,1,0.5009,0.5725,-0.0052,0,1,0
eval_01448.png,87.64,1,0.9082,0.8853,-0.089,0,1,0
eval_01449.png,257.22,0,0.449,0.4576,0.0155,1,0,0
eval_01450.png,160.84,1,0.8058,0.6744,-0.0408,0,1,0
eval_01451.png,171.21,1,0.7468,0.8196,0.3966,1,1,0
eval_01452.png,157.37,1,0.8808,0.7305,0.0168,1,1,0
eval_01453.png,143.52,1,0.6165,0.4507,0.0725,1,1,0
eval_01454.png,189.8,1,0.5381,0.4051,0.3386,1,1,0
eval_01455.png,100.28,1,0.6741,0.6343,-0.0387,0,1,0
eval_01456.png,111.85,1,0.7906,0.5792,0.0193,1,1,0
eval_01457.png,150.28,1,0.7568,0.6553,0.2314,1,1,0
eval_01458.png,146.28,1,0.7475,0.6108,0.1132,1,1,0
eval_01459.png,98.37,1,0.7901,0.7341,0.011,1,1,0
eval_01460.png,231.24,1,0.872,0.6953,0.147,1,1,0
eval_01461.png,200.45,1,0.7716,0.7747,0.0867,1,1,0
eval_01462.png,94.38,1,0.5293,0.6113,0.1657,1,1,0
eval_01463.png,148.28,1,0.7493,0.6917,0.0311,1,1,0
eval_01464.png,141.75,1,0.7404,0.6408,-0.0238,0,1,0
eval_01465.png,139.74,1,0.8484,0.7495,0.0005,1,1,0
eval_01466.png,173.18,1,0.7375,0.6414,0.105,1,1,0
eval_01467.png,260.67,0,0.1987,0.2792,-0.043,0,0,0
eval_01468.png,105.42,1,0.8502,0.8725,-0.033,0,1,0
eval_01469.png,163.58,1,0.5791,0.6162,-0.0244,0,1,0
eval_01470.png,137.93,1,0.7669,0.3992,0.0307,1,1,0
eval_01471.png,115.08,1,0.3963,0.4667,0.1029,1,1,0
eval_01472.png,117.35,1,0.4373,0.3943,0.152,1,1,0
eval_01473.png,355.53,0,0.2183,0.3547,0.012,1,0,0
eval_01474.png,194.93,1,0.5915,0.5953,0.0157,1,1,0
eval_01475.png,159.33,1,0.8628,0.7911,0.0219,1,1,0
eval_01476.png,102.86,1,0.6406,0.5677,0.0738,1,1,0
eval_01477.png,104.0,1,0.6619,0.6749,0.0898,1,1,0
eval_01478.png,135.9,1,0.4954,0.4992,0.1717,1,1,0
eval_01479.png,322.54,0,0.3505,0.4151,-0.012,0,0,0
eval_01480.png,139.21,1,0.8184,0.6168,0.0174,1,1,0
eval_01481.png,161.61,1,0.6313,0.6434,0.3224,1,1,0
eval_01482.png,113.59,1,0.6021,0.5166,0.0345,1,1,0
eval_01483.png,354.76,0,0.1843,0.2858,0.0693,1,0,0
eval_01484.png,124.42,1,0.6046,0.7837,0.0392,1,1,0
eval_01485.png,96.5,1,0.7681,0.6551,-0.0371,0,1,0
eval_01486.png,91.09,1,0.8072,0.6849,-0.026,0,1,0
eval_01487.png,113.0,1,0.6055,0.6142,-0.0083,0,1,0
eval_01488.png,166.93,1,0.8569,0.8247,0.2672,1,1,0
eval_01489.png,154.24,1,0.7538,0.474,-0.1135,0,1,0
eval_01490.png,163.18,1,0.7799,0.6502,0.0432,1,1,0
eval_01491.png,153.51,1,0.6249,0.6271,0.3356,1,1,0
eval_01492.png,40.25,1,0.7275,0.4891,-0.3276,0,1,0
eval_01493.png,13.4,0,0.3326,0.5819,-0.1955,0,0,0
eval_01494.png,140.73,1,0.7749,0.5273,-0.0503,0,1,0
eval_01495.png,112.25,1,0.7144,0.6313,0.0158,1,1,0
eval_01496.png,123.35,1,0.7122,0.6774,0.0092,1,1,0
eval_01497.png,233.54,1,0.7464,0.6889,0.0388,1,1,0
eval_01498.png,283.36,0,0.3808,0.408,0.0153,1,0,0
eval_01499.png,164.8,1,0.7562,0.7947,0.1218,1,1,0
eval_01500.png,337.75,0,0.3472,0.4115,-0.0935,0,0,0
eval_01501.png,8.81,0,0.285,0.2894,-0.1941,0,0,0
eval_01502.png,147.31,1,0.7923,0.6703,0.0558,1,1,0
eval_01503.png,196.09,1,0.8517,0.6001,0.0503,1,1,0
eval_01504.png,171.33,1,0.7489,0.5409,-0.0934,0,1,0
eval_01505.png,104.31,1,0.6794,0.532,-0.0354,0,1,0
eval_01506.png,192.78,1,0.8169,0.6704,0.0029,1,1,0
eval_01507.png,46.37,1,0.7083,0.5007,-0.1775,0,1,0
eval_01508.png,170.75,1,0.746,0.4595,0.1378,1,1,0
eval_01509.png,49.69,1,0.8366,0.8049,-0.1909,0,1,0
eval_01510.png,109.71,1,0.6357,0.4158,0.0374,1,1,0
eval_01511.png,294.56,0,0.4436,0.6258,-0.0525,0,0,0
eval_01512.png,39.81,1,0.8439,0.7724,-0.2158,0,1,0
eval_01513.png,115.8,1,0.6244,0.656,0.2994,1,1,0
eval_01514.png,169.48,1,0.73,0.4777,0.0171,1,1,0
eval_01515.png,334.8,0,0.1082,0.2491,-0.0065,0,0,0
eval_01516.png,20.88,1,0.5839,0.5904,-0.0689,0,0,1
eval_01517.png,161.92,1,0.6439,0.3073,0.0862,1,1,0
eval_01518.png,95.27,1,0.6625,0.6108,-0.0125,0,1,0
eval_01519.png,116.5,1,0.5412,0.3848,0.175,1,1,0
eval_01520.png,139.22,1,0.8181,0.7034,0.0604,1,1,0
eval_01521.png,157.7,1,0.8895,0.9048,0.1419,1,1,0
eval_01522.png,281.1,0,0.1493,0.3489,0.0575,1,0,0
eval_01523.png,115.73,1,0.621,0.5955,0.1449,1,1,0
eval_01524.png,169.07,1,0.6803,0.7446,0.1237,1,1,0
eval_01525.png,141.38,1,0.6806,0.6315,0.2066,1,1,0
eval_01526.png,97.07,1,0.6652,0.7451,0.0271,1,1,0
eval_01527.png,97.34,1,0.3857,0.4068,-0.0401,0,1,0
eval_01528.png,125.11,1,0.7679,0.7208,0.1031,1,1,0
eval_01529.png,119.78,1,0.5262,0.5623,0.2299,1,1,0
eval_01530.png,102.28,1,0.7198,0.6093,-0.0114,0,1,0
eval_01531.png,165.28,1,0.7657,0.5622,0.0558,1,1,0
eval_01532.png,179.35,1,0.7453,0.6176,-0.0308,0,1,0
eval_01533.png,171.77,1,0.8305,0.7677,0.189,1,1,0
eval_01534.png,123.02,0,0.2821,0.3455,-0.1619,0,0,0
eval_01535.png,240.8,1,0.8232,0.599,-0.0155,0,1,0
eval_01536.png,93.51,1,0.9014,0.7394,0.0099,1,1,0
eval_01537.png,283.02,0,0.2655,0.2557,-0.0754,0,0,0
eval_01538.png,141.42,1,0.8616,0.7764,0.0123,1,1,0
eval_01539.png,155.78,1,0.525,0.6853,-0.0138,0,1,0
eval_01540.png,116.24,1,0.6817,0.6399,-0.08,0,1,0
eval_01541.png,145.15,1,0.5879,0.4281,0.0565,1,1,0
eval_01542.png,3.45,0,0.2463,0.3767,-0.0106,0,0,0
eval_01543.png,281.08,0,0.3492,0.5752,-0.0084,0,0,0
eval_01544.png,318.53,0,0.0376,0.3579,-0.0591,0,0,0
eval_01545.png,93.09,1,0.7472,0.6533,-0.0156,0,1,0
eval_01546.png,26.44,1,0.8152,0.3635,0.0019,1,1,0
eval_01547.png,355.07,0,0.3058,0.3542,-0.1382,0,0,0
eval_01548.png,163.86,1,0.9103,0.8797,0.1574,1,1,0
eval_01549.png,202.0,1,0.7565,0.5215,-0.0231,0,1,0
eval_01550.png,96.66,1,0.596,0.5625,-0.0049,0,1,0
eval_01551.png,147.89,1,0.8277,0.7208,0.2035,1,1,0
eval_01552.png,165.91,1,0.8406,0.7257,0.406,1,1,0
eval_01553.png,156.81,1,0.8552,0.6032,-0.0201,0,1,0
eval_01554.png,325.59,0,0.2499,0.1851,-0.1443,0,0,0
eval_01555.png,126.84,1,0.7773,0.7122,0.0573,1,1,0
eval_01556.png,110.81,1,0.7599,0.7331,0.0349,1,1,0
eval_01557.png,338.91,0,0.1157,0.1024,-0.2742,0,0,0
eval_01558.png,117.42,1,0.5848,0.4415,0.0713,1,1,0
eval_01559.png,149.65,1,0.766,0.7746,0.302,1,1,0
eval_01560.png,159.86,1,0.7196,0.6535,0.0626,1,1,0
eval_01561.png,139.73,1,0.6994,0.7304,-0.0354,0,1,0
eval_01562.png,349.23,0,0.1623,0.4721,-0.011,0,0,0
eval_01563.png,268.48,0,0.4927,0.6157,-0.0064,0,1,1
eval_01564.png,294.9,0,0.2456,0.4008,0.0059,1,0,0
eval_01565.png,115.51,1,0.6853,0.5782,0.1706,1,1,0
eval_01566.png,155.15,1,0.8279,0.7457,0.2176,1,1,0
eval_01567.png,178.57,1,0.6903,0.5349,0.0415,1,1,0
eval_01568.png,170.45,1,0.6226,0.6126,-0.0073,0,1,0
eval_01569.png,334.68,0,0.0986,0.2735,-0.0893,0,0,0
eval_01570.png,96.43,1,0.6377,0.5209,0.0114,1,1,0
eval_01571.png,107.1,1,0.7718,0.6578,0.0053,1,1,0
eval_01572.png,111.44,1,0.6774,0.3368,0.0958,1,1,0
eval_01573.png,133.82,1,0.5871,0.3623,0.1302,1,1,0
eval_01574.png,102.55,1,0.7141,0.598,0.1071,1,1,0
eval_01575.png,157.6,1,0.6254,0.5008,0.0388,1,1,0
eval_01576.png,128.43,1,0.7137,0.6395,0.0082,1,1,0
eval_01577.png,190.76,1,0.773,0.654,0.2893,1,1,0
eval_01578.png,297.79,0,0.3014,0.4727,0.0614,1,0,0
eval_01579.png,168.52,1,0.8368,0.7827,0.1772,1,1,0
eval_01580.png,298.35,0,0.2164,0.4348,-0.0343,0,0,0
eval_01581.png,111.34,1,0.7361,0.6276,-0.025,0,1,0
eval_01582.png,116.12,1,0.6845,0.665,-0.0246,0,1,0
eval_01583.png,154.76,1,0.6752,0.7582,-0.0184,0,1,0
eval_01584.png,142.65,1,0.7271,0.4224,0.0474,1,1,0
eval_01585.png,143.0,1,0.7341,0.7257,0.1183,1,1,0
eval_01586.png,205.96,1,0.8281,0.7678,-0.055,0,1,0
eval_01587.png,352.5,1,0.6818,0.7575,0.0147,1,1,0
eval_01588.png,157.58,1,0.4976,0.5676,0.0945,1,1,0
eval_01589.png,90.6,1,0.7547,0.585,-0.0099,0,1,0
eval_01590.png,333.19,0,0.1699,0.2274,-0.0548,0,0,0
eval_01591.png,146.94,1,0.8907,0.805,0.1035,1,1,0
eval_01592.png,124.02,1,0.583,0.3769,0.0777,1,1,0
eval_01593.png,71.73,1,0.6862,0.8241,-0.1435,0,1,0
eval_01594.png,102.05,1,0.5747,0.6455,0.0323,1,1,0
eval_01595.png,97.1,1,0.6275,0.7469,-0.0442,0,1,0
eval_01596.png,228.0,1,0.9172,0.8546,0.2265,1,1,0
eval_01597.png,113.29,1,0.7344,0.5179,0.0411,1,1,0
eval_01598.png,349.57,0,0.2542,0.2827,-0.0577,0,0,0
eval_01599.png,102.75,1,0.8477,0.8139,-0.0303,0,1,0
eval_01600.png,306.52,0,0.0938,0.1482,-0.043,0,0,0
eval_01601.png,107.97,1,0.7802,0.7624,-0.016,0,1,0
eval_01602.png,110.07,1,0.3456,0.3525,0.0666,1,1,0
eval_01603.png,147.12,1,0.7777,0.782,0.2279,1,1,0
eval_01604.png,157.04,1,0.8036,0.5805,0.2008,1,1,0
eval_01605.png,164.95,1,0.7913,0.7577,0.2865,1,1,0
eval_01606.png,104.06,1,0.6085,0.4957,-0.0053,0,1,0
eval_01607.png,168.68,1,0.7985,0.738,-0.0148,0,1,0
eval_01608.png,334.07,0,0.1862,0.2644,-0.0484,0,0,0
eval_01609.png,244.68,1,0.7655,0.4064,0.0389,1,1,0
eval_01610.png,114.92,1,0.7849,0.8131,0.0532,1,1,0
eval_01611.png,90.64,1,0.7808,0.6313,-0.0033,0,1,0
eval_01612.png,90.65,1,0.7749,0.4971,-0.0092,0,1,0
eval_01613.png,36.41,1,0.8305,0.5211,-0.062,0,1,0
eval_01614.png,231.03,1,0.78,0.6169,-0.026,0,1,0
eval_01615.png,140.15,1,0.7973,0.6004,-0.0449,0,1,0
eval_01616.png,138.39,1,0.6298,0.4429,0.0576,1,1,0
eval_01617.png,293.62,0,0.1261,0.4528,-0.1114,0,0,0
eval_01618.png,126.07,0,0.5268,0.7411,-0.0963,0,0,0
eval_01619.png,185.39,1,0.6803,0.6379,0.025,1,1,0
eval_01620.png,119.77,1,0.6128,0.5359,0.0318,1,1,0
eval_01621.png,36.12,1,0.8444,0.4596,-0.0414,0,1,0
eval_01622.png,206.91,1,0.9175,0.716,0.0262,1,1,0
eval_01623.png,287.74,0,0.1521,0.392,-0.0099,0,0,0
eval_01624.png,91.76,1,0.6697,0.5803,0.1452,1,1,0
eval_01625.png,70.64,1,0.8,0.8264,-0.1971,0,1,0
eval_01626.png,353.35,0,0.3023,0.3477,-0.0168,0,0,0
eval_01627.png,33.6,1,0.8276,0.7624,0.0056,1,1,0
eval_01628.png,84.61,1,0.8734,0.8858,-0.1131,0,1,0
eval_01629.png,140.73,1,0.705,0.5665,0.5616,1,1,0
eval_01630.png,128.22,1,0.8044,0.5407,-0.0144,0,1,0
eval_01631.png,158.67,1,0.8614,0.6644,-0.0277,0,1,0
eval_01632.png,124.28,1,0.7794,0.632,-0.0366,0,1,0
eval_01633.png,227.34,1,0.561,0.3164,-0.1188,0,0,1
eval_01634.png,94.36,1,0.8369,0.7126,-0.0784,0,1,0
eval_01635.png,274.25,0,0.1361,0.1549,-0.1087,0,0,0
eval_01636.png,170.72,1,0.522,0.4597,0.0139,1,0,1
eval_01637.png,91.15,1,0.8593,0.768,-0.0024,0,1,0
eval_01638.png,174.81,1,0.6528,0.5866,-0.1488,0,1,0
eval_01639.png,338.84,0,0.2075,0.2178,-0.0527,0,0,0
eval_01640.png,245.46,1,0.46,0.4225,0.0222,1,0,1
eval_01641.png,130.5,1,0.7728,0.6671,0.0646,1,1,0
eval_01642.png,283.73,0,0.1127,0.1235,-0.0106,0,0,0
eval_01643.png,11.95,1,0.7096,0.3468,-0.036,0,1,0
eval_01644.png,315.67,0,0.2147,0.2706,0.0334,1,0,0
eval_01645.png,173.89,1,0.6383,0.7251,0.5186,1,1,0
eval_01646.png,68.46,1,0.7013,0.6738,0.0037,1,1,0
eval_01647.png,288.82,1,0.3837,0.377,0.0773,1,1,0
eval_01648.png,92.5,1,0.7066,0.6695,-0.0801,0,1,0
eval_01649.png,104.76,1,0.7732,0.7736,0.1711,1,1,0
eval_01650.png,235.77,1,0.8912,0.7922,0.0395,1,1,0
eval_01651.png,104.83,1,0.8259,0.7912,-0.0215,0,1,0
eval_01652.png,123.09,1,0.5898,0.6403,0.0265,1,1,0
eval_01653.png,164.04,1,0.7913,0.6714,-0.019,0,1,0
eval_01654.png,90.64,1,0.4602,0.4473,0.0924,1,1,0
eval_01655.png,143.46,1,0.7586,0.5984,-0.0326,0,1,0
eval_01656.png,165.4,1,0.679,0.5493,-0.3578,0,1,0
eval_01657.png,329.43,0,0.2003,0.204,-0.2347,0,0,0
eval_01658.png,80.69,1,0.5336,0.7376,0.1447,1,1,0
eval_01659.png,150.53,1,0.794,0.819,0.2544,1,1,0
eval_01660.png,280.13,1,0.5472,0.4591,0.0776,1,1,0
eval_01661.png,154.1,1,0.8236,0.7279,0.0057,1,1,0
eval_01662.png,252.01,1,0.6708,0.5219,0.0474,1,1,0
eval_01663.png,104.1,1,0.5945,0.5419,0.0061,1,1,0
eval_01664.png,125.86,1,0.8543,0.8485,0.151,1,1,0
eval_01665.png,240.26,1,0.5756,0.539,-0.0074,0,1,0
eval_01666.png,153.94,0,0.455,0.5434,0.0204,1,1,1
eval_01667.png,31.74,1,0.8561,0.8737,-0.2029,0,1,0
eval_01668.png,121.81,1,0.6263,0.5491,0.0323,1,1,0
eval_01669.png,264.32,0,0.2876,0.3362,0.0016,1,0,0
eval_01670.png,313.61,0,0.229,0.3336,-0.024,0,0,0
eval_01671.png,133.93,1,0.7827,0.7454,-0.0201,0,1,0
eval_01672.png,106.24,1,0.7018,0.7032,0.0853,1,1,0
eval_01673.png,86.41,1,0.7101,0.4761,0.0056,1,1,0
eval_01674.png,102.69,1,0.7161,0.7074,-0.0008,0,1,0
eval_01675.png,356.3,0,0.3769,0.4236,-0.0165,0,0,0
eval_01676.png,223.61,1,0.694,0.7803,0.1392,1,1,0
eval_01677.png,211.84,1,0.8125,0.7044,0.0214,1,1,0
eval_01678.png,153.43,1,0.8452,0.7657,0.0185,1,1,0
eval_01679.png,163.43,1,0.6386,0.6648,-0.0551,0,1,0
eval_01680.png,110.25,1,0.5038,0.4326,0.0135,1,0,1
eval_01681.png,182.8,1,0.8176,0.7885,0.1331,1,1,0
eval_01682.png,50.37,1,0.6757,0.5672,-0.1176,0,1,0
eval_01683.png,163.04,1,0.8064,0.5451,-0.196,0,1,0
eval_01684.png,310.01,0,0.4485,0.5204,-0.0071,0,1,1
eval_01685.png,179.99,1,0.6406,0.6105,0.1903,1,1,0
eval_01686.png,90.17,1,0.6556,0.688,-0.0405,0,1,0
eval_01687.png,209.44,1,0.8629,0.5619,0.1022,1,1,0
eval_01688.png,348.72,0,0.4378,0.3407,0.0162,1,0,0
eval_01689.png,103.06,1,0.6352,0.4765,0.0437,1,1,0
eval_01690.png,225.32,1,0.8639,0.8745,-0.021,0,1,0
eval_01691.png,198.71,1,0.39,0.4073,0.0085,1,1,0
eval_01692.png,126.05,1,0.7501,0.789,-0.1169,0,1,0
eval_01693.png,105.26,1,0.7239,0.6036,-0.1407,0,1,0
eval_01694.png,258.42,1,0.6582,0.5196,-0.0078,0,1,0
eval_01695.png,90.35,1,0.7466,0.755,-0.0155,0,1,0
eval_01696.png,355.29,0,0.3748,0.3431,0.0342,1,0,0
eval_01697.png,95.65,1,0.7191,0.6124,-0.0046,0,1,0
eval_01698.png,314.68,0,0.1172,0.2722,-0.0212,0,0,0
eval_01699.png,159.46,1,0.7706,0.6288,0.158,1,1,0
eval_01700.png,307.77,0,0.0821,0.1064,-0.0697,0,0,0
eval_01701.png,142.3,1,0.6805,0.5383,-0.0121,0,1,0
eval_01702.png,160.81,1,0.7713,0.5795,0.2025,1,1,0
eval_01703.png,140.79,1,0.5929,0.5212,0.3887,1,1,0
eval_01704.png,148.65,1,0.7875,0.7178,0.0161,1,1,0
eval_01705.png,242.55,1,0.6953,0.7116,0.0441,1,1,0
eval_01706.png,161.43,1,0.7307,0.6424,-0.0091,0,1,0
eval_01707.png,105.2,1,0.7465,0.7852,-0.0681,0,1,0
eval_01708.png,228.24,1,0.5967,0.334,-0.0127,0,0,1
eval_01709.png,148.03,1,0.6341,0.5477,-0.0895,0,1,0
eval_01710.png,111.41,1,0.7533,0.6458,0.0356,1,1,0
eval_01711.png,147.14,1,0.6486,0.6445,-0.0175,0,1,0
eval_01712.png,99.26,1,0.8469,0.7168,0.0108,1,1,0
eval_01713.png,140.79,1,0.6654,0.5529,-0.0042,0,1,0
eval_01714.png,169.55,1,0.6133,0.6198,0.2305,1,1,0
eval_01715.png,350.15,0,0.3212,0.3557,-0.0334,0,0,0
eval_01716.png,164.0,1,0.6523,0.5318,-0.0254,0,1,0
eval_01717.png,339.06,0,0.1522,0.1751,0.0165,1,0,0
eval_01718.png,148.54,1,0.5463,0.5415,0.0039,1,1,0
eval_01719.png,149.63,1,0.7075,0.5799,-0.008,0,1,0
eval_01720.png,333.61,0,0.2308,0.1526,-0.1334,0,0,0
eval_01721.png,328.77,0,0.2578,0.2835,-0.042,0,0,0
eval_01722.png,180.5,1,0.7948,0.7123,-0.0305,0,1,0
eval_01723.png,192.79,1,0.6713,0.7874,-0.0088,0,1,0
eval_01724.png,300.41,0,0.1395,0.3483,0.0153,1,0,0
eval_01725.png,319.22,0,0.1809,0.2908,-0.0398,0,0,0
eval_01726.png,211.09,1,0.6497,0.7643,-0.0232,0,1,0
eval_01727.png,113.97,1,0.6889,0.6661,0.1344,1,1,0
eval_01728.png,92.74,1,0.7277,0.4799,0.0322,1,1,0
eval_01729.png,34.65,1,0.514,0.3459,0.0319,1,0,1
eval_01730.png,116.41,1,0.6319,0.5624,0.0831,1,1,0
eval_01731.png,259.02,0,0.4722,0.3633,-0.0371,0,0,0
eval_01732.png,167.58,1,0.7263,0.4814,-0.0158,0,1,0
eval_01733.png,102.85,1,0.7153,0.5771,0.0455,1,1,0
eval_01734.png,138.18,1,0.59,0.6949,0.1211,1,1,0
eval_01735.png,94.85,1,0.8006,0.7405,0.0661,1,1,0
eval_01736.png,135.45,1,0.652,0.5719,-0.0118,0,1,0
eval_01737.png,14.38,1,0.7997,0.5819,0.0033,1,1,0
eval_01738.png,103.2,1,0.7179,0.6502,-0.0133,0,1,0
eval_01739.png,298.78,0,0.2069,0.4146,-0.0822,0,0,0
eval_01740.png,141.46,1,0.6645,0.7484,0.0539,1,1,0
eval_01741.png,91.52,1,0.7126,0.4957,-0.0074,0,1,0
eval_01742.png,47.1,1,0.695,0.6029,0.0103,1,1,0
eval_01743.png,39.47,1,0.7713,0.7841,-0.1398,0,1,0
eval_01744.png,305.55,0,0.1188,0.2566,0.0609,1,0,0
eval_01745.png,63.06,0,0.3939,0.5348,-0.0093,0,0,0
eval_01746.png,292.72,0,0.3528,0.503,0.041,1,0,0
eval_01747.png,173.26,1,0.6319,0.5269,0.0506,1,1,0
eval_01748.png,205.72,1,0.9444,0.9349,0.0983,1,1,0
eval_01749.png,2.06,1,0.6392,0.5894,-0.0945,0,1,0
eval_01750.png,11.54,1,0.7795,0.5912,0.0275,1,1,0
eval_01751.png,139.38,1,0.629,0.5754,-0.0051,0,1,0
eval_01752.png,346.97,0,0.2058,0.2542,-0.2845,0,0,0
eval_01753.png,278.4,0,0.1721,0.2624,-0.0157,0,0,0
eval_01754.png,128.78,1,0.7599,0.6495,0.0119,1,1,0
eval_01755.png,257.81,1,0.7624,0.6905,0.0408,1,1,0
eval_01756.png,102.75,1,0.8,0.7295,-0.0597,0,1,0
eval_01757.png,180.26,1,0.5738,0.5914,-0.0114,0,1,0
eval_01758.png,251.99,1,0.7911,0.5345,-0.0223,0,1,0
eval_01759.png,220.83,1,0.8799,0.7318,0.2016,1,1,0
eval_01760.png,10.72,1,0.7374,0.7617,-0.3036,0,1,0
eval_01761.png,167.87,1,0.8649,0.7883,-0.0403,0,1,0
eval_01762.png,142.26,1,0.7407,0.6877,0.0013,1,1,0
eval_01763.png,257.3,0,0.4667,0.3158,-0.0276,0,0,0
eval_01764.png,242.93,1,0.6524,0.7225,0.0808,1,1,0
eval_01765.png,101.49,1,0.8041,0.562,0.0516,1,1,0
eval_01766.png,161.81,1,0.7558,0.66,0.008,1,1,0
eval_01767.png,327.42,0,0.3333,0.3489,-0.0043,0,0,0
eval_01768.png,98.64,1,0.7497,0.7645,-0.0835,0,1,0
eval_01769.png,128.61,1,0.8658,0.7209,-0.0005,0,1,0
eval_01770.png,162.79,1,0.8391,0.6553,-0.0182,0,1,0
eval_01771.png,172.77,1,0.8968,0.6866,0.3379,1,1,0
eval_01772.png,272.64,1,0.8057,0.5895,0.102,1,1,0
eval_01773.png,310.47,0,0.5227,0.6289,-0.0017,0,1,1
eval_01774.png,200.38,1,0.6587,0.6148,0.5244,1,1,0
eval_01775.png,167.97,1,0.6903,0.657,0.0005,1,1,0
eval_01776.png,85.11,1,0.6997,0.6068,-0.1292,0,1,0
eval_01777.png,275.62,0,0.2,0.3707,0.0168,1,0,0
eval_01778.png,199.81,1,0.9065,0.8247,0.0154,1,1,0
eval_01779.png,276.02,0,0.2643,0.2763,0.0158,1,0,0
eval_01780.png,285.97,0,0.2114,0.3028,0.0112,1,0,0
eval_01781.png,319.72,0,0.0691,0.1909,0.0064,1,0,0
eval_01782.png,302.53,0,0.4063,0.4813,-0.0333,0,1,1
eval_01783.png,183.15,1,0.6832,0.5536,-0.0823,0,1,0
eval_01784.png,190.51,1,0.8402,0.6457,0.3232,1,1,0
eval_01785.png,100.95,1,0.5918,0.7181,0.1095,1,1,0
eval_01786.png,173.03,1,0.7376,0.5978,0.3938,1,1,0
eval_01787.png,172.98,1,0.5744,0.609,-0.0069,0,1,0
eval_01788.png,67.11,1,0.5183,0.4767,0.0015,1,1,0
eval_01789.png,219.35,1,0.492,0.4719,-0.0054,0,1,0
eval_01790.png,159.45,1,0.6492,0.6404,-0.0338,0,1,0
eval_01791.png,139.68,1,0.5077,0.5001,0.0221,1,1,0
eval_01792.png,120.56,1,0.7145,0.7239,0.0825,1,1,0
eval_01793.png,203.98,1,0.8109,0.7311,0.0411,1,1,0
eval_01794.png,7.27,1,0.5356,0.1822,-0.0461,0,0,1
eval_01795.png,217.99,1,0.7157,0.6018,0.2548,1,1,0
eval_01796.png,40.39,1,0.8017,0.6805,-0.084,0,1,0
eval_01797.png,178.26,1,0.8483,0.6177,-0.0472,0,1,0
eval_01798.png,89.24,1,0.6889,0.7176,0.0261,1,1,0
eval_01799.png,110.6,1,0.6723,0.5918,-0.1139,0,1,0
eval_01800.png,63.22,1,0.8347,0.8157,-0.1023,0,1,0
eval_01801.png,292.73,0,0.2379,0.3613,-0.0233,0,0,0
eval_01802.png,177.31,1,0.816,0.7694,0.2906,1,1,0
eval_01803.png,158.45,1,0.8013,0.6753,0.0841,1,1,0
eval_01804.png,329.12,0,0.206,0.283,-0.0446,0,0,0
eval_01805.png,137.56,1,0.6191,0.5507,0.1244,1,1,0
eval_01806.png,73.14,1,0.7076,0.6665,0.0185,1,1,0
eval_01807.png,100.72,1,0.692,0.4856,-0.0161,0,1,0
eval_01808.png,25.62,1,0.7249,0.7606,-0.2076,0,1,0
eval_01809.png,116.17,1,0.6273,0.6828,0.0095,1,1,0
eval_01810.png,120.04,1,0.7646,0.3807,-0.0397,0,1,0
eval_01811.png,179.33,0,0.5427,0.5241,-0.0197,0,1,1
eval_01812.png,144.73,1,0.5704,0.5737,0.0196,1,1,0
eval_01813.png,22.34,1,0.7023,0.6668,-0.0476,0,1,0
eval_01814.png,13.67,1,0.8196,0.7888,-0.0301,0,1,0
eval_01815.png,19.23,1,0.6871,0.7354,0.0059,1,1,0
eval_01816.png,142.01,1,0.7796,0.6479,0.1173,1,1,0
eval_01817.png,71.76,1,0.5918,0.6142,0.2279,1,1,0
eval_01818.png,66.05,1,0.7232,0.7981,0.0045,1,1,0
eval_01819.png,171.2,1,0.8583,0.7457,0.217,1,1,0
eval_01820.png,156.05,1,0.5602,0.61,-0.0438,0,0,1
eval_01821.png,167.17,1,0.8247,0.7611,0.1472,1,1,0
eval_01822.png,149.35,1,0.6746,0.5966,-0.0169,0,1,0
eval_01823.png,104.58,1,0.5422,0.4354,-0.0235,0,0,1
eval_01824.png,143.17,1,0.6318,0.5125,0.0637,1,1,0
eval_01825.png,286.07,0,0.2001,0.2944,0.005,1,0,0
eval_01826.png,296.36,0,0.1681,0.1884,0.0047,1,0,0
eval_01827.png,319.71,0,0.1966,0.555,0.0225,1,0,0
eval_01828.png,303.55,0,0.1498,0.3329,-0.0403,0,0,0
eval_01829.png,179.19,1,0.6978,0.7907,-0.0297,0,1,0
eval_01830.png,105.02,1,0.6642,0.6476,0.0629,1,1,0
eval_01831.png,157.92,1,0.7219,0.5581,0.1398,1,1,0
eval_01832.png,13.73,1,0.7139,0.8311,0.3353,1,1,0
eval_01833.png,101.35,1,0.8268,0.8609,0.0473,1,1,0
eval_01834.png,277.15,0,0.4141,0.4302,-0.0024,0,0,0
eval_01835.png,177.46,1,0.7598,0.6216,0.1129,1,1,0
eval_01836.png,106.78,1,0.8202,0.7178,0.0099,1,1,0
eval_01837.png,109.21,1,0.7528,0.6502,-0.0207,0,1,0
eval_01838.png,162.36,1,0.7211,0.6411,0.0376,1,1,0
eval_01839.png,317.79,0,0.2027,0.2315,-0.1745,0,0,0
eval_01840.png,137.85,1,0.6619,0.72,0.0304,1,1,0
eval_01841.png,125.13,1,0.7355,0.7243,0.0396,1,1,0
eval_01842.png,177.49,1,0.7182,0.6304,0.3675,1,1,0
eval_01843.png,251.1,1,0.7668,0.453,0.0223,1,1,0
eval_01844.png,19.28,1,0.743,0.5226,-0.0758,0,1,0
eval_01845.png,168.5,1,0.5906,0.6887,0.0197,1,1,0
eval_01846.png,123.58,1,0.4041,0.4418,-0.0,0,0,1
eval_01847.png,116.76,1,0.7421,0.563,0.0215,1,1,0
eval_01848.png,92.98,1,0.8564,0.8353,-0.0181,0,1,0
eval_01849.png,69.92,1,0.7231,0.8361,-0.0968,0,1,0
eval_01850.png,147.94,1,0.7671,0.6864,0.0816,1,1,0
eval_01851.png,205.34,1,0.8479,0.5338,-0.0523,0,1,0
eval_01852.png,162.3,1,0.6205,0.548,-0.004,0,1,0
eval_01853.png,213.29,1,0.4761,0.4229,0.0198,1,0,1
eval_01854.png,313.01,0,0.1662,0.2368,-0.0485,0,0,0
eval_01855.png,96.26,1,0.7976,0.6943,0.0175,1,1,0
eval_01856.png,153.76,1,0.4548,0.569,0.0008,1,1,0
eval_01857.png,131.43,1,0.7332,0.5734,0.1395,1,1,0
eval_01858.png,79.94,1,0.9222,0.8326,-0.0209,0,1,0
eval_01859.png,111.53,1,0.4669,0.6456,0.0859,1,1,0
eval_01860.png,101.99,1,0.8641,0.7021,0.1025,1,1,0
eval_01861.png,14.5,0,0.2402,0.2484,0.0226,1,0,0
eval_01862.png,298.38,0,0.0961,0.0652,-0.05,0,0,0
eval_01863.png,151.09,1,0.8556,0.6847,0.1381,1,1,0
eval_01864.png,273.96,1,0.4635,0.4668,0.0245,1,0,1
eval_01865.png,107.05,1,0.824,0.678,-0.0144,0,1,0
eval_01866.png,88.89,1,0.7033,0.5816,-0.0019,0,1,0
eval_01867.png,334.34,0,0.3326,0.3701,-0.0657,0,0,0
eval_01868.png,105.21,1,0.7319,0.6961,-0.1083,0,1,0
eval_01869.png,270.01,0,0.0948,0.1855,-0.0498,0,0,0
eval_01870.png,128.94,1,0.6341,0.5206,-0.0031,0,1,0
eval_01871.png,290.13,0,0.2521,0.2048,-0.0144,0,0,0
eval_01872.png,117.7,1,0.5612,0.5163,-0.0339,0,1,0
eval_01873.png,322.57,0,0.2423,0.2377,0.1184,1,0,0
eval_01874.png,260.95,1,0.4537,0.3829,0.0003,1,0,1
eval_01875.png,107.1,1,0.8098,0.8046,-0.0196,0,1,0
eval_01876.png,165.44,1,0.7564,0.4988,-0.1018,0,1,0
eval_01877.png,145.3,1,0.7484,0.5498,0.0363,1,1,0
eval_01878.png,153.89,1,0.7925,0.7108,0.4248,1,1,0
eval_01879.png,171.04,1,0.6592,0.6862,-0.0171,0,1,0
eval_01880.png,173.95,1,0.8536,0.5864,-0.0215,0,1,0
eval_01881.png,130.82,1,0.6386,0.4492,0.1722,1,1,0
eval_01882.png,132.73,1,0.9324,0.8259,0.1606,1,1,0
eval_01883.png,107.78,1,0.8145,0.5107,0.0086,1,1,0
eval_01884.png,163.09,1,0.7492,0.8099,0.1646,1,1,0
eval_01885.png,117.73,1,0.6827,0.6449,0.0883,1,1,0
eval_01886.png,88.0,1,0.8676,0.8238,0.0092,1,1,0
eval_01887.png,120.26,1,0.6985,0.5631,-0.0363,0,1,0
eval_01888.png,171.53,1,0.7802,0.5367,-0.0496,0,1,0
eval_01889.png,235.24,1,0.9297,0.8164,0.1492,1,1,0
eval_01890.png,232.45,1,0.6814,0.7028,-0.2261,0,1,0
eval_01891.png,351.07,1,0.5395,0.7782,0.017,1,1,0
eval_01892.png,89.48,1,0.8531,0.8322,0.0192,1,1,0
eval_01893.png,169.45,1,0.7898,0.516,0.056,1,1,0
eval_01894.png,191.2,1,0.8109,0.8136,0.2419,1,1,0
eval_01895.png,128.81,1,0.8084,0.5488,-0.0012,0,1,0
eval_01896.png,288.96,0,0.228,0.3455,0.0165,1,0,0
eval_01897.png,161.53,1,0.8399,0.7468,0.1051,1,1,0
eval_01898.png,99.91,1,0.7181,0.7453,0.0231,1,1,0
eval_01899.png,133.38,1,0.6906,0.4883,-0.0083,0,1,0
eval_01900.png,103.66,1,0.6996,0.6915,0.1402,1,1,0
eval_01901.png,144.24,0,0.4667,0.4119,-0.0609,0,0,0
eval_01902.png,125.89,1,0.8186,0.461,-0.0369,0,1,0
eval_01903.png,147.33,1,0.7183,0.5565,0.1691,1,1,0
eval_01904.png,99.73,1,0.7929,0.781,-0.0507,0,1,0
eval_01905.png,294.24,0,0.3263,0.5948,0.0529,1,0,0
eval_01906.png,247.82,1,0.6761,0.5997,-0.0303,0,1,0
eval_01907.png,86.83,1,0.7825,0.797,0.0242,1,1,0
eval_01908.png,142.83,1,0.8297,0.726,0.325,1,1,0
eval_01909.png,144.06,1,0.8029,0.6037,0.0452,1,1,0
eval_01910.png,153.82,1,0.5886,0.7976,0.3575,1,1,0
eval_01911.png,331.34,0,0.0926,0.1234,-0.2557,0,0,0
eval_01912.png,324.88,0,0.1817,0.3071,0.0853,1,0,0
eval_01913.png,145.4,1,0.7475,0.519,-0.0085,0,1,0
eval_01914.png,221.38,1,0.5078,0.4421,-0.0251,0,0,1
eval_01915.png,131.12,1,0.7293,0.5384,0.1282,1,1,0
eval_01916.png,150.41,1,0.6782,0.5698,0.3585,1,1,0
eval_01917.png,96.58,1,0.6882,0.6362,0.0372,1,1,0
eval_01918.png,120.16,1,0.6977,0.7055,0.0097,1,1,0
eval_01919.png,94.97,1,0.7804,0.5922,0.0347,1,1,0
eval_01920.png,145.27,1,0.7238,0.6863,0.0007,1,1,0
eval_01921.png,115.33,1,0.5896,0.5689,0.0218,1,1,0
eval_01922.png,261.11,1,0.5075,0.8221,0.1668,1,1,0
eval_01923.png,67.82,1,0.4203,0.4143,-0.0889,0,0,1
eval_01924.png,244.45,1,0.7762,0.7818,0.1108,1,1,0
eval_01925.png,167.62,1,0.6512,0.623,-0.0917,0,1,0
eval_01926.png,257.44,1,0.5761,0.3818,-0.0306,0,0,1
eval_01927.png,129.05,1,0.5933,0.5885,0.0096,1,1,0
eval_01928.png,119.67,1,0.5859,0.689,0.1019,1,1,0
eval_01929.png,131.56,1,0.6745,0.6545,0.0006,1,1,0
eval_01930.png,145.07,1,0.6744,0.4834,-0.0265,0,1,0
eval_01931.png,173.06,1,0.7035,0.7466,0.1045,1,1,0
eval_01932.png,150.76,1,0.8315,0.6954,0.2913,1,1,0
eval_01933.png,129.44,0,0.4136,0.4067,-0.3691,0,0,0
eval_01934.png,126.91,1,0.6906,0.5175,0.1749,1,1,0
eval_01935.png,150.4,1,0.6647,0.6172,-0.0162,0,1,0
eval_01936.png,276.98,0,0.1498,0.199,0.0282,1,0,0
eval_01937.png,149.34,1,0.8016,0.764,0.1769,1,1,0
eval_01938.png,103.33,1,0.79,0.8553,-0.0098,0,1,0
eval_01939.png,115.21,1,0.6764,0.5717,0.0091,1,1,0
eval_01940.png,125.22,1,0.5002,0.5251,-0.0366,0,1,0
eval_01941.png,227.22,1,0.7486,0.4104,-0.0111,0,1,0
eval_01942.png,119.16,1,0.5429,0.399,0.0891,1,1,0
eval_01943.png,52.95,1,0.6441,0.7375,-0.212,0,1,0
eval_01944.png,107.16,1,0.6547,0.7205,-0.0016,0,1,0
eval_01945.png,124.41,1,0.8388,0.7257,0.0277,1,1,0
eval_01946.png,45.51,1,0.7864,0.6876,0.004,1,1,0
eval_01947.png,118.39,1,0.7968,0.5727,-0.028,0,1,0
eval_01948.png,50.23,1,0.7898,0.7019,-0.0324,0,1,0
eval_01949.png,171.13,1,0.5317,0.6376,0.1069,1,1,0
eval_01950.png,274.66,0,0.2222,0.2564,0.0164,1,0,0
eval_01951.png,177.6,1,0.7008,0.5706,0.057,1,1,0
eval_01952.png,128.7,1,0.5718,0.5214,0.176,1,1,0
eval_01953.png,137.9,1,0.7017,0.6543,0.013,1,1,0
eval_01954.png,260.9,0,0.4537,0.5534,-0.0808,0,0,0
eval_01955.png,170.44,1,0.8687,0.7324,-0.0336,0,1,0
eval_01956.png,126.8,1,0.7973,0.4955,0.28,1,1,0
eval_01957.png,208.26,1,0.6593,0.5759,-0.0184,0,1,0
eval_01958.png,292.72,0,0.0957,0.0628,-0.0765,0,0,0
eval_01959.png,148.91,1,0.8273,0.6798,-0.0163,0,1,0
eval_01960.png,354.89,0,0.3114,0.2567,-0.0408,0,0,0
eval_01961.png,113.82,1,0.8012,0.7959,0.0837,1,1,0
eval_01962.png,325.2,0,0.1779,0.1219,-0.2493,0,0,0
eval_01963.png,98.64,1,0.7539,0.6863,0.0027,1,1,0
eval_01964.png,100.49,1,0.6838,0.6928,0.0111,1,1,0
eval_01965.png,127.81,1,0.704,0.5924,-0.0452,0,1,0
eval_01966.png,173.87,1,0.8066,0.7115,0.4336,1,1,0
eval_01967.png,22.11,1,0.6686,0.4068,-0.0891,0,1,0
eval_01968.png,157.79,1,0.8478,0.8202,0.3636,1,1,0
eval_01969.png,352.69,0,0.2558,0.3805,0.1019,1,0,0
eval_01970.png,147.61,1,0.7239,0.4657,0.0485,1,1,0
eval_01971.png,164.97,1,0.654,0.7838,0.3536,1,1,0
eval_01972.png,141.64,1,0.75,0.6113,-0.0311,0,1,0
eval_01973.png,91.22,1,0.7602,0.6848,-0.0592,0,1,0
eval_01974.png,111.41,1,0.6931,0.6531,0.161,1,1,0
eval_01975.png,356.37,0,0.1179,0.1311,0.0126,1,0,0
eval_01976.png,330.27,0,0.1603,0.1618,-0.2648,0,0,0
eval_01977.png,166.56,1,0.8468,0.7964,0.426,1,1,0
eval_01978.png,153.92,1,0.743,0.7011,0.1621,1,1,0
eval_01979.png,283.19,0,0.4525,0.5855,0.0434,1,1,1
eval_01980.png,60.71,1,0.5205,0.4518,-0.1422,0,0,1
eval_01981.png,130.94,1,0.7243,0.5965,0.351,1,1,0
eval_01982.png,243.28,1,0.6611,0.4554,0.0821,1,1,0
eval_01983.png,111.73,1,0.7549,0.781,-0.0488,0,1,0
eval_01984.png,302.19,0,0.1409,0.1621,-0.0827,0,0,0
eval_01985.png,260.52,1,0.7636,0.8253,0.1146,1,1,0
eval_01986.png,99.86,1,0.8288,0.757,-0.0444,0,1,0
eval_01987.png,185.2,1,0.8349,0.5867,0.0412,1,1,0
eval_01988.png,119.28,1,0.6238,0.6768,0.0191,1,1,0
eval_01989.png,27.73,1,0.6097,0.5626,-0.3353,0,1,0
eval_01990.png,119.88,1,0.6839,0.6475,0.0705,1,1,0
eval_01991.png,149.45,1,0.8175,0.6952,0.013,1,1,0
eval_01992.png,295.43,0,0.1471,0.1655,-0.0295,0,0,0
eval_01993.png,34.9,1,0.8314,0.8596,0.0301,1,1,0
eval_01994.png,298.43,0,0.1696,0.2662,-0.0157,0,0,0
eval_01995.png,268.25,1,0.6038,0.726,0.0771,1,1,0
eval_01996.png,137.47,1,0.8049,0.6294,-0.0489,0,1,0
eval_01997.png,198.48,1,0.8042,0.6779,-0.0501,0,1,0
eval_01998.png,179.41,1,0.731,0.5762,0.1777,1,1,0
eval_01999.png,20.66,0,0.2029,0.3192,-0.2619,0,0,0
eval_02000.png,133.32,1,0.5099,0.5271,0.1747,1,1,0
