image_id,sun_azimuth_angle,label,oof_prob_class1,fold
train_00001.png,77.69,1,0.9851452112197876,1
train_00002.png,75.97,1,0.614966869354248,2
train_00003.png,172.66,1,0.958580732345581,2
train_00004.png,150.14,1,0.832783579826355,1
train_00005.png,109.42,0,0.7628793120384216,1
train_00006.png,303.84,0,0.08849669992923737,3
train_00007.png,267.33,1,0.14314334094524384,0
train_00008.png,356.73,1,0.47699853777885437,0
train_00009.png,177.07,0,0.8959792256355286,4
train_00010.png,326.32,0,0.0029946393333375454,2
train_00011.png,278.78,1,0.20495598018169403,0
train_00012.png,286.2,0,0.011891522444784641,2
train_00013.png,248.34,1,0.4839288890361786,2
train_00014.png,153.4,1,0.9923220276832581,2
train_00015.png,277.36,0,0.0944892093539238,3
train_00016.png,283.31,0,0.4228879511356354,3
train_00017.png,289.09,0,0.08387549221515656,2
train_00018.png,354.6,0,0.08500883728265762,0
train_00019.png,265.65,0,0.021070603281259537,3
train_00020.png,106.18,0,0.7925360202789307,2
train_00021.png,132.16,1,0.6069873571395874,1
train_00022.png,276.76,0,0.6329846978187561,1
train_00023.png,288.13,0,0.5673251152038574,4
train_00024.png,320.0,1,0.15571583807468414,2
train_00025.png,140.59,1,0.7674926519393921,0
train_00026.png,289.84,0,0.3320545256137848,4
train_00027.png,70.81,1,0.7620372772216797,0
train_00028.png,331.15,0,0.018496455624699593,3
train_00029.png,278.81,0,0.6410929560661316,3
train_00030.png,277.01,1,0.19748398661613464,0
train_00031.png,177.89,1,0.9754520654678345,3
train_00032.png,184.36,1,0.9555230140686035,3
train_00033.png,295.85,0,0.012050395831465721,0
train_00034.png,6.6,1,0.3970354199409485,1
train_00035.png,33.94,1,0.3568359613418579,3
train_00036.png,312.04,0,0.04976038262248039,2
train_00037.png,253.09,0,0.44217756390571594,2
train_00038.png,344.03,0,0.042014770209789276,3
train_00039.png,161.59,0,0.8403341770172119,0
train_00040.png,256.77,0,0.5942628383636475,4
train_00041.png,285.28,0,0.11473331600427628,2
train_00042.png,30.84,1,0.8958036303520203,1
train_00043.png,296.16,1,0.1258692741394043,1
train_00044.png,19.58,1,0.5431733131408691,0
train_00045.png,133.83,0,0.8072677254676819,0
train_00046.png,282.61,0,0.024597279727458954,1
train_00047.png,98.85,1,0.4096040427684784,3
train_00048.png,46.78,1,0.9139288067817688,1
train_00049.png,331.51,0,0.16069082915782928,4
train_00050.png,123.83,0,0.6148860454559326,0
train_00051.png,12.87,1,0.8003695607185364,0
train_00052.png,337.04,0,0.34227925539016724,4
train_00053.png,173.36,1,0.9782328605651855,4
train_00054.png,272.23,0,0.6517516374588013,0
train_00055.png,337.46,0,0.09103560447692871,4
train_00056.png,100.94,1,0.597822368144989,0
train_00057.png,241.67,1,0.8198107481002808,4
train_00058.png,335.58,1,0.34552088379859924,0
train_00059.png,301.06,0,0.044524528086185455,1
train_00060.png,324.35,1,0.3561362326145172,4
train_00061.png,305.69,1,0.11353950947523117,0
train_00062.png,325.45,0,0.27431273460388184,4
train_00063.png,132.37,1,0.24748459458351135,1
train_00064.png,70.21,1,0.9096941351890564,0
train_00065.png,168.25,1,0.8980319499969482,4
train_00066.png,348.43,0,0.26447466015815735,4
train_00067.png,306.51,1,0.05028938874602318,4
train_00068.png,346.16,0,0.24038077890872955,4
train_00069.png,2.14,1,0.28607723116874695,1
train_00070.png,312.47,0,0.013852335512638092,2
train_00071.png,35.98,1,0.9621076583862305,2
train_00072.png,80.61,1,0.822591245174408,3
train_00073.png,168.74,1,0.741731584072113,4
train_00074.png,167.76,1,0.6327827572822571,4
train_00075.png,356.48,0,0.7079713344573975,3
train_00076.png,305.99,0,0.06882648915052414,1
train_00077.png,271.92,1,0.6947949528694153,2
train_00078.png,280.1,0,0.07802367210388184,0
train_00079.png,49.28,1,0.5821794867515564,3
train_00080.png,195.93,1,0.9485939741134644,4
train_00081.png,340.18,0,0.21060946583747864,4
train_00082.png,287.59,1,0.09745970368385315,0
train_00083.png,356.37,1,0.4529523253440857,0
train_00084.png,183.38,1,0.7968555688858032,0
train_00085.png,272.24,0,0.259304404258728,1
train_00086.png,296.83,0,0.032724156975746155,2
train_00087.png,312.75,1,0.04339655488729477,3
train_00088.png,316.56,0,0.16273844242095947,0
train_00089.png,60.82,1,0.4966815114021301,3
train_00090.png,98.57,1,0.9253504276275635,4
train_00091.png,116.85,1,0.4656660854816437,3
train_00092.png,67.23,1,0.954698920249939,2
train_00093.png,285.82,0,0.5708852410316467,2
train_00094.png,213.46,1,0.5406709313392639,4
train_00095.png,20.46,1,0.4459424614906311,4
train_00096.png,167.16,0,0.4068663418292999,4
train_00097.png,209.17,1,0.6390392184257507,2
train_00098.png,23.82,1,0.8138911724090576,2
train_00099.png,319.61,0,0.40424230694770813,4
train_00100.png,321.88,0,0.014954627491533756,2
train_00101.png,355.42,0,0.18359987437725067,2
train_00102.png,324.53,0,0.07631979137659073,1
train_00103.png,250.42,0,0.8846354484558105,0
train_00104.png,170.92,0,0.8321000933647156,4
train_00105.png,15.56,1,0.6093363165855408,1
train_00106.png,277.6,0,0.6553954482078552,0
train_00107.png,24.64,1,0.9754624366760254,3
train_00108.png,271.23,0,0.21167486906051636,2
train_00109.png,327.58,0,0.09076736867427826,0
train_00110.png,182.36,1,0.7319395542144775,1
train_00111.png,36.57,1,0.6832194924354553,0
train_00112.png,9.98,1,0.29250669479370117,1
train_00113.png,265.42,1,0.13555504381656647,2
train_00114.png,359.15,0,0.2964841425418854,2
train_00115.png,290.41,0,0.0353618860244751,1
train_00116.png,292.25,1,0.05902978032827377,2
train_00117.png,317.7,0,0.5224615931510925,2
train_00118.png,27.52,1,0.742540717124939,4
train_00119.png,274.61,0,0.16087985038757324,1
train_00120.png,300.77,0,0.2459772229194641,1
train_00121.png,345.36,1,0.32867318391799927,4
train_00122.png,200.83,1,0.9630446434020996,3
train_00123.png,302.08,0,0.09432532638311386,0
train_00124.png,215.05,1,0.9434069991111755,0
train_00125.png,346.97,0,0.24609649181365967,4
train_00126.png,272.05,1,0.6346690058708191,2
train_00127.png,348.88,1,0.1014929786324501,3
train_00128.png,343.01,1,0.3200491964817047,2
train_00129.png,351.31,0,0.3681623339653015,3
train_00130.png,346.34,0,0.1348428577184677,0
train_00131.png,273.97,0,0.14959125220775604,0
train_00132.png,332.88,0,0.053651511669158936,1
train_00133.png,309.12,0,0.006231002509593964,2
train_00134.png,271.19,0,0.9291871786117554,3
train_00135.png,271.64,0,0.13054850697517395,1
train_00136.png,164.85,1,0.7360670566558838,3
train_00137.png,313.44,0,0.20276762545108795,2
train_00138.png,320.09,0,0.5921087861061096,4
train_00139.png,274.57,1,0.6202236413955688,4
train_00140.png,86.26,1,0.6264458894729614,1
train_00141.png,293.27,0,0.20855353772640228,4
train_00142.png,35.0,1,0.7824671268463135,0
train_00143.png,346.35,1,0.08191975951194763,0
train_00144.png,335.75,0,0.08390499651432037,0
train_00145.png,337.02,0,0.3017491400241852,4
train_00146.png,314.64,1,0.16705046594142914,0
train_00147.png,203.46,1,0.9683000445365906,1
train_00148.png,212.16,1,0.9554106593132019,2
train_00149.png,10.39,1,0.3074677288532257,0
train_00150.png,82.8,0,0.9998953342437744,3
train_00151.png,358.56,1,0.048898037523031235,2
train_00152.png,289.95,0,0.9696195125579834,3
train_00153.png,329.45,1,0.11831603944301605,2
train_00154.png,195.37,1,0.993882417678833,3
train_00155.png,51.59,1,0.1433285027742386,3
train_00156.png,305.45,0,0.47430869936943054,4
train_00157.png,345.19,0,0.9536380171775818,2
train_00158.png,293.06,1,0.09330210834741592,3
train_00159.png,23.35,1,0.3594910502433777,4
train_00160.png,82.83,1,0.7433054447174072,1
train_00161.png,263.65,1,0.30094853043556213,3
train_00162.png,309.93,1,0.0980241447687149,1
train_00163.png,327.34,0,0.5021044611930847,4
train_00164.png,81.77,1,0.8026793003082275,0
train_00165.png,279.32,0,0.09217212349176407,4
train_00166.png,137.35,1,0.9131699800491333,0
train_00167.png,185.05,1,0.8608009219169617,4
train_00168.png,251.73,1,0.9692055583000183,3
train_00169.png,180.36,1,0.9202694892883301,4
train_00170.png,327.23,0,0.08539734035730362,2
train_00171.png,221.8,1,0.9488279819488525,0
train_00172.png,209.23,1,0.8922196626663208,0
train_00173.png,31.49,1,0.8246603012084961,1
train_00174.png,94.61,1,0.2811352014541626,0
train_00175.png,292.97,0,0.07391909509897232,4
train_00176.png,274.78,0,0.17994406819343567,4
train_00177.png,299.88,0,0.045368049293756485,2
train_00178.png,64.33,1,0.8453354835510254,4
train_00179.png,134.37,1,0.992413341999054,2
train_00180.png,357.11,0,0.20043817162513733,3
train_00181.png,85.95,1,0.9029132723808289,3
train_00182.png,348.2,0,0.5199190378189087,1
train_00183.png,329.24,0,0.09450498968362808,2
train_00184.png,322.39,1,0.06289957463741302,0
train_00185.png,88.18,1,0.21995994448661804,0
train_00186.png,358.99,0,0.021338434889912605,2
train_00187.png,163.39,1,0.8967399597167969,1
train_00188.png,330.41,1,0.15817630290985107,1
train_00189.png,337.49,0,0.5023207664489746,2
train_00190.png,46.51,1,0.898375391960144,2
train_00191.png,342.8,0,0.10747500509023666,0
train_00192.png,345.13,1,0.33629363775253296,4
train_00193.png,335.05,1,0.10695605725049973,0
train_00194.png,69.31,1,0.37047091126441956,0
train_00195.png,340.33,1,0.5628542304039001,0
train_00196.png,18.13,1,0.18842636048793793,1
train_00197.png,307.97,0,0.15518353879451752,3
train_00198.png,350.78,0,0.5682856440544128,0
train_00199.png,129.77,0,0.9070611000061035,3
train_00200.png,144.05,1,0.9139083027839661,4
train_00201.png,284.38,1,0.014477717690169811,1
train_00202.png,177.05,1,0.6710306406021118,1
train_00203.png,189.04,1,0.49174678325653076,1
train_00204.png,261.27,1,0.8060601353645325,4
train_00205.png,172.53,1,0.6859381794929504,0
train_00206.png,54.96,1,0.999123752117157,2
train_00207.png,179.63,0,0.9901142120361328,2
train_00208.png,277.64,0,0.2473326176404953,3
train_00209.png,301.22,1,0.00568371033295989,3
train_00210.png,79.66,1,0.8912383317947388,2
train_00211.png,284.55,1,0.29529792070388794,2
train_00212.png,340.67,1,0.07393082976341248,0
train_00213.png,327.89,0,0.0188519936054945,3
train_00214.png,173.86,1,0.959873616695404,2
train_00215.png,145.32,1,0.7512866854667664,1
train_00216.png,327.25,0,0.02808312512934208,2
train_00217.png,157.72,1,0.8962154388427734,1
train_00218.png,78.18,1,0.9524638056755066,4
train_00219.png,187.11,1,0.804957926273346,0
train_00220.png,148.7,1,0.8671948909759521,2
train_00221.png,293.6,1,0.2339247763156891,4
train_00222.png,90.79,1,0.3254837095737457,2
train_00223.png,118.29,1,0.8616886734962463,4
train_00224.png,32.78,1,0.8262780904769897,2
train_00225.png,346.74,1,0.23717282712459564,3
train_00226.png,82.79,1,0.9653130173683167,4
train_00227.png,84.19,1,0.9668874144554138,3
train_00228.png,208.88,1,0.9459677338600159,1
train_00229.png,115.07,1,0.47483110427856445,1
train_00230.png,323.8,0,0.032539330422878265,0
train_00231.png,315.77,0,0.07372000068426132,0
train_00232.png,155.91,1,0.8823503255844116,3
train_00233.png,282.41,1,0.3126993477344513,4
train_00234.png,15.24,1,0.5570917725563049,4
train_00235.png,309.0,0,0.0559551827609539,0
train_00236.png,302.04,0,0.0043007065542042255,3
train_00237.png,45.59,0,0.6049671173095703,0
train_00238.png,305.87,0,0.08893860876560211,2
train_00239.png,296.89,0,0.37212997674942017,0
train_00240.png,201.14,1,0.8260967135429382,3
train_00241.png,297.29,0,0.28766658902168274,2
train_00242.png,123.83,1,0.5328652262687683,0
train_00243.png,112.81,0,0.9797998070716858,3
train_00244.png,244.32,0,0.9431363940238953,3
train_00245.png,304.43,1,0.09687378257513046,0
train_00246.png,28.43,0,0.8479783535003662,4
train_00247.png,317.79,1,0.0023966736625880003,3
train_00248.png,135.11,1,0.9181339740753174,3
train_00249.png,100.39,1,0.8623071312904358,4
train_00250.png,227.05,1,0.9687604308128357,3
train_00251.png,196.28,1,0.906108558177948,4
train_00252.png,271.78,0,0.5762957334518433,2
train_00253.png,172.86,1,0.9846816062927246,3
train_00254.png,284.58,1,0.26012131571769714,2
train_00255.png,222.6,1,0.9885125160217285,3
train_00256.png,319.42,1,0.03687237203121185,2
train_00257.png,224.74,1,0.6470068097114563,2
train_00258.png,349.1,0,0.08464894443750381,3
train_00259.png,158.94,1,0.7086737155914307,1
train_00260.png,263.86,1,0.9761589169502258,3
train_00261.png,87.24,1,0.737804114818573,4
train_00262.png,115.86,1,0.6305521130561829,4
train_00263.png,186.13,1,0.8851841688156128,1
train_00264.png,7.54,0,0.27131959795951843,1
train_00265.png,239.59,1,0.24602362513542175,0
train_00266.png,315.43,1,0.09651428461074829,2
train_00267.png,134.68,1,0.9909680485725403,2
train_00268.png,58.11,1,0.9188501834869385,3
train_00269.png,288.0,0,0.6565442681312561,4
train_00270.png,139.81,1,0.8192293047904968,0
train_00271.png,171.74,1,0.6957670450210571,2
train_00272.png,326.98,0,0.17936956882476807,4
train_00273.png,315.96,1,0.10302909463644028,3
train_00274.png,341.09,0,0.13925905525684357,0
train_00275.png,256.58,1,0.34779641032218933,0
train_00276.png,141.4,1,0.4961852431297302,1
train_00277.png,174.73,1,0.8987069725990295,0
train_00278.png,203.12,1,0.8611080646514893,3
train_00279.png,180.61,1,0.9431086182594299,1
train_00280.png,306.91,0,0.08378876000642776,0
train_00281.png,295.57,0,0.030513551086187363,3
train_00282.png,207.79,1,0.4798363447189331,1
train_00283.png,317.48,1,0.022203614935278893,3
train_00284.png,10.64,1,0.8472782373428345,2
train_00285.png,59.28,1,0.9087874293327332,3
train_00286.png,19.31,1,0.7261572480201721,1
train_00287.png,337.18,0,0.06269083172082901,0
train_00288.png,43.71,1,0.982218861579895,2
train_00289.png,53.86,1,0.8488407135009766,3
train_00290.png,111.33,1,0.7413944005966187,0
train_00291.png,115.96,1,0.810355544090271,3
train_00292.png,311.02,0,0.05167816951870918,2
train_00293.png,321.55,1,0.06564898788928986,4
train_00294.png,236.21,1,0.9857518076896667,3
train_00295.png,320.14,1,0.18119372427463531,0
train_00296.png,313.66,1,0.10834215581417084,1
train_00297.png,342.28,0,0.3121086657047272,1
train_00298.png,61.14,1,0.35876142978668213,4
train_00299.png,349.14,0,0.14053161442279816,1
train_00300.png,276.19,0,0.23693907260894775,1
train_00301.png,133.46,1,0.9422112703323364,2
train_00302.png,201.67,1,0.33616548776626587,1
train_00303.png,280.01,1,0.31451165676116943,0
train_00304.png,291.02,0,0.4606757164001465,4
train_00305.png,186.0,1,0.6456429958343506,2
train_00306.png,252.18,1,0.8691744804382324,3
train_00307.png,238.1,1,0.8150509595870972,3
train_00308.png,280.82,0,0.5281921029090881,4
train_00309.png,191.95,1,0.16094094514846802,3
train_00310.png,270.34,0,0.3013330399990082,3
train_00311.png,51.55,1,0.5159894227981567,0
train_00312.png,309.86,1,0.049653854221105576,1
train_00313.png,126.91,1,0.18961603939533234,0
train_00314.png,355.75,1,0.1627015620470047,3
train_00315.png,319.95,0,0.04818904027342796,0
train_00316.png,79.43,1,0.7763432860374451,3
train_00317.png,299.83,1,0.12594778835773468,4
train_00318.png,304.24,1,0.020991582423448563,2
train_00319.png,225.21,1,0.8179545402526855,1
train_00320.png,161.31,1,0.6694998145103455,0
train_00321.png,355.45,0,0.0040029617957770824,2
train_00322.png,248.6,1,0.798237144947052,2
train_00323.png,61.96,1,0.6285755038261414,3
train_00324.png,282.56,0,0.8524639010429382,3
train_00325.png,355.36,0,0.35323506593704224,1
train_00326.png,310.67,0,0.14778923988342285,1
train_00327.png,138.61,1,0.7985820174217224,4
train_00328.png,347.34,1,0.3398090898990631,3
train_00329.png,297.02,0,0.05031174421310425,3
train_00330.png,286.24,0,0.5323696136474609,4
train_00331.png,297.32,0,0.027491822838783264,1
train_00332.png,236.4,1,0.497138649225235,0
train_00333.png,91.45,1,0.9944131970405579,2
train_00334.png,348.06,0,0.08094348013401031,0
train_00335.png,330.63,0,0.1286817342042923,0
train_00336.png,91.21,1,0.7606493830680847,4
train_00337.png,296.14,1,0.41120705008506775,3
train_00338.png,304.32,0,0.25912368297576904,4
train_00339.png,218.99,1,0.9864213466644287,2
train_00340.png,126.41,1,0.9579302668571472,2
train_00341.png,341.17,0,0.1255142241716385,3
train_00342.png,132.42,0,0.9029096961021423,2
train_00343.png,64.88,1,0.6279091835021973,3
train_00344.png,129.77,1,0.9834164381027222,3
train_00345.png,102.98,1,0.6349048614501953,0
train_00346.png,39.99,1,0.9668610095977783,3
train_00347.png,113.42,1,0.7550383806228638,0
train_00348.png,123.85,1,0.98265141248703,3
train_00349.png,76.31,1,0.9927720427513123,2
train_00350.png,310.37,0,0.32034194469451904,2
train_00351.png,127.64,1,0.8151847124099731,4
train_00352.png,331.82,0,0.6137508749961853,3
train_00353.png,123.33,0,0.9959006905555725,3
train_00354.png,337.52,0,0.30806654691696167,2
train_00355.png,85.54,1,0.9998283386230469,2
train_00356.png,301.4,0,0.06420192122459412,3
train_00357.png,107.66,1,0.9037182331085205,4
train_00358.png,235.65,1,0.9034523963928223,0
train_00359.png,283.45,0,0.009004645049571991,1
train_00360.png,168.59,1,0.9862411022186279,3
train_00361.png,234.06,1,0.41749632358551025,1
train_00362.png,350.0,0,0.2702082693576813,1
train_00363.png,290.89,1,0.024730565026402473,1
train_00364.png,302.19,0,0.17673923075199127,1
train_00365.png,354.0,0,0.2579621970653534,1
train_00366.png,177.88,1,0.8257325887680054,0
train_00367.png,291.25,0,0.15153101086616516,2
train_00368.png,149.79,1,0.8427691459655762,4
train_00369.png,19.38,0,0.6481214761734009,1
train_00370.png,273.77,0,0.15194788575172424,1
train_00371.png,327.45,0,0.3083840310573578,3
train_00372.png,27.21,1,0.25443175435066223,3
train_00373.png,114.79,1,0.054991088807582855,1
train_00374.png,217.02,1,0.8484287261962891,3
train_00375.png,27.56,1,0.9207873940467834,2
train_00376.png,333.62,1,0.12794481217861176,2
train_00377.png,141.91,0,0.9955631494522095,2
train_00378.png,322.03,1,0.0163674745708704,0
train_00379.png,188.98,1,0.9778738617897034,2
train_00380.png,286.49,0,0.027299119159579277,1
train_00381.png,286.08,0,0.13694733381271362,0
train_00382.png,316.56,1,0.07545848190784454,0
train_00383.png,175.52,1,0.9975181818008423,3
train_00384.png,52.98,1,0.6188285946846008,1
train_00385.png,12.03,1,0.6990418434143066,4
train_00386.png,353.61,1,0.4251794219017029,0
train_00387.png,98.97,1,0.9541218876838684,3
train_00388.png,139.56,1,0.9984595775604248,3
train_00389.png,313.47,0,0.02514299377799034,0
train_00390.png,287.07,0,0.3631191551685333,4
train_00391.png,161.9,1,0.9495778679847717,0
train_00392.png,22.31,1,0.8419178128242493,2
train_00393.png,302.56,0,0.06454970687627792,1
train_00394.png,356.5,0,0.36634746193885803,3
train_00395.png,272.27,0,0.92727130651474,0
train_00396.png,224.09,1,0.880327582359314,4
train_00397.png,137.9,1,0.8766093254089355,0
train_00398.png,224.24,0,0.6806870698928833,2
train_00399.png,338.91,1,0.11749805510044098,0
train_00400.png,274.18,0,0.08779936283826828,1
train_00401.png,338.65,0,0.1662953943014145,2
train_00402.png,352.49,0,0.43697673082351685,0
train_00403.png,270.63,0,0.08092425018548965,3
train_00404.png,179.94,1,0.6851584315299988,4
train_00405.png,6.64,1,0.865286648273468,4
train_00406.png,38.01,1,0.5505896210670471,1
train_00407.png,218.86,1,0.9381752610206604,1
train_00408.png,43.14,1,0.9982662796974182,2
train_00409.png,304.12,1,0.012885745614767075,1
train_00410.png,90.6,1,0.6955589056015015,1
train_00411.png,140.47,1,0.9305382966995239,4
train_00412.png,320.14,1,0.5574945211410522,4
train_00413.png,141.52,0,0.6229380965232849,0
train_00414.png,291.92,0,0.06755443662405014,4
train_00415.png,57.34,1,0.6885128617286682,4
train_00416.png,175.11,1,0.7639508247375488,1
train_00417.png,132.8,1,0.5674868822097778,1
train_00418.png,127.74,0,0.5625253915786743,4
train_00419.png,346.63,0,0.3164595067501068,2
train_00420.png,45.74,1,0.9383971691131592,2
train_00421.png,207.04,1,0.7968348264694214,0
train_00422.png,194.8,1,0.10599499195814133,3
train_00423.png,35.55,1,0.9902749061584473,2
train_00424.png,54.58,1,0.7412176728248596,0
train_00425.png,232.8,1,0.9539462327957153,0
train_00426.png,53.4,1,0.554449200630188,1
train_00427.png,291.75,1,0.27442601323127747,2
train_00428.png,350.8,0,0.1577301025390625,4
train_00429.png,161.99,1,0.9957554340362549,2
train_00430.png,32.76,1,0.5466128587722778,4
train_00431.png,79.56,1,0.5819505453109741,1
train_00432.png,162.14,1,0.8395265340805054,1
train_00433.png,287.98,1,0.27701038122177124,2
train_00434.png,38.08,1,0.9900402426719666,2
train_00435.png,53.78,0,0.9454349279403687,2
train_00436.png,51.54,1,0.9997496008872986,2
train_00437.png,156.13,0,0.9741716980934143,3
train_00438.png,337.81,1,0.050857916474342346,0
train_00439.png,205.71,1,0.7608190178871155,0
train_00440.png,156.76,1,0.39230138063430786,1
train_00441.png,290.76,1,0.23514942824840546,4
train_00442.png,251.36,1,0.19902077317237854,0
train_00443.png,199.27,1,0.9127457141876221,1
train_00444.png,279.22,0,0.13540732860565186,4
train_00445.png,102.64,1,0.9372826814651489,3
train_00446.png,52.85,1,0.5545621514320374,1
train_00447.png,247.52,1,0.987571120262146,2
train_00448.png,209.67,0,0.8850581049919128,1
train_00449.png,26.05,1,0.977297306060791,3
train_00450.png,357.01,0,0.42869654297828674,1
train_00451.png,111.18,1,0.624279260635376,1
train_00452.png,289.68,1,0.2051461786031723,4
train_00453.png,99.23,1,0.935172975063324,4
train_00454.png,343.29,1,0.07994978874921799,0
train_00455.png,56.54,1,0.8195799589157104,1
train_00456.png,150.57,1,0.8156539797782898,1
train_00457.png,352.24,1,0.2270473837852478,3
train_00458.png,182.25,1,0.7673435807228088,1
train_00459.png,80.72,1,0.6622645258903503,3
train_00460.png,41.14,1,0.8108013272285461,1
train_00461.png,300.68,1,0.5742104649543762,0
train_00462.png,172.57,1,0.9131643176078796,0
train_00463.png,95.84,1,0.9564602971076965,2
train_00464.png,61.84,1,0.9751846790313721,2
train_00465.png,194.68,1,0.6179701089859009,2
train_00466.png,349.61,0,0.4695565402507782,4
train_00467.png,102.65,1,0.9288750886917114,3
train_00468.png,286.81,0,0.856600284576416,0
train_00469.png,83.8,1,0.29988041520118713,0
train_00470.png,338.54,0,0.11240078508853912,2
train_00471.png,231.38,1,0.9273517727851868,2
train_00472.png,304.84,0,0.2209842950105667,4
train_00473.png,277.89,1,0.7143503427505493,2
train_00474.png,328.69,0,0.15367819368839264,4
train_00475.png,48.31,0,0.926612377166748,4
train_00476.png,39.1,1,0.793048620223999,4
train_00477.png,264.48,1,0.3046698570251465,1
train_00478.png,22.52,0,0.9757480025291443,2
train_00479.png,76.84,1,0.8730416297912598,0
train_00480.png,330.16,0,0.5951833128929138,2
train_00481.png,15.56,1,0.2812610864639282,0
train_00482.png,271.63,1,0.18493980169296265,3
train_00483.png,270.06,0,0.8734474182128906,2
train_00484.png,58.0,1,0.39772361516952515,1
train_00485.png,7.29,1,0.332014799118042,2
train_00486.png,12.31,1,0.7728150486946106,4
train_00487.png,169.65,1,0.910245418548584,4
train_00488.png,49.81,1,0.49872279167175293,2
train_00489.png,171.35,1,0.8052944540977478,0
train_00490.png,166.8,1,0.62009596824646,1
train_00491.png,178.69,1,0.5877254605293274,3
train_00492.png,347.74,1,0.5097854137420654,3
train_00493.png,300.33,1,0.06237665191292763,2
train_00494.png,34.33,1,0.9369015693664551,4
train_00495.png,358.61,1,0.18533170223236084,1
train_00496.png,210.42,1,0.9292171597480774,0
train_00497.png,234.83,1,0.4524199068546295,1
train_00498.png,326.75,1,0.30027154088020325,2
train_00499.png,2.19,1,0.552401065826416,4
train_00500.png,332.73,1,0.18568158149719238,3
train_00501.png,353.21,0,0.21245034039020538,0
train_00502.png,316.51,1,0.4604910612106323,4
train_00503.png,242.71,1,0.6899372935295105,3
train_00504.png,293.03,0,0.10693604499101639,1
train_00505.png,154.47,1,0.973280131816864,2
train_00506.png,101.01,1,0.8127678036689758,3
train_00507.png,278.26,1,0.1441740244626999,0
train_00508.png,11.85,1,0.8712814450263977,0
train_00509.png,348.17,0,0.7065724730491638,3
train_00510.png,318.95,0,0.7114332914352417,3
train_00511.png,278.47,1,0.26370686292648315,2
train_00512.png,38.92,1,0.6212357878684998,0
train_00513.png,288.55,0,0.04000422731041908,0
train_00514.png,220.43,1,0.7940575480461121,4
train_00515.png,67.38,1,0.9332073330879211,4
train_00516.png,339.24,1,0.18160830438137054,3
train_00517.png,350.05,1,0.1784769594669342,0
train_00518.png,3.17,1,0.8203518390655518,4
train_00519.png,103.45,1,0.7652412056922913,1
train_00520.png,339.61,0,0.01047662552446127,2
train_00521.png,104.97,1,0.6432937979698181,0
train_00522.png,335.1,0,0.26890939474105835,0
train_00523.png,133.87,1,0.8186594843864441,0
train_00524.png,339.19,0,0.3504177927970886,2
train_00525.png,122.48,1,0.9241655468940735,0
train_00526.png,350.91,0,0.3960341513156891,1
train_00527.png,272.35,0,0.05339209362864494,0
train_00528.png,4.78,0,0.08417508751153946,4
train_00529.png,197.4,1,0.7819160223007202,0
train_00530.png,312.77,0,0.5419111847877502,4
train_00531.png,57.73,1,0.9816266298294067,3
train_00532.png,348.84,1,0.07084089517593384,1
train_00533.png,128.62,1,0.7319898009300232,4
train_00534.png,13.2,0,0.7270353436470032,2
train_00535.png,344.42,0,0.012496234849095345,3
train_00536.png,118.04,1,0.43910112977027893,4
train_00537.png,328.53,0,0.36293935775756836,0
train_00538.png,286.91,1,0.15121418237686157,1
train_00539.png,309.82,1,0.7493259906768799,2
train_00540.png,49.04,1,0.42326104640960693,3
train_00541.png,213.89,0,0.9797285199165344,1
train_00542.png,333.53,0,0.7434595227241516,3
train_00543.png,183.68,1,0.9937393665313721,3
train_00544.png,292.04,0,0.019642988219857216,2
train_00545.png,270.24,0,0.2754078507423401,2
train_00546.png,305.8,0,0.05782080441713333,0
train_00547.png,287.26,1,0.5475127100944519,4
train_00548.png,50.5,1,0.8931133151054382,3
train_00549.png,150.27,0,0.8898149132728577,0
train_00550.png,340.6,0,0.3407256007194519,0
train_00551.png,310.29,1,0.007907180115580559,2
train_00552.png,278.45,0,0.22038090229034424,0
train_00553.png,250.97,1,0.9980183839797974,2
train_00554.png,347.05,0,0.039197057485580444,4
train_00555.png,272.32,0,0.1086324080824852,1
train_00556.png,187.56,1,0.9940149188041687,3
train_00557.png,122.56,1,0.9585561752319336,3
train_00558.png,18.22,0,0.9889455437660217,2
train_00559.png,314.43,0,0.014512565918266773,3
train_00560.png,330.51,0,0.2585691511631012,4
train_00561.png,87.0,1,0.38660910725593567,1
train_00562.png,321.32,0,0.8870883584022522,3
train_00563.png,292.25,0,0.6527650952339172,3
train_00564.png,310.55,0,0.05265257507562637,0
train_00565.png,115.23,1,0.5976017117500305,0
train_00566.png,316.56,1,0.597710907459259,4
train_00567.png,277.86,0,0.2240360975265503,2
train_00568.png,67.38,1,0.9007378220558167,0
train_00569.png,347.63,0,0.46475666761398315,2
train_00570.png,130.75,1,0.986237645149231,3
train_00571.png,344.56,1,0.16232500970363617,0
train_00572.png,190.22,1,0.8858741521835327,1
train_00573.png,153.11,1,0.6613103747367859,1
train_00574.png,59.92,1,0.8568893074989319,0
train_00575.png,358.43,0,0.24892088770866394,2
train_00576.png,209.07,1,0.9176841974258423,0
train_00577.png,325.97,1,0.12475673854351044,3
train_00578.png,278.72,1,0.18578365445137024,2
train_00579.png,255.01,1,0.5095549821853638,0
train_00580.png,296.11,0,0.13438034057617188,4
train_00581.png,351.03,0,0.42476123571395874,3
train_00582.png,259.44,1,0.23118695616722107,3
train_00583.png,319.78,0,0.05227813869714737,2
train_00584.png,28.62,1,0.8156115412712097,0
train_00585.png,139.74,1,0.704491138458252,0
train_00586.png,259.52,1,0.5269810557365417,0
train_00587.png,32.39,1,0.45903268456459045,4
train_00588.png,90.09,0,0.4834757149219513,3
train_00589.png,306.41,0,0.07277364283800125,0
train_00590.png,341.18,0,0.010630933567881584,3
train_00591.png,349.23,0,0.16046635806560516,4
train_00592.png,76.28,1,0.8474242091178894,3
train_00593.png,343.12,1,0.039905745536088943,3
train_00594.png,32.72,1,0.9148772954940796,1
train_00595.png,256.53,1,0.9984840750694275,2
train_00596.png,185.87,1,0.9868883490562439,2
train_00597.png,23.7,1,0.8606308698654175,4
train_00598.png,18.01,1,0.9114552140235901,3
train_00599.png,297.61,0,0.033818673342466354,1
train_00600.png,172.33,1,0.7125948667526245,0
train_00601.png,331.51,0,0.3803428113460541,0
train_00602.png,214.01,1,0.734967827796936,1
train_00603.png,195.66,1,0.6980018019676208,4
train_00604.png,292.02,1,0.00627128453925252,3
train_00605.png,288.13,0,0.20013020932674408,4
train_00606.png,92.43,1,0.9736769795417786,4
train_00607.png,254.41,1,0.9116562604904175,2
train_00608.png,55.93,1,0.9955549836158752,2
train_00609.png,224.11,1,0.8497478365898132,1
train_00610.png,316.02,0,0.028740210458636284,1
train_00611.png,218.99,1,0.8889028429985046,1
train_00612.png,212.22,1,0.9258039593696594,4
train_00613.png,295.73,0,0.16683833301067352,4
train_00614.png,355.44,0,0.21325069665908813,1
train_00615.png,75.06,1,0.8070853352546692,0
train_00616.png,306.88,0,0.1373690962791443,2
train_00617.png,338.58,0,0.13058918714523315,2
train_00618.png,279.05,0,0.1732952743768692,3
train_00619.png,22.79,1,0.9570071697235107,1
train_00620.png,242.51,0,0.10032782703638077,2
train_00621.png,313.68,0,0.225206196308136,2
train_00622.png,271.22,1,0.5856809616088867,2
train_00623.png,75.18,1,0.26831766963005066,1
train_00624.png,358.17,0,0.5330519676208496,3
train_00625.png,286.75,0,0.11024587601423264,1
train_00626.png,292.67,0,0.1657157689332962,0
train_00627.png,344.13,0,0.07785174995660782,0
train_00628.png,47.62,1,0.7630630135536194,4
train_00629.png,253.0,1,0.35752546787261963,3
train_00630.png,69.14,1,0.7795363664627075,0
train_00631.png,352.97,1,0.18865598738193512,0
train_00632.png,60.86,0,0.35520613193511963,4
train_00633.png,219.3,1,0.978453516960144,2
train_00634.png,30.28,1,0.5061841607093811,1
train_00635.png,128.24,1,0.5779641270637512,1
train_00636.png,234.71,1,0.9338878989219666,3
train_00637.png,344.87,0,0.6868392825126648,3
train_00638.png,117.28,1,0.9527133703231812,3
train_00639.png,225.69,1,0.897598385810852,1
train_00640.png,339.9,1,0.13267481327056885,4
train_00641.png,8.12,1,0.3230421245098114,0
train_00642.png,297.62,0,0.03625327721238136,0
train_00643.png,130.59,1,0.9966009259223938,2
train_00644.png,138.55,1,0.9701392650604248,3
train_00645.png,258.73,1,0.863149106502533,2
train_00646.png,307.14,0,0.08918363600969315,1
train_00647.png,75.67,1,0.6166506409645081,1
train_00648.png,286.46,1,0.5164446234703064,0
train_00649.png,308.72,0,0.07769525051116943,2
train_00650.png,205.83,1,0.9181397557258606,0
train_00651.png,297.88,1,0.019280314445495605,2
train_00652.png,89.24,1,0.8130448460578918,1
train_00653.png,262.38,1,0.7219770550727844,3
train_00654.png,195.8,1,0.9881848096847534,2
train_00655.png,166.15,1,0.42117488384246826,1
train_00656.png,333.2,1,0.1393771916627884,0
train_00657.png,276.69,0,0.14850296080112457,1
train_00658.png,191.53,1,0.932147204875946,4
train_00659.png,143.13,1,0.9057812690734863,0
train_00660.png,22.01,1,0.8677228093147278,4
train_00661.png,160.31,1,0.9968947172164917,3
train_00662.png,272.11,1,0.18388018012046814,2
train_00663.png,101.27,1,0.9958718419075012,2
train_00664.png,92.28,1,0.9987578392028809,2
train_00665.png,178.38,1,0.9647380709648132,2
train_00666.png,325.61,1,0.06761003285646439,1
train_00667.png,258.94,1,0.32863834500312805,2
train_00668.png,344.48,1,0.2653421461582184,4
train_00669.png,28.07,1,0.9661834836006165,0
train_00670.png,157.92,1,0.7718073129653931,1
train_00671.png,118.15,1,0.9218250513076782,4
train_00672.png,233.0,0,0.9275333881378174,4
train_00673.png,62.08,1,0.8115872740745544,0
train_00674.png,309.26,1,0.02781887911260128,0
train_00675.png,38.94,1,0.7869588732719421,4
train_00676.png,339.66,1,0.13936249911785126,1
train_00677.png,293.47,1,0.2960003614425659,2
train_00678.png,279.68,1,0.6110737919807434,2
train_00679.png,7.97,1,0.6356334686279297,2
train_00680.png,118.77,1,0.9901296496391296,2
train_00681.png,295.6,1,0.4858415424823761,3
train_00682.png,184.42,1,0.9607499837875366,0
train_00683.png,52.52,1,0.8240920901298523,2
train_00684.png,64.9,1,0.804745078086853,3
train_00685.png,87.52,0,0.8436965346336365,4
train_00686.png,333.36,1,0.06152337044477463,0
train_00687.png,128.93,1,0.9685801267623901,2
train_00688.png,60.11,1,0.356270432472229,1
train_00689.png,320.22,1,0.10929099470376968,1
train_00690.png,119.12,0,0.8021238446235657,1
train_00691.png,345.25,0,0.06016549840569496,0
train_00692.png,281.83,0,0.22799350321292877,4
train_00693.png,322.73,1,0.07080011814832687,1
train_00694.png,295.7,0,0.10522369295358658,2
train_00695.png,305.06,0,0.36936306953430176,2
train_00696.png,329.26,0,0.21248693764209747,3
train_00697.png,165.78,1,0.8054080009460449,2
train_00698.png,338.57,0,0.016129450872540474,3
train_00699.png,64.33,1,0.913132905960083,4
train_00700.png,47.44,1,0.8172399997711182,0
train_00701.png,325.93,1,0.13406889140605927,0
train_00702.png,221.05,1,0.7408958673477173,2
train_00703.png,61.79,1,0.6946245431900024,3
train_00704.png,260.58,1,0.19264763593673706,4
train_00705.png,281.68,1,0.04254070669412613,1
train_00706.png,346.03,0,0.06724696606397629,4
train_00707.png,30.78,0,0.9952921867370605,2
train_00708.png,346.93,0,0.1788397580385208,4
train_00709.png,0.43,1,0.4505414664745331,4
train_00710.png,242.28,1,0.8277882933616638,1
train_00711.png,338.72,0,0.08911751955747604,1
train_00712.png,291.48,0,0.1477869153022766,2
train_00713.png,118.91,1,0.911786675453186,2
train_00714.png,50.69,1,0.9462981820106506,2
train_00715.png,38.38,0,0.8436466455459595,1
train_00716.png,125.53,1,0.9101799726486206,3
train_00717.png,214.32,1,0.9524767994880676,0
train_00718.png,110.44,1,0.3823331594467163,1
train_00719.png,6.74,1,0.6637410521507263,0
train_00720.png,55.04,1,0.5559965372085571,1
train_00721.png,45.79,1,0.9699435234069824,3
train_00722.png,260.71,1,0.4943506121635437,2
train_00723.png,121.02,1,0.9791079163551331,3
train_00724.png,275.98,1,0.018347596749663353,2
train_00725.png,115.2,1,0.6911382079124451,4
train_00726.png,156.01,1,0.8161637783050537,4
train_00727.png,230.8,1,0.970112144947052,4
train_00728.png,335.36,0,0.1783801019191742,2
train_00729.png,156.27,1,0.9539696574211121,2
train_00730.png,29.01,0,0.44833749532699585,3
train_00731.png,22.0,1,0.6106507182121277,2
train_00732.png,71.16,1,0.5677507519721985,0
train_00733.png,342.1,0,0.405770480632782,3
train_00734.png,81.83,1,0.9810022115707397,2
train_00735.png,45.4,0,0.6657399535179138,3
train_00736.png,312.48,1,0.4637068510055542,2
train_00737.png,349.53,0,0.25644317269325256,3
train_00738.png,316.33,1,0.2687944173812866,2
train_00739.png,236.91,1,0.8569244146347046,2
train_00740.png,175.77,1,0.39235249161720276,1
train_00741.png,82.75,1,0.8578857183456421,0
train_00742.png,232.29,0,0.7161471247673035,1
train_00743.png,281.26,0,0.0647091343998909,3
train_00744.png,72.89,1,0.8473235964775085,0
train_00745.png,78.41,1,0.9260220527648926,4
train_00746.png,258.28,1,0.981631875038147,3
train_00747.png,168.9,1,0.8993256092071533,1
train_00748.png,259.65,1,0.9852472543716431,3
train_00749.png,118.19,1,0.742663562297821,3
train_00750.png,275.13,1,0.22695885598659515,4
train_00751.png,274.2,1,0.058852456510066986,0
train_00752.png,75.92,1,0.8300945162773132,3
train_00753.png,320.71,0,0.0066166650503873825,3
train_00754.png,191.89,1,0.6820161938667297,0
train_00755.png,12.66,1,0.9321053624153137,0
train_00756.png,279.58,0,0.4832700490951538,0
train_00757.png,180.35,1,0.5861148238182068,0
train_00758.png,181.18,1,0.8315302133560181,1
train_00759.png,5.57,1,0.6620036959648132,0
train_00760.png,290.15,0,0.07997579872608185,0
train_00761.png,171.35,1,0.9485349655151367,2
train_00762.png,343.92,0,0.6568945646286011,2
train_00763.png,306.57,0,0.04102432727813721,0
train_00764.png,286.7,0,0.09905508905649185,2
train_00765.png,249.09,1,0.6950628757476807,0
train_00766.png,142.54,1,0.8530901074409485,3
train_00767.png,337.22,0,0.08459073305130005,3
train_00768.png,232.84,1,0.8833999633789062,0
train_00769.png,38.38,1,0.5904999375343323,0
train_00770.png,240.67,1,0.5238876342773438,1
train_00771.png,291.65,0,0.10844246298074722,1
train_00772.png,86.93,1,0.942767322063446,3
train_00773.png,274.33,1,0.4787038266658783,3
train_00774.png,73.14,1,0.9795289039611816,3
train_00775.png,169.39,1,0.8750168681144714,0
train_00776.png,276.93,0,0.0645265281200409,1
train_00777.png,290.86,0,0.08680173754692078,1
train_00778.png,327.9,0,0.1523037999868393,1
train_00779.png,308.98,1,0.14380094408988953,4
train_00780.png,340.96,1,0.3146477937698364,1
train_00781.png,277.1,0,0.7727978825569153,4
train_00782.png,289.43,0,0.2622400224208832,4
train_00783.png,107.53,1,0.8363822102546692,0
train_00784.png,319.49,0,0.18375732004642487,2
train_00785.png,332.0,1,0.10668084025382996,1
train_00786.png,215.64,1,0.9083791375160217,0
train_00787.png,315.85,0,0.32952651381492615,2
train_00788.png,336.05,1,0.08209200203418732,1
train_00789.png,99.84,1,0.9915838241577148,2
train_00790.png,356.95,0,0.08287479728460312,3
train_00791.png,244.88,0,0.29950666427612305,0
train_00792.png,298.89,0,0.08332787454128265,4
train_00793.png,102.48,1,0.9462398886680603,3
train_00794.png,287.21,0,0.3630210757255554,4
train_00795.png,345.77,1,0.08552739769220352,2
train_00796.png,314.99,1,0.09250128269195557,1
train_00797.png,173.3,1,0.49127575755119324,0
train_00798.png,240.32,0,0.9346973896026611,4
train_00799.png,273.61,0,0.40457943081855774,1
train_00800.png,292.0,0,0.12587784230709076,1
train_00801.png,321.8,1,0.07187813520431519,0
train_00802.png,218.25,0,0.8755158185958862,1
train_00803.png,305.12,0,0.004146546591073275,3
train_00804.png,336.95,1,0.30712392926216125,1
train_00805.png,307.09,1,0.14521153271198273,2
train_00806.png,348.43,0,0.0922834500670433,1
train_00807.png,103.4,1,0.8307274580001831,0
train_00808.png,353.2,0,0.13121439516544342,2
train_00809.png,142.14,1,0.9151970148086548,0
train_00810.png,267.04,1,0.3571520745754242,4
train_00811.png,27.63,1,0.812633216381073,4
train_00812.png,48.73,1,0.7073938250541687,3
train_00813.png,289.32,0,0.15268532931804657,0
train_00814.png,208.47,1,0.9608672261238098,1
train_00815.png,118.46,1,0.6872739791870117,2
train_00816.png,348.14,1,0.19788357615470886,2
train_00817.png,156.14,1,0.9351734519004822,0
train_00818.png,41.36,1,0.8032270669937134,4
train_00819.png,263.2,0,0.8372312784194946,3
train_00820.png,316.46,1,0.10367265343666077,3
train_00821.png,289.08,0,0.42792391777038574,1
train_00822.png,336.72,1,0.049905430525541306,3
train_00823.png,279.83,1,0.1710653007030487,4
train_00824.png,283.74,0,0.3188002109527588,2
train_00825.png,99.86,1,0.9875442981719971,2
train_00826.png,60.44,1,0.5855817794799805,1
train_00827.png,297.52,0,0.828775942325592,3
train_00828.png,20.9,1,0.9120497703552246,3
train_00829.png,327.47,0,0.7041429877281189,2
train_00830.png,340.63,0,0.05315103009343147,4
train_00831.png,47.73,1,0.6115842461585999,0
train_00832.png,0.62,1,0.9623801708221436,3
train_00833.png,290.75,0,0.03584400191903114,1
train_00834.png,345.65,0,0.17407895624637604,4
train_00835.png,272.42,0,0.24554847180843353,1
train_00836.png,106.95,1,0.9802329540252686,3
train_00837.png,359.16,0,0.23750333487987518,3
train_00838.png,280.65,0,0.4008256494998932,4
train_00839.png,23.47,0,0.9155412316322327,1
train_00840.png,302.53,0,0.23929625749588013,4
train_00841.png,321.36,0,0.3144492208957672,2
train_00842.png,304.76,0,0.17265884578227997,1
train_00843.png,271.85,0,0.33656278252601624,2
train_00844.png,293.43,1,0.8969727158546448,0
train_00845.png,109.62,0,0.3177357316017151,1
train_00846.png,273.96,0,0.2954082787036896,0
train_00847.png,315.78,1,0.003262696322053671,3
train_00848.png,67.21,1,0.6900467276573181,2
train_00849.png,34.18,1,0.7115805745124817,4
train_00850.png,305.72,1,0.01868586242198944,1
train_00851.png,335.65,1,0.08984391391277313,2
train_00852.png,133.28,1,0.7718176245689392,1
train_00853.png,278.95,1,0.23212018609046936,4
train_00854.png,338.06,0,0.06064925342798233,4
train_00855.png,350.42,1,0.32609179615974426,4
train_00856.png,295.0,1,0.04735150188207626,3
train_00857.png,334.97,1,0.05993446335196495,3
train_00858.png,128.1,1,0.8797463178634644,4
train_00859.png,329.38,1,0.15696559846401215,3
train_00860.png,233.66,1,0.7680062055587769,0
train_00861.png,135.82,1,0.9572057127952576,3
train_00862.png,78.91,1,0.49074140191078186,2
train_00863.png,218.78,1,0.9875845313072205,3
train_00864.png,286.27,0,0.8111310005187988,4
train_00865.png,319.35,0,0.3662148118019104,2
train_00866.png,353.31,0,0.10716625303030014,0
train_00867.png,239.87,1,0.7609879970550537,0
train_00868.png,49.12,1,0.9961379170417786,2
train_00869.png,336.24,0,0.3909948468208313,3
train_00870.png,144.32,1,0.9038009643554688,1
train_00871.png,272.81,1,0.11151546239852905,4
train_00872.png,77.31,1,0.8811449408531189,4
train_00873.png,179.79,1,0.7955842018127441,4
train_00874.png,351.88,0,0.03248029202222824,4
train_00875.png,224.83,1,0.9440879821777344,3
train_00876.png,356.9,1,0.3508668541908264,4
train_00877.png,44.14,1,0.2071608006954193,3
train_00878.png,110.8,0,0.5649459958076477,1
train_00879.png,244.49,1,0.7729508876800537,3
train_00880.png,323.04,1,0.42005443572998047,2
train_00881.png,293.77,0,0.043111350387334824,1
train_00882.png,257.58,1,0.24265873432159424,1
train_00883.png,10.95,1,0.8842771649360657,4
train_00884.png,180.25,1,0.9903064966201782,3
train_00885.png,344.34,1,0.21716919541358948,1
train_00886.png,177.95,1,0.9819998741149902,2
train_00887.png,220.5,1,0.43523892760276794,3
train_00888.png,133.2,1,0.7799990773200989,4
train_00889.png,122.28,1,0.9491532444953918,3
train_00890.png,255.74,1,0.977685809135437,3
train_00891.png,348.8,1,0.03732791915535927,2
train_00892.png,63.38,1,0.7065670490264893,0
train_00893.png,155.75,1,0.8448339700698853,4
train_00894.png,34.81,1,0.60411536693573,1
train_00895.png,343.19,0,0.21928049623966217,0
train_00896.png,325.92,0,0.02026025392115116,2
train_00897.png,334.11,0,0.6702901124954224,4
train_00898.png,340.12,0,0.07696297764778137,4
train_00899.png,36.25,1,0.576651930809021,4
train_00900.png,285.44,1,0.32004842162132263,3
train_00901.png,219.06,1,0.1804226189851761,3
train_00902.png,333.28,0,0.18456998467445374,3
train_00903.png,324.83,1,0.052216362208127975,1
train_00904.png,244.62,1,0.8720112442970276,4
train_00905.png,278.23,0,0.6445086598396301,0
train_00906.png,266.16,1,0.16600780189037323,1
train_00907.png,310.68,0,0.09193848818540573,1
train_00908.png,211.91,1,0.7471909523010254,3
train_00909.png,286.65,0,0.16429460048675537,1
train_00910.png,306.28,1,0.009373961016535759,1
train_00911.png,224.89,0,0.9912821054458618,3
train_00912.png,120.27,1,0.9879586696624756,3
train_00913.png,238.84,1,0.8596906065940857,4
train_00914.png,124.04,1,0.2330934852361679,2
train_00915.png,181.65,1,0.6588332653045654,0
train_00916.png,302.0,1,0.11953894793987274,4
train_00917.png,230.75,1,0.5629389882087708,3
train_00918.png,302.09,0,0.13848845660686493,2
train_00919.png,314.91,0,0.007113738916814327,2
train_00920.png,122.91,1,0.5283729434013367,1
train_00921.png,5.77,1,0.9853503704071045,2
train_00922.png,254.02,1,0.9666677117347717,4
train_00923.png,303.1,0,0.08909396827220917,1
train_00924.png,278.87,0,0.4058115482330322,1
train_00925.png,289.19,0,0.05591597780585289,1
train_00926.png,240.39,1,0.5158941149711609,4
train_00927.png,164.75,1,0.8670944571495056,1
train_00928.png,38.6,1,0.36478614807128906,3
train_00929.png,95.37,1,0.8263716697692871,2
train_00930.png,58.91,1,0.29284346103668213,1
train_00931.png,149.6,1,0.4374491572380066,1
train_00932.png,275.44,1,0.604434609413147,0
train_00933.png,339.68,0,0.12173907458782196,3
train_00934.png,314.98,1,0.3993442952632904,4
train_00935.png,130.05,1,0.6336112022399902,1
train_00936.png,297.46,1,0.33289968967437744,4
train_00937.png,238.39,1,0.8953980207443237,4
train_00938.png,335.72,0,0.0923965573310852,2
train_00939.png,284.97,0,0.8773110508918762,0
train_00940.png,124.98,1,0.9496729969978333,3
train_00941.png,323.26,0,0.023163214325904846,2
train_00942.png,274.28,0,0.6162070035934448,3
train_00943.png,358.87,0,0.4362092614173889,1
train_00944.png,343.12,0,0.20008452236652374,4
train_00945.png,325.83,1,0.018804775550961494,0
train_00946.png,110.07,1,0.9941633343696594,2
train_00947.png,315.85,0,0.13702090084552765,1
train_00948.png,34.44,1,0.7688833475112915,4
train_00949.png,165.72,1,0.7632190585136414,4
train_00950.png,358.92,1,0.38332629203796387,0
train_00951.png,307.79,0,0.10043059289455414,3
train_00952.png,90.18,1,0.8559837937355042,4
train_00953.png,212.44,1,0.9741073250770569,1
train_00954.png,357.89,0,0.4130018651485443,1
train_00955.png,126.89,1,0.9008743762969971,0
train_00956.png,47.02,1,0.5598950982093811,4
train_00957.png,209.84,1,0.12903644144535065,2
train_00958.png,322.84,0,0.027164770290255547,3
train_00959.png,181.23,1,0.7356782555580139,1
train_00960.png,191.65,1,0.9790111184120178,0
train_00961.png,243.27,1,0.8712246417999268,0
train_00962.png,281.13,1,0.05114978179335594,1
train_00963.png,317.03,0,0.40817010402679443,0
train_00964.png,345.45,0,0.1874948889017105,1
train_00965.png,306.26,1,0.31000572443008423,1
train_00966.png,72.55,0,0.9668051600456238,3
train_00967.png,314.26,1,0.006622609216719866,3
train_00968.png,99.67,1,0.6598498821258545,0
train_00969.png,303.71,0,0.69272381067276,4
train_00970.png,210.03,1,0.706748902797699,3
train_00971.png,297.5,0,0.14985457062721252,2
train_00972.png,287.1,1,0.40672868490219116,4
train_00973.png,224.13,1,0.816910445690155,4
train_00974.png,339.63,1,0.2118729054927826,1
train_00975.png,36.87,1,0.8550159931182861,1
train_00976.png,346.65,0,0.19907841086387634,1
train_00977.png,25.82,0,0.881232738494873,0
train_00978.png,328.4,1,0.14928074181079865,1
train_00979.png,276.32,0,0.3417362868785858,2
train_00980.png,333.72,0,0.06492900103330612,1
train_00981.png,317.82,0,0.17173360288143158,4
train_00982.png,222.38,0,0.8808470964431763,3
train_00983.png,284.61,1,0.11611828207969666,0
train_00984.png,96.01,1,0.35000428557395935,1
train_00985.png,16.37,1,0.3775399327278137,0
train_00986.png,283.22,0,0.2401893138885498,2
train_00987.png,145.26,1,0.8636903166770935,0
train_00988.png,344.17,0,0.07158619165420532,3
train_00989.png,136.08,1,0.8220767974853516,3
train_00990.png,328.24,0,0.07469251751899719,3
train_00991.png,300.91,1,0.13504332304000854,2
train_00992.png,74.46,1,0.650496244430542,0
train_00993.png,182.29,1,0.0731126144528389,1
train_00994.png,316.16,1,0.19503691792488098,4
train_00995.png,11.56,1,0.2654983103275299,4
train_00996.png,292.64,0,0.011147450655698776,1
train_00997.png,164.56,1,0.9389314651489258,3
train_00998.png,308.89,0,0.02434474602341652,3
train_00999.png,274.82,1,0.7711272835731506,3
train_01000.png,340.43,0,0.2972548007965088,2
train_01001.png,345.83,0,0.10972107201814651,0
train_01002.png,302.33,0,0.04051543027162552,2
train_01003.png,318.57,0,0.06252145767211914,0
train_01004.png,221.54,1,0.9894049763679504,3
train_01005.png,44.37,1,0.9156743288040161,2
train_01006.png,325.93,0,0.8684808611869812,3
train_01007.png,32.64,1,0.9184719324111938,2
train_01008.png,344.86,0,0.03622050583362579,2
train_01009.png,282.82,1,0.12103671580553055,4
train_01010.png,349.64,1,0.07402419298887253,3
train_01011.png,349.41,0,0.07611456513404846,0
train_01012.png,211.24,1,0.7387551665306091,3
train_01013.png,350.24,1,0.11127447336912155,4
train_01014.png,51.54,1,0.8600492477416992,0
train_01015.png,30.62,1,0.9261828064918518,4
train_01016.png,291.71,0,0.6517294049263,2
train_01017.png,219.41,1,0.9409139156341553,3
train_01018.png,350.55,1,0.24004945158958435,0
train_01019.png,64.16,1,0.9100455641746521,4
train_01020.png,92.51,1,0.9982662796974182,2
train_01021.png,308.26,0,0.20579539239406586,3
train_01022.png,297.56,0,0.8129326105117798,3
train_01023.png,238.41,1,0.30985671281814575,0
train_01024.png,306.79,0,0.017153073102235794,2
train_01025.png,107.33,0,0.971947968006134,3
train_01026.png,337.3,0,0.04392888396978378,2
train_01027.png,334.48,1,0.3257919251918793,2
train_01028.png,270.46,0,0.558620810508728,4
train_01029.png,67.17,0,0.9831558465957642,2
train_01030.png,91.28,1,0.8755332231521606,3
train_01031.png,282.89,1,0.13469535112380981,0
train_01032.png,79.17,1,0.08703824132680893,1
train_01033.png,280.21,0,0.212620347738266,3
train_01034.png,347.65,1,0.09400618076324463,1
train_01035.png,301.33,0,0.2507024109363556,3
train_01036.png,279.62,0,0.22900843620300293,3
train_01037.png,155.41,1,0.11055094748735428,1
train_01038.png,295.46,0,0.28357696533203125,4
train_01039.png,215.75,1,0.5795300602912903,0
train_01040.png,232.85,1,0.9862057566642761,3
train_01041.png,287.53,1,0.1050676479935646,1
train_01042.png,33.33,1,0.9579998850822449,2
train_01043.png,313.52,1,0.13737787306308746,2
train_01044.png,297.67,0,0.0008472790941596031,3
train_01045.png,289.77,0,0.0937136709690094,2
train_01046.png,173.5,1,0.8995313048362732,0
train_01047.png,283.44,1,0.004495244473218918,3
train_01048.png,289.56,0,0.7089296579360962,3
train_01049.png,314.5,0,0.09319495409727097,4
train_01050.png,197.06,1,0.8502363562583923,3
train_01051.png,260.69,1,0.16383060812950134,0
train_01052.png,196.6,1,0.9281330704689026,3
train_01053.png,33.51,1,0.6999616622924805,0
train_01054.png,109.24,0,0.7132360935211182,2
train_01055.png,296.55,0,0.3665672540664673,0
train_01056.png,245.98,1,0.6017484664916992,1
train_01057.png,323.0,0,0.100290447473526,2
train_01058.png,274.42,0,0.11801527440547943,3
train_01059.png,141.41,1,0.3105994760990143,0
train_01060.png,114.4,1,0.4899357855319977,1
train_01061.png,346.0,1,0.07696168124675751,3
train_01062.png,331.67,0,0.0634707659482956,2
train_01063.png,195.14,1,0.9001072645187378,3
train_01064.png,87.78,1,0.8940429091453552,1
train_01065.png,296.9,0,0.019738545641303062,0
train_01066.png,232.56,1,0.9548178911209106,4
train_01067.png,77.6,1,0.3727571964263916,3
train_01068.png,299.37,0,0.21556037664413452,0
train_01069.png,297.93,0,0.333467960357666,4
train_01070.png,296.29,1,0.10883619636297226,2
train_01071.png,271.85,1,0.24667300283908844,0
train_01072.png,66.95,1,0.4976790249347687,1
train_01073.png,229.06,0,0.8625214099884033,4
train_01074.png,340.98,0,0.5443234443664551,0
train_01075.png,349.05,1,0.010374613106250763,3
train_01076.png,81.64,1,0.9515635967254639,4
train_01077.png,306.13,0,0.023920772597193718,3
train_01078.png,306.68,0,0.13559763133525848,4
train_01079.png,232.53,1,0.9878705143928528,4
train_01080.png,312.78,1,0.07899724692106247,0
train_01081.png,158.07,1,0.9937072396278381,2
train_01082.png,271.75,0,0.06816079467535019,2
train_01083.png,188.96,1,0.9171494841575623,4
train_01084.png,290.23,0,0.8883363604545593,2
train_01085.png,336.2,0,0.0904930904507637,2
train_01086.png,251.61,1,0.9670849442481995,4
train_01087.png,301.29,1,0.1520412415266037,4
train_01088.png,54.06,1,0.9749777317047119,4
train_01089.png,295.43,1,0.15896062552928925,0
train_01090.png,75.98,1,0.9526056051254272,2
train_01091.png,238.07,1,0.05917744338512421,1
train_01092.png,252.63,1,0.6691446304321289,2
train_01093.png,51.79,1,0.9274841547012329,0
train_01094.png,316.51,0,0.6034066081047058,0
train_01095.png,295.37,0,0.008450132794678211,0
train_01096.png,322.24,0,0.09509687125682831,1
train_01097.png,126.19,0,0.4457261264324188,0
train_01098.png,324.92,0,0.1908046156167984,0
train_01099.png,320.07,1,0.05961649492383003,1
train_01100.png,332.03,0,0.04321371763944626,3
train_01101.png,195.8,1,0.8764891028404236,2
train_01102.png,30.2,0,0.9734538197517395,2
train_01103.png,331.48,0,0.26346728205680847,4
train_01104.png,325.08,1,0.11956379562616348,0
train_01105.png,304.12,0,0.1931147426366806,1
train_01106.png,358.75,0,0.19212749600410461,4
train_01107.png,11.95,1,0.8843526840209961,4
train_01108.png,333.2,0,0.8869683742523193,3
train_01109.png,216.39,1,0.9651014804840088,4
train_01110.png,123.88,1,0.9885926246643066,3
train_01111.png,227.07,1,0.611871063709259,2
train_01112.png,351.22,0,0.0577818863093853,3
train_01113.png,241.75,1,0.8494285345077515,4
train_01114.png,117.37,1,0.9610157012939453,4
train_01115.png,352.08,0,0.04067521542310715,3
train_01116.png,298.17,0,0.4324294626712799,4
train_01117.png,307.08,0,0.09039412438869476,2
train_01118.png,324.01,0,0.013553119264543056,3
train_01119.png,187.32,1,0.30332449078559875,2
train_01120.png,140.27,1,0.6617991924285889,0
train_01121.png,190.95,1,0.8428149223327637,3
train_01122.png,290.46,0,0.3203131854534149,4
train_01123.png,287.26,0,0.02240559086203575,1
train_01124.png,272.97,0,0.5245320200920105,2
train_01125.png,263.17,1,0.6831750869750977,3
train_01126.png,208.79,1,0.9489455223083496,4
train_01127.png,35.9,1,0.5317609906196594,1
train_01128.png,129.3,1,0.8245037198066711,0
train_01129.png,290.55,0,0.2690868675708771,0
train_01130.png,108.86,1,0.9530326724052429,4
train_01131.png,47.23,1,0.9831000566482544,3
train_01132.png,184.14,1,0.42134833335876465,1
train_01133.png,153.88,1,0.9984127283096313,3
train_01134.png,26.36,1,0.7290686368942261,0
train_01135.png,316.9,1,0.06921610236167908,1
train_01136.png,352.42,0,0.619999885559082,1
train_01137.png,340.02,1,0.05618046969175339,3
train_01138.png,342.25,1,0.013795754872262478,3
train_01139.png,126.26,0,0.5721232295036316,0
train_01140.png,315.89,0,0.3685111105442047,3
train_01141.png,279.74,0,0.4093765616416931,2
train_01142.png,114.32,1,0.49659067392349243,1
train_01143.png,359.53,1,0.33159339427948,0
train_01144.png,193.46,1,0.9921624064445496,3
train_01145.png,248.1,1,0.1283784955739975,2
train_01146.png,307.59,1,0.3211199641227722,4
train_01147.png,324.28,1,0.05753130838274956,0
train_01148.png,292.45,1,0.10285870730876923,0
train_01149.png,357.57,0,0.5781287550926208,2
train_01150.png,179.48,1,0.9338122010231018,2
train_01151.png,282.02,0,0.14382602274417877,1
train_01152.png,270.1,0,0.34739524126052856,0
train_01153.png,138.46,0,0.40523025393486023,1
train_01154.png,45.96,1,0.894014835357666,2
train_01155.png,287.48,0,0.11533652991056442,2
train_01156.png,273.42,1,0.46432381868362427,4
train_01157.png,345.01,1,0.2669357359409332,0
train_01158.png,337.24,1,0.1698688417673111,3
train_01159.png,125.48,1,0.7602416276931763,1
train_01160.png,306.92,0,0.05010760948061943,0
train_01161.png,46.16,1,0.7797427773475647,4
train_01162.png,134.83,1,0.9759604930877686,4
train_01163.png,133.77,1,0.9157336354255676,0
train_01164.png,342.51,0,0.329400897026062,3
train_01165.png,308.07,0,0.2014409303665161,3
train_01166.png,324.59,0,0.01663227006793022,2
train_01167.png,290.51,0,0.8159506320953369,4
train_01168.png,100.33,1,0.8215394020080566,0
train_01169.png,53.73,0,0.6498672366142273,4
train_01170.png,306.81,0,0.7945716977119446,3
train_01171.png,292.13,0,0.44208261370658875,2
train_01172.png,211.23,1,0.4420916438102722,3
train_01173.png,291.86,0,0.39671313762664795,3
train_01174.png,349.86,0,0.4127469062805176,4
train_01175.png,48.4,1,0.6782224178314209,0
train_01176.png,351.36,0,0.2782804071903229,4
train_01177.png,222.98,0,0.9055950045585632,2
train_01178.png,114.68,1,0.5986946821212769,2
train_01179.png,173.41,1,0.9678666591644287,0
train_01180.png,69.74,0,0.7332196235656738,1
train_01181.png,340.76,1,0.0032338504679501057,3
train_01182.png,285.12,0,0.3261418342590332,4
train_01183.png,321.14,0,0.200531467795372,2
train_01184.png,10.95,1,0.6875571012496948,4
train_01185.png,215.06,1,0.8418213725090027,4
train_01186.png,48.12,1,0.9941688776016235,2
train_01187.png,147.55,1,0.5832106471061707,0
train_01188.png,214.02,1,0.7818852663040161,0
train_01189.png,339.54,1,0.05093624070286751,0
train_01190.png,289.48,0,0.12427516281604767,0
train_01191.png,350.95,1,0.1936361938714981,4
train_01192.png,120.32,1,0.9716817140579224,2
train_01193.png,337.75,0,0.1646193563938141,2
train_01194.png,112.1,1,0.9478480815887451,3
train_01195.png,132.59,1,0.9465336203575134,4
train_01196.png,270.37,1,0.36126983165740967,4
train_01197.png,124.21,1,0.4775218367576599,3
train_01198.png,326.69,0,0.07505952566862106,2
train_01199.png,356.47,1,0.10540515929460526,0
train_01200.png,199.57,1,0.4899710416793823,2
train_01201.png,281.06,0,0.020327581092715263,1
train_01202.png,26.17,1,0.393150269985199,2
train_01203.png,281.53,0,0.1355755776166916,4
train_01204.png,175.91,1,0.905745804309845,4
train_01205.png,230.18,1,0.9708396792411804,3
train_01206.png,238.29,1,0.7470296025276184,3
train_01207.png,279.78,1,0.1602620631456375,1
train_01208.png,40.83,1,0.5322462320327759,1
train_01209.png,212.48,1,0.9946737289428711,3
train_01210.png,281.6,1,0.215952068567276,4
train_01211.png,33.45,1,0.9136749505996704,0
train_01212.png,146.28,1,0.8724122047424316,1
train_01213.png,253.74,1,0.82307368516922,2
train_01214.png,312.58,0,0.09086653590202332,4
train_01215.png,316.83,1,0.35020676255226135,2
train_01216.png,102.47,1,0.21244893968105316,1
train_01217.png,220.53,1,0.742340624332428,2
train_01218.png,305.79,1,0.16156312823295593,1
train_01219.png,206.42,1,0.7543941140174866,1
train_01220.png,212.09,1,0.7852051258087158,0
train_01221.png,143.5,1,0.854515016078949,3
train_01222.png,311.24,0,0.10545726120471954,1
train_01223.png,292.0,1,0.2832747995853424,3
train_01224.png,329.15,0,0.22732952237129211,0
train_01225.png,305.31,1,0.22135715186595917,0
train_01226.png,168.42,1,0.6954313516616821,0
train_01227.png,340.89,0,0.12546147406101227,4
train_01228.png,351.3,1,0.6044688820838928,1
train_01229.png,209.28,1,0.5082051157951355,3
train_01230.png,292.3,1,0.039846260100603104,2
train_01231.png,183.56,1,0.5676953196525574,2
train_01232.png,201.74,1,0.8687915205955505,4
train_01233.png,299.21,1,0.2274743616580963,2
train_01234.png,81.88,1,0.8107390403747559,4
train_01235.png,214.97,1,0.9375643134117126,2
train_01236.png,156.74,0,0.8863561153411865,1
train_01237.png,164.13,1,0.5484482645988464,3
train_01238.png,92.72,1,0.7851423621177673,1
train_01239.png,178.13,1,0.9771564602851868,3
train_01240.png,344.45,0,0.06023048236966133,0
train_01241.png,306.55,0,0.4843360185623169,2
train_01242.png,323.27,0,0.0745227038860321,1
train_01243.png,281.42,1,0.12579165399074554,1
train_01244.png,7.84,1,0.29961854219436646,2
train_01245.png,237.6,1,0.9581299424171448,1
train_01246.png,351.58,0,0.2359413504600525,2
train_01247.png,284.18,1,0.6348229646682739,4
train_01248.png,281.79,0,0.1452638804912567,2
train_01249.png,342.34,0,0.45719167590141296,4
train_01250.png,321.23,0,0.08107822388410568,2
train_01251.png,150.0,1,0.9128179550170898,0
train_01252.png,143.17,1,0.8381238579750061,4
train_01253.png,27.89,1,0.6664996147155762,1
train_01254.png,214.49,1,0.2703963816165924,0
train_01255.png,20.03,1,0.7725599408149719,3
train_01256.png,340.7,0,0.039551038295030594,2
train_01257.png,251.09,1,0.8218672275543213,4
train_01258.png,308.73,1,0.05604057386517525,1
train_01259.png,120.4,1,0.9917818307876587,2
train_01260.png,255.05,1,0.19450123608112335,1
train_01261.png,346.04,1,0.3174387216567993,2
train_01262.png,210.14,0,0.8510189056396484,4
train_01263.png,357.79,0,0.2793685495853424,2
train_01264.png,81.46,1,0.3783268630504608,1
train_01265.png,319.72,0,0.24085669219493866,0
train_01266.png,174.73,1,0.868354082107544,2
train_01267.png,278.11,0,0.2933105230331421,4
train_01268.png,330.98,0,0.27349191904067993,4
train_01269.png,335.43,0,0.5469496846199036,0
train_01270.png,296.05,1,0.43185728788375854,3
train_01271.png,325.43,0,0.5998088121414185,4
train_01272.png,221.23,0,0.9866459369659424,4
train_01273.png,280.97,0,0.05393212288618088,0
train_01274.png,355.17,0,0.31409406661987305,1
train_01275.png,322.35,1,0.40960025787353516,3
train_01276.png,289.16,0,0.4193444550037384,3
train_01277.png,339.34,0,0.0971321389079094,0
train_01278.png,35.73,1,0.7993205785751343,4
train_01279.png,242.88,1,0.8586598038673401,0
train_01280.png,324.27,0,0.039123110473155975,2
train_01281.png,319.92,0,0.4615632891654968,4
train_01282.png,127.83,1,0.9542176127433777,4
train_01283.png,232.87,1,0.9174519181251526,0
train_01284.png,124.21,0,0.990343451499939,3
train_01285.png,358.97,1,0.1264370232820511,1
train_01286.png,274.79,1,0.05417326092720032,1
train_01287.png,272.22,0,0.548489511013031,2
train_01288.png,106.51,1,0.881422221660614,1
train_01289.png,62.94,1,0.1860196441411972,3
train_01290.png,3.95,1,0.13610021770000458,3
train_01291.png,355.0,1,0.13811588287353516,2
train_01292.png,200.18,1,0.9900714159011841,3
train_01293.png,182.54,1,0.9654302597045898,4
train_01294.png,286.41,1,0.07756554335355759,2
train_01295.png,81.72,1,0.8749019503593445,0
train_01296.png,291.57,0,0.07421191036701202,1
train_01297.png,359.41,0,0.6888512969017029,0
train_01298.png,47.06,1,0.5937144160270691,4
train_01299.png,222.02,1,0.9830042123794556,3
train_01300.png,120.18,1,0.6772643327713013,4
train_01301.png,202.6,1,0.9361799955368042,2
train_01302.png,133.37,0,0.9822568297386169,3
train_01303.png,35.88,1,0.29343917965888977,1
train_01304.png,326.4,1,0.11814207583665848,0
train_01305.png,177.39,1,0.8712322115898132,1
train_01306.png,247.78,1,0.3511234521865845,3
train_01307.png,273.17,1,0.5545368194580078,3
train_01308.png,67.87,0,0.9694674611091614,2
train_01309.png,7.32,1,0.299811452627182,4
train_01310.png,113.42,1,0.64534991979599,1
train_01311.png,346.61,0,0.62513267993927,0
train_01312.png,123.44,1,0.6837359070777893,0
train_01313.png,158.81,1,0.9684725403785706,4
train_01314.png,225.88,1,0.7709736227989197,3
train_01315.png,112.83,1,0.9123964905738831,2
train_01316.png,271.64,0,0.01800963655114174,3
train_01317.png,37.64,1,0.44712868332862854,4
train_01318.png,331.59,0,0.19244663417339325,3
train_01319.png,351.77,1,0.06009576469659805,0
train_01320.png,235.3,1,0.9861389994621277,2
train_01321.png,316.86,0,0.05792189761996269,2
train_01322.png,112.4,1,0.9946638345718384,2
train_01323.png,286.36,0,0.16951525211334229,4
train_01324.png,182.1,1,0.9120697379112244,4
train_01325.png,359.01,0,0.22272177040576935,1
train_01326.png,343.99,0,0.10403691232204437,4
train_01327.png,206.59,1,0.8895664215087891,0
train_01328.png,298.05,1,0.4732095003128052,1
train_01329.png,107.03,1,0.900115966796875,0
train_01330.png,155.83,1,0.9487901926040649,0
train_01331.png,300.81,0,0.03530402481555939,0
train_01332.png,184.15,1,0.8931851983070374,4
train_01333.png,169.89,1,0.9857698678970337,2
train_01334.png,58.42,1,0.517529308795929,4
train_01335.png,317.41,0,0.1242077574133873,1
train_01336.png,192.31,1,0.960715651512146,4
train_01337.png,163.46,1,0.8392192125320435,4
train_01338.png,132.46,0,0.3312658965587616,0
train_01339.png,49.29,1,0.7236618995666504,1
train_01340.png,128.84,1,0.8941372632980347,0
train_01341.png,77.5,1,0.8463090062141418,1
train_01342.png,135.35,1,0.9322859048843384,3
train_01343.png,297.22,1,0.26907461881637573,2
train_01344.png,329.59,1,0.1408086121082306,0
train_01345.png,300.3,0,0.8140786290168762,3
train_01346.png,245.42,1,0.08073047548532486,1
train_01347.png,30.34,1,0.667968213558197,0
train_01348.png,276.12,1,0.31662577390670776,4
train_01349.png,335.11,1,0.08268362283706665,2
train_01350.png,335.8,0,0.2405538260936737,1
train_01351.png,119.13,1,0.8739783763885498,3
train_01352.png,138.91,1,0.9837250113487244,3
train_01353.png,153.6,1,0.8754903674125671,2
train_01354.png,114.48,1,0.9524177312850952,4
train_01355.png,315.49,1,0.3918141722679138,3
train_01356.png,326.4,0,0.001706470618955791,3
train_01357.png,313.76,0,0.12069721519947052,0
train_01358.png,359.9,0,0.2744244337081909,1
train_01359.png,312.53,0,0.13222354650497437,1
train_01360.png,301.27,0,0.023314805701375008,1
train_01361.png,305.56,0,0.12425583600997925,4
train_01362.png,338.68,0,0.05772554501891136,3
train_01363.png,316.17,0,0.044150933623313904,0
train_01364.png,310.26,0,0.1141953244805336,1
train_01365.png,300.11,0,0.09120634943246841,1
train_01366.png,270.22,0,0.16835501790046692,1
train_01367.png,319.57,0,0.17394807934761047,4
train_01368.png,348.66,0,0.5640188455581665,3
train_01369.png,245.45,1,0.8590180277824402,2
train_01370.png,357.86,1,0.06006354093551636,0
train_01371.png,258.35,1,0.49406030774116516,2
train_01372.png,273.7,0,0.3101733326911926,3
train_01373.png,33.95,1,0.9842899441719055,2
train_01374.png,338.93,0,0.5781422257423401,4
train_01375.png,193.54,1,0.7422962784767151,4
train_01376.png,147.82,0,0.9259915351867676,0
train_01377.png,32.96,1,0.9544708728790283,2
train_01378.png,349.0,0,0.4476683735847473,4
train_01379.png,289.1,0,0.2683674395084381,0
train_01380.png,323.76,1,0.4234430491924286,0
train_01381.png,76.15,1,0.6873444318771362,0
train_01382.png,290.4,0,0.14451323449611664,4
train_01383.png,197.19,1,0.8484949469566345,4
train_01384.png,272.0,0,0.1657092273235321,1
train_01385.png,163.79,1,0.9808438420295715,3
train_01386.png,6.44,1,0.5858763456344604,2
train_01387.png,300.79,1,0.0015996197471395135,3
train_01388.png,295.15,0,0.5280747413635254,4
train_01389.png,284.01,0,0.49214816093444824,4
train_01390.png,305.0,1,0.14364680647850037,1
train_01391.png,171.58,0,0.9408851265907288,0
train_01392.png,141.65,1,0.25275129079818726,1
train_01393.png,272.44,0,0.42828458547592163,3
train_01394.png,36.91,1,0.8467786312103271,1
train_01395.png,54.57,1,0.4793775975704193,1
train_01396.png,196.65,1,0.7872519493103027,1
train_01397.png,217.23,1,0.9862223267555237,2
train_01398.png,335.29,1,0.006113413255661726,3
train_01399.png,313.76,0,0.11281606554985046,0
train_01400.png,324.87,0,0.034761201590299606,1
train_01401.png,329.55,0,0.1985742300748825,1
train_01402.png,304.04,1,0.027662184089422226,0
train_01403.png,355.43,1,0.25362828373908997,1
train_01404.png,95.61,0,0.9947893619537354,2
train_01405.png,249.85,1,0.9536378979682922,4
train_01406.png,339.38,0,0.09298809617757797,3
train_01407.png,297.34,0,0.18888917565345764,3
train_01408.png,28.41,1,0.9965826869010925,3
train_01409.png,44.36,1,0.8704066276550293,0
train_01410.png,358.82,1,0.14418190717697144,4
train_01411.png,357.42,0,0.11339904367923737,1
train_01412.png,264.2,1,0.8766046762466431,3
train_01413.png,183.74,1,0.9054253101348877,4
train_01414.png,131.19,1,0.9886892437934875,3
train_01415.png,218.42,0,0.9559803605079651,3
train_01416.png,282.39,0,0.1528049111366272,4
train_01417.png,326.82,0,0.0072946688160300255,2
train_01418.png,153.71,1,0.9996596574783325,2
train_01419.png,224.65,1,0.932039201259613,4
train_01420.png,236.11,1,0.9131535291671753,3
train_01421.png,27.89,0,0.6563519239425659,0
train_01422.png,127.78,1,0.9450470209121704,2
train_01423.png,263.68,0,0.5920939445495605,4
train_01424.png,358.15,0,0.035256847739219666,0
train_01425.png,129.74,1,0.9935420751571655,3
train_01426.png,246.03,1,0.6427537202835083,3
train_01427.png,83.51,1,0.762336790561676,3
train_01428.png,281.14,1,0.05242365226149559,0
train_01429.png,131.87,1,0.9958813190460205,3
train_01430.png,170.61,0,0.2666625380516052,3
train_01431.png,344.15,0,0.11970625072717667,1
train_01432.png,229.95,1,0.9513880014419556,4
train_01433.png,130.19,1,0.6812669038772583,2
train_01434.png,310.2,0,0.08657680451869965,4
train_01435.png,166.76,1,0.7655612230300903,4
train_01436.png,304.92,1,0.26295751333236694,0
train_01437.png,283.32,1,0.06483644992113113,2
train_01438.png,206.33,1,0.7505719065666199,0
train_01439.png,351.57,1,0.3962407410144806,3
train_01440.png,11.85,1,0.3577221632003784,4
train_01441.png,213.3,1,0.9709883332252502,0
train_01442.png,61.86,1,0.6881935000419617,1
train_01443.png,143.95,1,0.997055172920227,2
train_01444.png,193.09,1,0.9665319323539734,2
train_01445.png,354.1,1,0.04841975122690201,3
train_01446.png,298.18,1,0.22846704721450806,2
train_01447.png,293.21,0,0.8250113129615784,2
train_01448.png,327.45,0,0.059268876910209656,3
train_01449.png,335.26,1,0.09127914160490036,3
train_01450.png,154.73,1,0.7882667183876038,4
train_01451.png,227.46,0,0.9705590605735779,4
train_01452.png,298.13,1,0.19560477137565613,4
train_01453.png,335.48,1,0.14621223509311676,0
train_01454.png,294.23,0,0.17177318036556244,2
train_01455.png,312.58,0,0.3825415074825287,3
train_01456.png,9.48,1,0.4062507152557373,4
train_01457.png,180.91,1,0.8819646239280701,1
train_01458.png,36.29,1,0.827802836894989,1
train_01459.png,218.55,0,0.6171080470085144,1
train_01460.png,60.25,1,0.2224997580051422,0
train_01461.png,124.82,0,0.8213109970092773,1
train_01462.png,277.73,0,0.5863863229751587,3
train_01463.png,272.54,0,0.06274567544460297,0
train_01464.png,81.41,0,0.9532769918441772,3
train_01465.png,292.65,0,0.0745522752404213,4
train_01466.png,346.16,0,0.36323103308677673,1
train_01467.png,5.03,1,0.4178837537765503,4
train_01468.png,152.29,1,0.9931782484054565,3
train_01469.png,259.87,1,0.1363469809293747,3
train_01470.png,178.37,1,0.8488636612892151,4
train_01471.png,348.51,0,0.16813570261001587,4
train_01472.png,219.59,1,0.23465779423713684,0
train_01473.png,356.57,1,0.2249414473772049,1
train_01474.png,247.26,1,0.6822566986083984,0
train_01475.png,285.43,0,0.5513178110122681,4
train_01476.png,352.26,0,0.44071531295776367,1
train_01477.png,267.22,0,0.37878164649009705,0
train_01478.png,274.3,0,0.7600979208946228,4
train_01479.png,349.49,1,0.23517492413520813,4
train_01480.png,358.76,1,0.5746609568595886,1
train_01481.png,247.99,1,0.7884120345115662,0
train_01482.png,266.69,1,0.4868807792663574,2
train_01483.png,348.39,0,0.16044604778289795,2
train_01484.png,61.06,1,0.4716787338256836,0
train_01485.png,302.98,0,0.11596998572349548,1
train_01486.png,129.07,1,0.938376784324646,4
train_01487.png,100.88,1,0.95207279920578,3
train_01488.png,235.37,1,0.9267728924751282,0
train_01489.png,294.16,0,0.4437851011753082,4
train_01490.png,184.47,1,0.9224821329116821,4
train_01491.png,288.21,0,0.05772800371050835,2
train_01492.png,349.84,0,0.5612779259681702,4
train_01493.png,162.56,1,0.9205442070960999,2
train_01494.png,309.16,0,0.17034024000167847,2
train_01495.png,303.8,1,0.09765251725912094,4
train_01496.png,355.6,0,0.21409480273723602,0
train_01497.png,5.53,1,0.0883760005235672,4
train_01498.png,318.31,0,0.17972838878631592,4
train_01499.png,307.43,0,0.40846359729766846,2
train_01500.png,295.98,0,0.06458773463964462,3
train_01501.png,240.43,1,0.8275696039199829,1
train_01502.png,327.44,1,0.08780752122402191,1
train_01503.png,31.84,1,0.6265720725059509,1
train_01504.png,222.69,0,0.8816933035850525,0
train_01505.png,55.65,1,0.9194878339767456,1
train_01506.png,320.09,1,0.004125135950744152,2
train_01507.png,247.91,1,0.8026745319366455,0
train_01508.png,286.03,0,0.3585863411426544,4
train_01509.png,144.24,1,0.9999423027038574,2
train_01510.png,169.13,1,0.902504026889801,3
train_01511.png,53.38,1,0.44696471095085144,4
train_01512.png,309.15,1,0.2988857626914978,0
train_01513.png,61.85,1,0.908014178276062,3
train_01514.png,290.06,0,0.2602592408657074,1
train_01515.png,274.14,0,0.18466870486736298,0
train_01516.png,341.83,0,0.016049714758992195,0
train_01517.png,321.06,0,0.1657959520816803,4
train_01518.png,349.17,0,0.3211137056350708,0
train_01519.png,244.1,1,0.633962094783783,0
train_01520.png,64.34,1,0.7268908023834229,0
train_01521.png,330.99,1,0.14213058352470398,1
train_01522.png,32.7,1,0.9937534928321838,2
train_01523.png,306.53,0,0.13666152954101562,0
train_01524.png,315.47,0,0.09212098270654678,0
train_01525.png,95.45,1,0.8249425888061523,4
train_01526.png,176.1,1,0.7825643420219421,2
train_01527.png,331.95,1,0.0900556668639183,1
train_01528.png,279.07,1,0.09450241178274155,1
train_01529.png,315.33,0,0.21182848513126373,0
train_01530.png,143.26,1,0.9710646271705627,3
train_01531.png,87.11,0,0.686369776725769,4
train_01532.png,114.53,1,0.4833648204803467,1
train_01533.png,273.24,0,0.04557403549551964,4
train_01534.png,226.52,1,0.9993778467178345,3
train_01535.png,195.91,1,0.910057008266449,4
train_01536.png,183.52,1,0.8728437423706055,0
train_01537.png,229.94,1,0.5090782046318054,1
train_01538.png,358.11,1,0.031975697726011276,2
train_01539.png,294.17,0,0.1774163842201233,4
train_01540.png,308.37,0,0.09144637733697891,1
train_01541.png,110.07,1,0.2985669672489166,2
train_01542.png,22.48,1,0.8403893113136292,1
train_01543.png,333.5,0,0.1268320381641388,4
train_01544.png,340.21,0,0.17166902124881744,1
train_01545.png,316.43,0,0.48877790570259094,3
train_01546.png,244.57,1,0.30845099687576294,0
train_01547.png,329.34,0,0.5934993624687195,4
train_01548.png,324.88,0,0.06593230366706848,4
train_01549.png,300.78,0,0.2209312915802002,4
train_01550.png,55.96,1,0.7966689467430115,0
train_01551.png,48.74,1,0.28703391551971436,1
train_01552.png,196.77,1,0.8038989901542664,2
train_01553.png,296.67,0,0.1515994817018509,0
train_01554.png,353.03,0,0.01925824210047722,3
train_01555.png,319.4,0,0.07757526636123657,2
train_01556.png,284.14,0,0.27869611978530884,1
train_01557.png,296.07,0,0.3214645981788635,4
train_01558.png,298.64,0,0.04106014221906662,2
train_01559.png,202.78,1,0.8858833312988281,3
train_01560.png,327.67,0,0.1342855989933014,1
train_01561.png,47.18,1,0.8998277187347412,3
train_01562.png,157.12,1,0.6214084029197693,1
train_01563.png,308.35,0,0.015082592144608498,1
train_01564.png,182.09,0,0.7873660922050476,1
train_01565.png,318.16,1,0.02622784487903118,3
train_01566.png,313.21,0,0.0830765813589096,1
train_01567.png,57.8,1,0.7923043370246887,3
train_01568.png,228.23,1,0.6211692094802856,0
train_01569.png,357.15,0,0.21539020538330078,0
train_01570.png,30.68,1,0.9105515480041504,0
train_01571.png,83.97,1,0.8460226058959961,4
train_01572.png,182.09,1,0.9782213568687439,3
train_01573.png,329.34,0,0.11821015924215317,1
train_01574.png,180.19,1,0.9883173108100891,3
train_01575.png,317.54,1,0.10395289212465286,1
train_01576.png,330.91,0,0.012499759905040264,0
train_01577.png,77.56,1,0.978308379650116,2
train_01578.png,195.67,1,0.5330584049224854,0
train_01579.png,272.82,0,0.21937690675258636,2
train_01580.png,46.87,1,0.8664413690567017,4
train_01581.png,185.39,1,0.8393683433532715,4
train_01582.png,289.81,0,0.008999418467283249,2
train_01583.png,275.45,0,0.19607308506965637,4
train_01584.png,139.44,1,0.9678717255592346,0
train_01585.png,322.65,0,0.1956583857536316,4
train_01586.png,340.98,0,0.0008207185310311615,3
train_01587.png,38.52,0,0.6457012295722961,3
train_01588.png,183.28,1,0.7752452492713928,1
train_01589.png,308.53,0,0.5882809162139893,4
train_01590.png,248.66,1,0.6165010929107666,4
train_01591.png,354.27,0,0.25372493267059326,1
train_01592.png,311.63,0,0.05831420049071312,0
train_01593.png,311.91,1,0.0072324625216424465,2
train_01594.png,181.47,1,0.8937535285949707,4
train_01595.png,325.53,0,0.05859001353383064,0
train_01596.png,215.64,1,0.6599034667015076,4
train_01597.png,336.74,1,0.6229214668273926,2
train_01598.png,92.52,1,0.9623330235481262,3
train_01599.png,69.73,1,0.43113428354263306,2
train_01600.png,198.28,1,0.8924059867858887,1
train_01601.png,100.65,1,0.9605579376220703,4
train_01602.png,278.01,0,0.09270913153886795,1
train_01603.png,274.43,1,0.8109496831893921,4
train_01604.png,250.43,1,0.46506720781326294,0
train_01605.png,20.21,1,0.3650270700454712,3
train_01606.png,204.87,1,0.9547310471534729,4
train_01607.png,48.08,1,0.9967633485794067,2
train_01608.png,74.43,1,0.6722816228866577,4
train_01609.png,178.08,1,0.9228643178939819,4
train_01610.png,279.15,0,0.46620112657546997,4
train_01611.png,80.91,1,0.9689003229141235,2
train_01612.png,118.91,0,0.8769189119338989,0
train_01613.png,296.98,1,0.6291640400886536,2
train_01614.png,25.05,1,0.9935076236724854,3
train_01615.png,22.41,1,0.23588281869888306,1
train_01616.png,314.06,0,0.007404352072626352,3
train_01617.png,290.82,0,0.12525582313537598,1
train_01618.png,97.66,1,0.966144859790802,3
train_01619.png,229.0,0,0.7227914929389954,1
train_01620.png,255.34,1,0.6657722592353821,3
train_01621.png,72.17,0,0.9541974067687988,0
train_01622.png,203.6,1,0.6847721934318542,2
train_01623.png,299.82,0,0.07342711836099625,0
train_01624.png,230.26,1,0.7920317053794861,2
train_01625.png,202.35,1,0.6828552484512329,0
train_01626.png,222.06,1,0.9176445007324219,4
train_01627.png,50.3,0,0.9429012537002563,2
train_01628.png,194.44,1,0.9632272124290466,3
train_01629.png,286.77,1,0.10021447390317917,4
train_01630.png,349.6,1,0.26889824867248535,4
train_01631.png,295.02,0,0.024716734886169434,2
train_01632.png,5.92,1,0.5130820870399475,4
train_01633.png,345.73,0,0.009821278043091297,3
train_01634.png,174.69,1,0.440780371427536,0
train_01635.png,154.35,1,0.6625439524650574,4
train_01636.png,223.43,1,0.950984537601471,1
train_01637.png,260.29,1,0.34659725427627563,1
train_01638.png,19.71,1,0.43305566906929016,2
train_01639.png,334.49,0,0.06600506603717804,0
train_01640.png,290.63,1,0.043376922607421875,4
train_01641.png,136.09,1,0.9127175211906433,4
train_01642.png,239.91,1,0.4805552065372467,1
train_01643.png,314.92,0,0.22664234042167664,2
train_01644.png,303.29,0,0.03613332659006119,2
train_01645.png,307.84,0,0.004221443086862564,3
train_01646.png,9.52,1,0.6229162812232971,1
train_01647.png,314.52,0,0.3088725507259369,2
train_01648.png,317.72,0,0.7429121136665344,4
train_01649.png,284.03,1,0.47406381368637085,4
train_01650.png,293.18,0,0.19303928315639496,0
train_01651.png,2.01,1,0.6228086352348328,2
train_01652.png,278.52,1,0.09870482236146927,3
train_01653.png,334.31,0,0.10706273466348648,4
train_01654.png,342.37,1,0.3392505645751953,3
train_01655.png,14.16,1,0.5801403522491455,3
train_01656.png,230.31,1,0.7977893352508545,0
train_01657.png,49.32,1,0.436916321516037,1
train_01658.png,110.16,1,0.7297737002372742,1
train_01659.png,312.06,0,0.15200844407081604,1
train_01660.png,270.86,0,0.07143285870552063,1
train_01661.png,336.53,0,0.2957513630390167,1
train_01662.png,218.84,1,0.9722878932952881,1
train_01663.png,305.05,0,0.6821016073226929,4
train_01664.png,230.83,1,0.9966421127319336,1
train_01665.png,273.96,0,0.20956280827522278,2
train_01666.png,337.57,0,0.12579722702503204,1
train_01667.png,289.35,1,0.04858001321554184,2
train_01668.png,9.64,1,0.9851138591766357,2
train_01669.png,287.46,1,0.24755369126796722,1
train_01670.png,336.74,0,0.03239999711513519,0
train_01671.png,283.45,0,0.22251245379447937,2
train_01672.png,73.46,0,0.9608532190322876,0
train_01673.png,328.17,0,0.042345818132162094,1
train_01674.png,317.25,0,0.08613788336515427,0
train_01675.png,331.15,0,0.3621304929256439,4
train_01676.png,93.28,1,0.7198078632354736,1
train_01677.png,336.4,0,0.08056025207042694,0
train_01678.png,15.68,1,0.2885726988315582,1
train_01679.png,202.28,1,0.9808127284049988,2
train_01680.png,287.07,0,0.12419836223125458,3
train_01681.png,259.61,1,0.28351378440856934,0
train_01682.png,300.61,1,0.12248635292053223,2
train_01683.png,356.42,0,0.15378287434577942,4
train_01684.png,318.13,0,0.1170869991183281,0
train_01685.png,117.71,1,0.919359564781189,4
train_01686.png,47.62,0,0.9961710572242737,2
train_01687.png,322.27,0,0.02298068441450596,1
train_01688.png,139.42,1,0.5508826375007629,1
train_01689.png,114.77,1,0.7348510026931763,1
train_01690.png,320.15,1,0.023758625611662865,2
train_01691.png,197.32,1,0.973922073841095,2
train_01692.png,290.94,0,0.4966195225715637,3
train_01693.png,19.59,1,0.906307578086853,2
train_01694.png,130.34,1,0.924437940120697,2
train_01695.png,116.62,1,0.7838414311408997,4
train_01696.png,146.52,1,0.9134967923164368,3
train_01697.png,157.22,1,0.47495096921920776,1
train_01698.png,129.28,1,0.23043249547481537,0
train_01699.png,19.49,1,0.9062721133232117,0
train_01700.png,179.86,0,0.5397992730140686,3
train_01701.png,133.64,1,0.7614631652832031,1
train_01702.png,322.22,0,0.16290149092674255,2
train_01703.png,158.52,0,0.9121320247650146,0
train_01704.png,239.25,1,0.6439130306243896,1
train_01705.png,335.17,1,0.21186041831970215,1
train_01706.png,291.82,0,0.20406153798103333,0
train_01707.png,301.18,0,0.19891375303268433,4
train_01708.png,28.71,1,0.5226151943206787,0
train_01709.png,16.24,1,0.6130422949790955,4
train_01710.png,292.94,0,0.6812422275543213,4
train_01711.png,303.72,0,0.09328706562519073,1
train_01712.png,354.84,1,0.8482891917228699,2
train_01713.png,97.78,1,0.2724052369594574,3
train_01714.png,206.7,1,0.9548589587211609,0
train_01715.png,332.86,1,0.12243098765611649,0
train_01716.png,294.49,0,0.8582124710083008,3
train_01717.png,327.44,0,0.7969638705253601,3
train_01718.png,164.06,1,0.7873877882957458,2
train_01719.png,75.95,1,0.873119592666626,3
train_01720.png,102.02,1,0.957028865814209,3
train_01721.png,331.87,1,0.11683341860771179,0
train_01722.png,326.84,0,0.005758130922913551,0
train_01723.png,170.57,1,0.9165903925895691,3
train_01724.png,83.21,1,0.9297370314598083,2
train_01725.png,225.77,1,0.8581450581550598,1
train_01726.png,150.61,1,0.22990868985652924,0
train_01727.png,267.79,1,0.6651714444160461,3
train_01728.png,281.59,1,0.0567532442510128,2
train_01729.png,208.79,1,0.8383729457855225,0
train_01730.png,186.68,0,0.6023114323616028,0
train_01731.png,270.98,0,0.28118258714675903,2
train_01732.png,159.3,1,0.9814469814300537,3
train_01733.png,35.75,1,0.6298790574073792,0
train_01734.png,335.53,0,0.009338682517409325,2
train_01735.png,290.13,1,0.08620957285165787,0
train_01736.png,359.26,0,0.07221516966819763,2
train_01737.png,321.82,0,0.08464043587446213,0
train_01738.png,280.73,1,0.8120211362838745,3
train_01739.png,177.76,1,0.7304934859275818,4
train_01740.png,268.4,1,0.06938421726226807,0
train_01741.png,334.27,1,0.5010783076286316,0
train_01742.png,329.8,1,0.29320207238197327,4
train_01743.png,209.95,1,0.9890561103820801,2
train_01744.png,264.28,1,0.1542728692293167,2
train_01745.png,305.03,0,0.12419971078634262,0
train_01746.png,352.97,0,0.23397350311279297,0
train_01747.png,11.08,1,0.3738659918308258,4
train_01748.png,128.07,1,0.7694146633148193,0
train_01749.png,282.56,1,0.4142285883426666,3
train_01750.png,162.85,1,0.7111536264419556,4
train_01751.png,38.49,1,0.9864965081214905,0
train_01752.png,344.25,1,0.11256750673055649,0
train_01753.png,93.98,1,0.5103108286857605,1
train_01754.png,280.48,0,0.12239202857017517,4
train_01755.png,3.08,1,0.29805293679237366,0
train_01756.png,308.76,1,0.05980408191680908,3
train_01757.png,223.88,1,0.795225977897644,0
train_01758.png,244.74,1,0.5821181535720825,2
train_01759.png,310.53,1,0.031466323882341385,3
train_01760.png,282.63,0,0.25415584444999695,3
train_01761.png,239.99,1,0.8281947374343872,1
train_01762.png,316.54,0,0.005425082985311747,2
train_01763.png,148.08,1,0.8735270500183105,0
train_01764.png,285.56,1,0.04384886473417282,1
train_01765.png,299.57,0,0.03541130572557449,1
train_01766.png,43.94,1,0.3835992217063904,4
train_01767.png,55.03,0,0.4394024908542633,2
train_01768.png,298.27,1,0.040256839245557785,2
train_01769.png,287.39,0,0.10413385182619095,1
train_01770.png,358.04,0,0.11479190737009048,4
train_01771.png,288.91,1,0.2735496759414673,3
train_01772.png,334.37,0,0.020731160417199135,2
train_01773.png,340.98,0,0.24795988202095032,0
train_01774.png,228.57,1,0.8462585210800171,0
train_01775.png,119.3,1,0.059750210493803024,2
train_01776.png,130.04,1,0.7899842858314514,0
train_01777.png,333.76,0,0.009241277351975441,3
train_01778.png,16.04,1,0.43525558710098267,0
train_01779.png,69.9,1,0.6020621657371521,1
train_01780.png,354.55,1,0.8900225162506104,3
train_01781.png,82.8,1,0.9968686699867249,2
train_01782.png,155.68,0,0.6479164958000183,4
train_01783.png,92.79,1,0.8433809876441956,0
train_01784.png,103.2,1,0.9053598642349243,4
train_01785.png,271.84,1,0.18550865352153778,0
train_01786.png,303.05,0,0.06455408036708832,1
train_01787.png,212.2,1,0.745452344417572,4
train_01788.png,291.74,1,0.1252293884754181,0
train_01789.png,147.43,1,0.998068630695343,3
train_01790.png,133.57,0,0.9110747575759888,3
train_01791.png,306.29,1,0.030835378915071487,1
train_01792.png,349.16,0,0.10427449643611908,2
train_01793.png,341.66,0,0.17658597230911255,2
train_01794.png,307.2,0,0.0855446308851242,0
train_01795.png,167.49,1,0.721489667892456,0
train_01796.png,338.59,0,0.24345865845680237,4
train_01797.png,67.34,1,0.9990379810333252,2
train_01798.png,273.74,0,0.6312530636787415,4
train_01799.png,90.96,1,0.8578433394432068,0
train_01800.png,284.35,0,0.0057609668001532555,1
train_01801.png,339.49,0,0.4161859154701233,2
train_01802.png,316.56,1,0.21968328952789307,3
train_01803.png,113.88,1,0.7701878547668457,4
train_01804.png,327.32,0,0.10570941120386124,3
train_01805.png,68.13,1,0.4308614730834961,4
train_01806.png,312.88,0,0.0724770650267601,0
train_01807.png,253.76,1,0.5821656584739685,2
train_01808.png,291.03,0,0.18744820356369019,1
train_01809.png,256.69,1,0.24626019597053528,2
train_01810.png,299.7,1,0.6152865886688232,4
train_01811.png,112.53,1,0.8400189280509949,0
train_01812.png,250.85,1,0.8139781951904297,0
train_01813.png,179.49,1,0.6622294783592224,1
train_01814.png,289.14,0,0.2525946795940399,1
train_01815.png,306.11,0,0.0323641411960125,0
train_01816.png,301.62,0,0.22333265841007233,2
train_01817.png,15.96,1,0.585212230682373,4
train_01818.png,317.98,0,0.08788757771253586,0
train_01819.png,291.37,0,0.017959950491786003,1
train_01820.png,81.18,1,0.9709020256996155,3
train_01821.png,204.24,1,0.9840661287307739,2
train_01822.png,315.75,0,0.12236232310533524,1
train_01823.png,320.7,0,0.48226162791252136,0
train_01824.png,348.0,0,0.27984440326690674,3
train_01825.png,323.07,0,0.07621011883020401,4
train_01826.png,297.91,0,0.5154664516448975,4
train_01827.png,314.9,1,0.024110740050673485,1
train_01828.png,348.96,0,0.7704870700836182,3
train_01829.png,354.54,0,0.31681028008461,1
train_01830.png,335.56,0,0.07443632930517197,2
train_01831.png,301.3,1,0.1322021186351776,0
train_01832.png,106.01,1,0.753153920173645,3
train_01833.png,295.45,0,0.7551056146621704,4
train_01834.png,167.43,1,0.864020824432373,4
train_01835.png,306.54,0,0.10110518336296082,1
train_01836.png,311.77,0,0.06697779148817062,1
train_01837.png,291.45,1,0.22619980573654175,0
train_01838.png,194.86,0,0.9249218106269836,3
train_01839.png,193.85,1,0.6562823057174683,0
train_01840.png,324.1,1,0.041279129683971405,2
train_01841.png,141.17,1,0.9654229283332825,3
train_01842.png,81.34,1,0.8280400633811951,1
train_01843.png,289.57,0,0.4581123888492584,3
train_01844.png,35.44,1,0.9923962950706482,3
train_01845.png,125.65,1,0.8874631524085999,4
train_01846.png,234.48,1,0.40779468417167664,1
train_01847.png,252.58,1,0.8647071719169617,3
train_01848.png,218.88,1,0.8034449219703674,3
train_01849.png,174.96,1,0.9853311777114868,3
train_01850.png,128.51,1,0.8232735991477966,4
train_01851.png,296.31,1,0.2520095407962799,1
train_01852.png,339.66,1,0.5422266721725464,1
train_01853.png,180.37,1,0.795886218547821,1
train_01854.png,40.98,0,0.6913487911224365,1
train_01855.png,302.71,0,0.7911113500595093,0
train_01856.png,212.03,1,0.7814207673072815,4
train_01857.png,37.19,1,0.9594327211380005,4
train_01858.png,106.62,1,0.6024485230445862,4
train_01859.png,335.42,0,0.03121384046971798,3
train_01860.png,327.68,1,0.3633386492729187,4
train_01861.png,38.3,1,0.5423769354820251,3
train_01862.png,29.68,1,0.5147818922996521,1
train_01863.png,145.63,1,0.7360473275184631,2
train_01864.png,348.99,0,0.07657147943973541,4
train_01865.png,341.98,1,0.0014938483946025372,3
train_01866.png,102.86,1,0.9432324171066284,4
train_01867.png,285.16,1,0.19668738543987274,2
train_01868.png,299.8,0,0.2832212746143341,4
train_01869.png,92.58,1,0.6501493453979492,1
train_01870.png,261.09,0,0.7086905241012573,1
train_01871.png,21.09,1,0.7394082546234131,0
train_01872.png,328.76,0,0.2314741015434265,0
train_01873.png,275.87,0,0.09426246583461761,4
train_01874.png,97.9,0,0.5336407423019409,3
train_01875.png,170.09,1,0.9740723967552185,3
train_01876.png,212.91,1,0.35460853576660156,1
train_01877.png,317.67,0,0.009653134271502495,3
train_01878.png,255.01,0,0.8922759890556335,0
train_01879.png,343.03,1,0.8115102052688599,2
train_01880.png,23.42,1,0.8024474382400513,0
train_01881.png,188.28,1,0.8405634164810181,3
train_01882.png,273.5,1,0.7478291392326355,3
train_01883.png,52.87,1,0.2730907201766968,0
train_01884.png,355.15,0,0.9041181206703186,2
train_01885.png,314.52,0,0.04094268009066582,0
train_01886.png,340.27,1,0.26074954867362976,1
train_01887.png,40.16,1,0.7991151809692383,1
train_01888.png,308.05,0,0.11902560293674469,4
train_01889.png,299.02,0,0.04894423112273216,2
train_01890.png,254.01,1,0.6701799035072327,4
train_01891.png,258.7,0,0.625490128993988,1
train_01892.png,310.8,0,0.014422446489334106,3
train_01893.png,294.43,1,0.023946154862642288,4
train_01894.png,144.44,1,0.7490488886833191,4
train_01895.png,195.36,1,0.5390046238899231,4
train_01896.png,131.71,1,0.9673960208892822,3
train_01897.png,99.6,1,0.9993088245391846,2
train_01898.png,219.09,0,0.8280213475227356,3
train_01899.png,317.51,1,0.0171805489808321,3
train_01900.png,103.98,1,0.996679425239563,2
train_01901.png,339.73,0,0.22825516760349274,0
train_01902.png,71.95,1,0.9237456321716309,0
train_01903.png,88.31,1,0.5944080352783203,3
train_01904.png,169.69,1,0.9855131506919861,4
train_01905.png,267.8,1,0.14871877431869507,4
train_01906.png,245.95,1,0.8905962705612183,1
train_01907.png,249.65,1,0.3516390025615692,3
train_01908.png,291.55,0,0.11995016783475876,2
train_01909.png,95.24,1,0.7697674632072449,1
train_01910.png,185.38,1,0.9507262110710144,4
train_01911.png,218.91,1,0.8263292908668518,2
train_01912.png,271.17,1,0.10017135739326477,3
train_01913.png,310.31,1,0.37791526317596436,0
train_01914.png,202.93,1,0.7278582453727722,1
train_01915.png,320.44,1,0.029694171622395515,3
train_01916.png,137.22,1,0.5002962946891785,1
train_01917.png,8.04,1,0.829146683216095,1
train_01918.png,129.0,1,0.9930007457733154,2
train_01919.png,324.7,0,0.8882924914360046,4
train_01920.png,165.98,1,0.9914771914482117,3
train_01921.png,298.86,1,0.03610049933195114,0
train_01922.png,189.86,1,0.24661076068878174,2
train_01923.png,291.51,1,0.17505598068237305,1
train_01924.png,279.5,1,0.10601018369197845,1
train_01925.png,110.4,1,0.9162812232971191,0
train_01926.png,56.34,1,0.8578528165817261,1
train_01927.png,326.21,0,0.20833559334278107,4
train_01928.png,310.33,0,0.13895122706890106,2
train_01929.png,46.03,1,0.8944177627563477,2
train_01930.png,250.04,1,0.9603476524353027,3
train_01931.png,320.59,0,0.0003520012251101434,3
train_01932.png,108.23,1,0.5302562713623047,1
train_01933.png,327.33,0,0.40651485323905945,1
train_01934.png,57.7,1,0.7694622874259949,3
train_01935.png,44.0,1,0.9400138258934021,4
train_01936.png,320.44,1,0.0794958621263504,4
train_01937.png,270.65,0,0.1644662618637085,1
train_01938.png,306.05,0,0.13253013789653778,0
train_01939.png,331.06,1,0.02840905636548996,3
train_01940.png,326.72,0,0.1467362344264984,0
train_01941.png,304.47,0,0.05961287394165993,2
train_01942.png,66.66,1,0.8257467150688171,1
train_01943.png,297.16,0,0.14173859357833862,1
train_01944.png,347.7,0,0.33371496200561523,4
train_01945.png,87.64,1,0.9136996269226074,3
train_01946.png,338.48,0,0.15783509612083435,1
train_01947.png,347.78,0,0.0805610939860344,3
train_01948.png,177.55,1,0.8663219809532166,0
train_01949.png,303.72,1,0.22791938483715057,3
train_01950.png,328.41,0,0.16920749843120575,4
train_01951.png,279.8,1,0.8702437281608582,3
train_01952.png,181.66,1,0.9922339916229248,2
train_01953.png,279.98,0,0.1579744666814804,3
train_01954.png,285.37,0,0.16810256242752075,2
train_01955.png,322.21,0,0.060439687222242355,0
train_01956.png,105.0,1,0.8263716101646423,3
train_01957.png,204.42,1,0.8300365209579468,1
train_01958.png,158.07,1,0.9257445335388184,1
train_01959.png,281.85,0,0.019217409193515778,0
train_01960.png,168.12,1,0.6219509243965149,1
train_01961.png,264.94,0,0.10294921696186066,0
train_01962.png,292.3,0,0.1321069300174713,2
train_01963.png,341.63,0,0.008639263920485973,3
train_01964.png,258.05,1,0.9188016057014465,3
train_01965.png,66.12,1,0.9147497415542603,3
train_01966.png,305.99,1,0.25812333822250366,3
train_01967.png,1.35,1,0.24278180301189423,1
train_01968.png,71.32,1,0.36900296807289124,0
train_01969.png,259.32,1,0.8238199353218079,2
train_01970.png,305.14,1,0.11443442106246948,0
train_01971.png,202.57,1,0.6204942464828491,1
train_01972.png,50.5,1,0.485540509223938,4
train_01973.png,106.95,1,0.4943269193172455,2
train_01974.png,175.66,1,0.5255727767944336,0
train_01975.png,205.29,1,0.616179347038269,3
train_01976.png,270.86,0,0.22916965186595917,1
train_01977.png,214.58,0,0.8146877288818359,3
train_01978.png,293.32,1,0.17824339866638184,0
train_01979.png,37.47,1,0.6450322270393372,0
train_01980.png,108.64,1,0.8869547843933105,4
train_01981.png,307.74,1,0.11664319038391113,0
train_01982.png,319.16,1,0.06168117746710777,4
train_01983.png,143.51,1,0.6202408075332642,1
train_01984.png,13.05,1,0.9738277792930603,2
train_01985.png,309.36,0,0.23785951733589172,4
train_01986.png,297.44,0,0.03081703744828701,0
train_01987.png,319.07,1,0.11077338457107544,4
train_01988.png,296.15,0,0.3886122405529022,4
train_01989.png,169.64,1,0.974380373954773,3
train_01990.png,177.43,0,0.8237070441246033,1
train_01991.png,121.7,1,0.7539335489273071,2
train_01992.png,293.67,0,0.24713537096977234,3
train_01993.png,1.54,1,0.11323759704828262,4
train_01994.png,301.32,1,0.47658678889274597,4
train_01995.png,184.53,1,0.892856776714325,4
train_01996.png,328.39,0,0.459232896566391,1
train_01997.png,357.0,0,0.43636274337768555,1
train_01998.png,268.76,1,0.6035621166229248,3
train_01999.png,343.64,0,0.2902352511882782,1
train_02000.png,91.88,1,0.5868635773658752,0
train_02001.png,306.46,1,0.019106315448880196,0
train_02002.png,281.43,1,0.6900202035903931,1
train_02003.png,240.21,1,0.9459730386734009,4
train_02004.png,285.02,1,0.5167126655578613,4
train_02005.png,14.09,1,0.7156760096549988,2
train_02006.png,303.2,1,0.08438573777675629,4
train_02007.png,214.38,1,0.25779369473457336,0
train_02008.png,112.22,0,0.976874053478241,4
train_02009.png,36.54,1,0.9743769764900208,2
train_02010.png,17.47,1,0.8427055478096008,2
train_02011.png,349.01,0,0.21075043082237244,0
train_02012.png,185.11,1,0.6579920649528503,1
train_02013.png,265.88,1,0.07956235110759735,1
train_02014.png,317.42,0,0.42857295274734497,4
train_02015.png,276.3,1,0.20680229365825653,1
train_02016.png,30.66,1,0.7621635794639587,1
train_02017.png,167.75,1,0.289779931306839,3
train_02018.png,1.22,1,0.2164154052734375,1
train_02019.png,143.24,1,0.8774445652961731,4
train_02020.png,86.1,1,0.793728232383728,0
train_02021.png,283.09,1,0.05168600007891655,2
train_02022.png,312.63,0,0.07435166090726852,0
train_02023.png,333.43,0,0.2502252757549286,2
train_02024.png,151.81,1,0.9801833629608154,3
train_02025.png,273.19,0,0.5955314040184021,0
train_02026.png,121.99,0,0.753423273563385,0
train_02027.png,344.03,0,0.1741604208946228,4
train_02028.png,137.82,1,0.829929769039154,2
train_02029.png,351.65,0,0.1905198097229004,1
train_02030.png,284.49,0,0.0975290834903717,0
train_02031.png,73.59,1,0.9804691672325134,2
train_02032.png,335.75,0,0.44193902611732483,4
train_02033.png,175.63,0,0.8651028275489807,0
train_02034.png,302.89,0,0.0589437261223793,2
train_02035.png,168.5,1,0.9782751798629761,3
train_02036.png,319.59,0,0.1403486728668213,0
train_02037.png,333.78,0,0.06838371604681015,4
train_02038.png,218.69,1,0.5989717841148376,3
train_02039.png,351.12,0,0.7467308640480042,4
train_02040.png,348.07,0,0.45249372720718384,1
train_02041.png,150.67,1,0.9057977199554443,2
train_02042.png,171.65,1,0.9077625870704651,3
train_02043.png,300.95,0,0.056159622967243195,0
train_02044.png,113.48,0,0.906069815158844,4
train_02045.png,336.89,1,0.20100198686122894,2
train_02046.png,289.96,0,0.06118662655353546,0
train_02047.png,300.99,0,0.3638554811477661,0
train_02048.png,283.06,0,0.36066320538520813,4
train_02049.png,316.48,0,0.03808640316128731,3
train_02050.png,44.31,1,0.646575927734375,1
train_02051.png,272.02,1,0.12006034702062607,1
train_02052.png,26.24,0,0.4919860363006592,1
train_02053.png,279.41,1,0.03779401257634163,1
train_02054.png,6.33,1,0.5721156001091003,4
train_02055.png,183.96,1,0.6930133700370789,3
train_02056.png,168.55,1,0.8287554383277893,0
train_02057.png,116.96,1,0.9765413999557495,2
train_02058.png,304.67,0,0.033330924808979034,1
train_02059.png,134.01,1,0.8241328001022339,1
train_02060.png,283.89,0,0.5465683937072754,2
train_02061.png,358.96,0,0.6717425584793091,1
train_02062.png,257.06,1,0.5296832919120789,0
train_02063.png,339.12,0,0.05734751373529434,0
train_02064.png,227.92,1,0.517762303352356,0
train_02065.png,144.87,1,0.746772050857544,1
train_02066.png,290.17,1,0.23772560060024261,4
train_02067.png,174.06,1,0.7709818482398987,1
train_02068.png,287.92,0,0.059118349105119705,0
train_02069.png,22.71,1,0.5436255931854248,4
train_02070.png,341.93,0,0.30402278900146484,1
train_02071.png,353.53,1,0.3402821123600006,4
train_02072.png,303.47,1,0.49159783124923706,4
train_02073.png,23.68,1,0.5069065690040588,4
train_02074.png,346.72,0,0.4190366268157959,1
train_02075.png,350.27,1,0.22895056009292603,0
train_02076.png,124.34,1,0.9992141723632812,2
train_02077.png,296.44,1,0.05504334717988968,2
train_02078.png,96.85,1,0.9698256850242615,2
train_02079.png,254.17,1,0.1525530368089676,0
train_02080.png,225.38,1,0.4053259789943695,1
train_02081.png,340.72,0,0.07256180793046951,0
train_02082.png,273.97,0,0.07008040696382523,0
train_02083.png,335.01,0,0.07360121607780457,1
train_02084.png,14.58,1,0.8876920342445374,2
train_02085.png,204.18,1,0.9503886103630066,4
train_02086.png,235.63,1,0.9948292374610901,3
train_02087.png,60.93,1,0.5691487193107605,1
train_02088.png,358.46,0,0.9026767015457153,4
train_02089.png,356.54,1,0.2767450511455536,4
train_02090.png,22.56,0,0.7356997728347778,4
train_02091.png,342.18,0,0.03677903115749359,3
train_02092.png,346.9,0,0.18467310070991516,1
train_02093.png,235.88,1,0.9637613892555237,4
train_02094.png,281.05,0,0.47244754433631897,2
train_02095.png,155.97,0,0.9592921733856201,2
train_02096.png,168.5,1,0.7067728638648987,0
train_02097.png,28.37,1,0.799284040927887,0
train_02098.png,178.44,1,0.958543062210083,3
train_02099.png,278.9,1,0.21802327036857605,0
train_02100.png,316.91,0,0.05041823908686638,1
train_02101.png,274.31,1,0.20290283858776093,2
train_02102.png,288.66,0,0.11875396966934204,3
train_02103.png,120.14,1,0.3322815001010895,1
train_02104.png,327.75,1,0.0308888740837574,0
train_02105.png,77.41,1,0.7948670387268066,1
train_02106.png,229.19,1,0.9705653786659241,3
train_02107.png,353.16,0,0.8573623299598694,2
train_02108.png,240.34,1,0.7509366869926453,3
train_02109.png,299.65,0,0.06970467418432236,1
train_02110.png,338.22,0,0.283925324678421,4
train_02111.png,175.54,1,0.9032196402549744,2
train_02112.png,173.12,0,0.9070946574211121,3
train_02113.png,158.41,1,0.8205003142356873,0
train_02114.png,244.41,1,0.8922829627990723,3
train_02115.png,57.81,1,0.9312341809272766,2
train_02116.png,325.12,0,0.3692440092563629,4
train_02117.png,145.93,1,0.7944746017456055,0
train_02118.png,143.26,1,0.4764755368232727,0
train_02119.png,30.43,1,0.012196826748549938,2
train_02120.png,216.56,1,0.8088655471801758,4
train_02121.png,342.2,1,0.04496330767869949,0
train_02122.png,61.1,1,0.922468364238739,0
train_02123.png,306.31,0,0.720629870891571,2
train_02124.png,67.75,1,0.7793853282928467,0
train_02125.png,19.63,1,0.4124278426170349,2
train_02126.png,272.49,0,0.8818687200546265,2
train_02127.png,244.21,1,0.4090019166469574,2
train_02128.png,62.2,1,0.9699118733406067,2
train_02129.png,64.9,1,0.7909737229347229,0
train_02130.png,305.43,0,0.2370823621749878,2
train_02131.png,182.16,1,0.6198684573173523,2
train_02132.png,310.41,1,0.03501029312610626,1
train_02133.png,273.54,0,0.6974225044250488,3
train_02134.png,201.51,0,0.9342600703239441,0
train_02135.png,352.82,0,0.27096977829933167,1
train_02136.png,288.35,0,0.18415740132331848,0
train_02137.png,74.17,1,0.696536123752594,3
train_02138.png,181.15,1,0.6874368190765381,1
train_02139.png,298.6,1,0.198735311627388,4
train_02140.png,18.21,1,0.8154997229576111,3
train_02141.png,238.93,1,0.1258264183998108,3
train_02142.png,268.83,1,0.1346879005432129,1
train_02143.png,290.58,0,0.12957407534122467,1
train_02144.png,326.95,1,0.1357271522283554,1
train_02145.png,350.39,1,0.38066041469573975,3
train_02146.png,63.97,1,0.9738633632659912,0
train_02147.png,304.32,1,0.13791118562221527,3
train_02148.png,287.79,0,0.4362545311450958,2
train_02149.png,62.46,0,0.9996432065963745,2
train_02150.png,169.47,1,0.9105055928230286,4
train_02151.png,312.25,0,0.09727312624454498,4
train_02152.png,339.54,1,0.1427137404680252,2
train_02153.png,18.59,1,0.8630051612854004,1
train_02154.png,191.64,1,0.9910666346549988,2
train_02155.png,287.79,0,0.61617511510849,3
train_02156.png,4.12,1,0.3898240625858307,1
train_02157.png,313.96,0,0.1286642849445343,1
train_02158.png,351.28,0,0.2214442640542984,0
train_02159.png,172.99,1,0.6828160285949707,4
train_02160.png,190.73,0,0.6411064863204956,3
train_02161.png,174.7,0,0.8014388680458069,0
train_02162.png,348.97,1,0.2250739336013794,3
train_02163.png,315.34,1,0.06717581301927567,1
train_02164.png,336.39,0,0.24609971046447754,1
train_02165.png,187.33,1,0.9608740210533142,4
train_02166.png,355.19,0,0.6108347177505493,3
train_02167.png,249.63,1,0.9451057314872742,2
train_02168.png,137.53,1,0.898816704750061,4
train_02169.png,64.31,0,0.6625655293464661,1
train_02170.png,263.43,1,0.6138839721679688,1
train_02171.png,308.8,0,0.184916689991951,0
train_02172.png,120.64,1,0.08355075865983963,1
train_02173.png,355.1,1,0.05022164061665535,0
train_02174.png,78.74,0,0.7770668268203735,4
train_02175.png,257.95,1,0.40716978907585144,1
train_02176.png,326.11,0,0.36074116826057434,0
train_02177.png,303.92,0,0.48371630907058716,4
train_02178.png,302.16,0,0.11211557686328888,2
train_02179.png,267.15,1,0.8818193078041077,3
train_02180.png,327.04,0,0.009494493715465069,2
train_02181.png,351.54,0,0.26386433839797974,1
train_02182.png,276.84,0,0.7839292883872986,4
train_02183.png,310.6,0,0.07325366139411926,0
train_02184.png,43.07,1,0.8176259994506836,4
train_02185.png,65.18,1,0.09333484619855881,3
train_02186.png,301.36,0,0.4037989377975464,3
train_02187.png,261.13,0,0.025789285078644753,1
train_02188.png,348.77,0,0.2868644595146179,2
train_02189.png,43.67,1,0.7677851319313049,2
train_02190.png,276.07,0,0.9202629327774048,0
train_02191.png,342.19,0,0.21165169775485992,0
train_02192.png,261.86,1,0.17926128208637238,1
train_02193.png,327.88,0,0.25834646821022034,0
train_02194.png,62.41,1,0.3786274790763855,1
train_02195.png,208.74,0,0.8785201907157898,0
train_02196.png,195.37,0,0.3648947477340698,4
train_02197.png,310.13,1,0.10961013287305832,0
train_02198.png,257.35,1,0.5975953340530396,1
train_02199.png,225.64,0,0.9015387296676636,0
train_02200.png,1.92,1,0.18864908814430237,2
train_02201.png,153.88,1,0.913013756275177,1
train_02202.png,278.41,1,0.30658605694770813,0
train_02203.png,314.48,1,0.09172006696462631,0
train_02204.png,289.8,0,0.004043204709887505,2
train_02205.png,27.58,1,0.883379340171814,0
train_02206.png,228.77,1,0.9994339346885681,3
train_02207.png,284.03,0,0.02177020162343979,1
train_02208.png,304.38,0,0.02819937840104103,2
train_02209.png,250.75,1,0.09075555205345154,1
train_02210.png,227.02,1,0.7566000819206238,1
train_02211.png,39.06,1,0.7268484234809875,4
train_02212.png,69.89,1,0.7263249158859253,4
train_02213.png,192.64,1,0.7975473403930664,4
train_02214.png,322.39,0,0.6567762494087219,2
train_02215.png,70.44,1,0.91147780418396,4
train_02216.png,352.18,0,0.2365388125181198,4
train_02217.png,116.49,1,0.49634918570518494,1
train_02218.png,312.65,0,0.6139310598373413,3
train_02219.png,242.58,1,0.9516708254814148,3
train_02220.png,213.79,1,0.9648169875144958,2
train_02221.png,193.11,1,0.8543751239776611,1
train_02222.png,131.42,1,0.9446017146110535,4
train_02223.png,311.82,0,0.5244647860527039,4
train_02224.png,131.41,1,0.6560823917388916,1
train_02225.png,68.66,1,0.10971078276634216,1
train_02226.png,226.64,1,0.9150007367134094,4
train_02227.png,308.83,0,0.013844483532011509,4
train_02228.png,47.6,1,0.5331162214279175,1
train_02229.png,329.69,0,0.009626095183193684,2
train_02230.png,260.21,0,0.995484471321106,2
train_02231.png,187.35,1,0.8279925584793091,1
train_02232.png,350.33,0,0.014113539829850197,3
train_02233.png,320.48,0,0.22789998352527618,4
train_02234.png,22.87,0,0.4663376808166504,2
train_02235.png,41.78,1,0.731469452381134,1
train_02236.png,344.8,0,0.47361648082733154,3
train_02237.png,280.63,0,0.5496330857276917,4
train_02238.png,318.2,1,0.6317912936210632,0
train_02239.png,278.0,1,0.1848389208316803,2
train_02240.png,1.73,1,0.42552053928375244,0
train_02241.png,309.31,1,0.27349624037742615,4
train_02242.png,133.72,1,0.9058884978294373,4
train_02243.png,135.41,1,0.7125213742256165,1
train_02244.png,337.49,1,0.12441941350698471,4
train_02245.png,174.33,1,0.8501009941101074,1
train_02246.png,317.15,0,0.33175790309906006,4
train_02247.png,262.28,1,0.24114874005317688,2
train_02248.png,284.76,0,0.04910992085933685,1
train_02249.png,244.15,1,0.9748851656913757,2
train_02250.png,169.69,1,0.8460097312927246,4
train_02251.png,345.87,0,0.09510095417499542,0
train_02252.png,353.86,0,0.3125186264514923,2
train_02253.png,319.22,1,0.08664831519126892,1
train_02254.png,84.79,1,0.816876232624054,0
train_02255.png,105.33,1,0.49550527334213257,1
train_02256.png,317.74,1,0.0931791365146637,4
train_02257.png,304.6,0,0.04018770158290863,0
train_02258.png,181.92,1,0.8796772360801697,1
train_02259.png,260.18,1,0.8967370390892029,4
train_02260.png,356.58,0,0.12357630580663681,0
train_02261.png,280.51,1,0.4563376009464264,0
train_02262.png,315.47,0,0.03010299801826477,1
train_02263.png,114.15,1,0.43761351704597473,3
train_02264.png,325.29,1,0.661489725112915,3
train_02265.png,334.63,0,0.21674171090126038,0
train_02266.png,244.46,1,0.9444296360015869,0
train_02267.png,83.87,1,0.9949274063110352,2
train_02268.png,313.86,0,0.3147680163383484,2
train_02269.png,78.38,1,0.6692855358123779,2
train_02270.png,243.05,1,0.8397567272186279,2
train_02271.png,46.49,1,0.3654709458351135,1
train_02272.png,62.47,1,0.7044834494590759,1
train_02273.png,140.24,1,0.9673362970352173,3
train_02274.png,277.92,0,0.12951156497001648,2
train_02275.png,174.72,1,0.9672276973724365,2
train_02276.png,257.87,1,0.3176189064979553,0
train_02277.png,20.15,1,0.8515026569366455,3
train_02278.png,328.49,0,0.0404522567987442,1
train_02279.png,343.46,0,0.4487047791481018,1
train_02280.png,71.1,1,0.9577556252479553,3
train_02281.png,312.37,0,0.01470740046352148,2
train_02282.png,353.71,0,0.3449515700340271,4
train_02283.png,118.12,1,0.6901519894599915,0
train_02284.png,335.43,0,0.10867732018232346,4
train_02285.png,144.52,1,0.9725850224494934,2
train_02286.png,311.97,0,0.09486448764801025,1
train_02287.png,304.94,0,0.041671548038721085,2
train_02288.png,355.2,0,0.503131628036499,4
train_02289.png,104.17,1,0.5210717916488647,4
train_02290.png,272.63,1,0.44272351264953613,1
train_02291.png,299.02,0,0.006933701690286398,3
train_02292.png,64.82,1,0.8106122612953186,0
train_02293.png,193.71,1,0.9466996192932129,3
train_02294.png,22.48,1,0.1384657621383667,1
train_02295.png,11.02,1,0.9933888912200928,2
train_02296.png,118.93,1,0.4811469614505768,0
train_02297.png,93.38,1,0.9925381541252136,3
train_02298.png,294.42,0,0.054253146052360535,0
train_02299.png,241.32,1,0.9193409085273743,1
train_02300.png,40.79,0,0.39806532859802246,0
train_02301.png,282.15,0,0.23626945912837982,4
train_02302.png,13.6,1,0.5723196268081665,0
train_02303.png,324.25,0,0.040213845670223236,1
train_02304.png,307.77,1,0.07273698598146439,0
train_02305.png,312.48,0,0.3351702392101288,4
train_02306.png,281.75,0,0.2848076820373535,0
train_02307.png,135.66,1,0.18438953161239624,1
train_02308.png,113.13,1,0.9962121248245239,2
train_02309.png,273.87,0,0.7097565531730652,2
train_02310.png,144.29,1,0.5928367376327515,1
train_02311.png,340.93,1,0.04738319665193558,1
train_02312.png,241.18,1,0.7935696840286255,0
train_02313.png,40.42,1,0.9426408410072327,4
train_02314.png,60.98,1,0.8978437185287476,1
train_02315.png,84.26,1,0.7956024408340454,0
train_02316.png,355.02,0,0.014286384917795658,3
train_02317.png,156.33,1,0.5866095423698425,4
train_02318.png,101.72,0,0.8983398079872131,4
train_02319.png,121.31,1,0.9505739808082581,2
train_02320.png,276.63,0,0.07331548631191254,2
train_02321.png,235.66,1,0.9446284770965576,3
train_02322.png,315.76,0,0.09212430566549301,3
train_02323.png,287.28,0,0.028025465086102486,3
train_02324.png,249.09,0,0.2191738486289978,0
train_02325.png,221.27,1,0.9906225800514221,2
train_02326.png,207.16,1,0.9123290181159973,3
train_02327.png,308.27,1,0.3146229088306427,1
train_02328.png,357.33,0,0.09026002883911133,0
train_02329.png,140.41,1,0.7804538011550903,0
train_02330.png,10.27,1,0.43770450353622437,1
train_02331.png,190.37,1,0.5157031416893005,1
train_02332.png,320.92,1,0.6370949745178223,4
train_02333.png,198.51,1,0.4830785393714905,1
train_02334.png,19.25,1,0.6305118799209595,4
train_02335.png,301.3,1,0.0888625979423523,0
train_02336.png,286.23,0,0.2771725058555603,0
train_02337.png,314.82,1,0.05702562630176544,3
train_02338.png,112.83,1,0.9114076495170593,4
train_02339.png,259.08,1,0.7123401165008545,4
train_02340.png,313.75,0,0.5472235679626465,4
train_02341.png,341.67,1,0.05020904168486595,2
train_02342.png,223.88,1,0.9955767393112183,2
train_02343.png,36.13,1,0.9997252821922302,2
train_02344.png,266.41,1,0.8628405928611755,1
train_02345.png,196.59,1,0.895000696182251,1
train_02346.png,251.05,1,0.743556559085846,0
train_02347.png,99.27,1,0.5448999404907227,1
train_02348.png,12.8,1,0.4502749741077423,1
train_02349.png,182.0,1,0.8525995016098022,4
train_02350.png,329.46,1,0.08202208578586578,0
train_02351.png,11.98,1,0.200424924492836,0
train_02352.png,133.85,1,0.8888509273529053,4
train_02353.png,315.0,0,0.17174158990383148,3
train_02354.png,132.59,1,0.8510890603065491,4
train_02355.png,22.04,0,0.8319007158279419,0
train_02356.png,88.85,1,0.9712526202201843,3
train_02357.png,51.21,0,0.8665520548820496,1
train_02358.png,129.62,0,0.7277325391769409,1
train_02359.png,243.84,1,0.350003182888031,1
train_02360.png,296.64,0,0.18054194748401642,1
train_02361.png,191.58,1,0.9338700175285339,2
train_02362.png,349.79,1,0.08243462443351746,0
train_02363.png,336.5,0,0.10486496239900589,2
train_02364.png,199.83,1,0.9467315077781677,2
train_02365.png,63.18,1,0.6572417616844177,0
train_02366.png,244.87,1,0.864220142364502,4
train_02367.png,130.13,1,0.9311143755912781,4
train_02368.png,36.32,1,0.7844437956809998,4
train_02369.png,139.24,1,0.9258531332015991,4
train_02370.png,353.07,0,0.07898634672164917,1
train_02371.png,138.22,0,0.9231618046760559,0
train_02372.png,255.13,1,0.5372657775878906,2
train_02373.png,288.05,0,0.043816350400447845,1
train_02374.png,301.41,1,0.15324771404266357,4
train_02375.png,71.67,0,0.9874916076660156,3
train_02376.png,147.03,1,0.48070409893989563,1
train_02377.png,280.88,1,0.19028885662555695,0
train_02378.png,283.84,0,0.019431741908192635,2
train_02379.png,291.21,1,0.1036599799990654,3
train_02380.png,15.45,1,0.9020830392837524,3
train_02381.png,357.09,1,0.2077304571866989,2
train_02382.png,347.56,1,0.35535070300102234,0
train_02383.png,59.62,1,0.9912276864051819,3
train_02384.png,13.74,1,0.83221834897995,0
train_02385.png,334.17,1,0.11324492841959,1
train_02386.png,215.15,1,0.17305177450180054,2
train_02387.png,68.87,1,0.7747589349746704,0
train_02388.png,82.4,0,0.9369180798530579,4
train_02389.png,271.77,1,0.79505455493927,3
train_02390.png,105.42,1,0.5066759586334229,1
train_02391.png,311.6,0,0.016315773129463196,3
train_02392.png,46.22,0,0.09493190050125122,3
train_02393.png,9.49,1,0.40374842286109924,1
train_02394.png,201.85,0,0.9182376861572266,1
train_02395.png,124.12,1,0.9937823414802551,2
train_02396.png,329.93,1,0.01576518639922142,1
train_02397.png,162.67,1,0.9033629894256592,1
train_02398.png,122.02,1,0.987494170665741,2
train_02399.png,239.33,0,0.5045498609542847,1
train_02400.png,341.41,0,0.823312520980835,3
train_02401.png,171.05,1,0.9173632264137268,4
train_02402.png,259.97,1,0.6543561816215515,1
train_02403.png,271.3,1,0.0746879130601883,2
train_02404.png,0.75,1,0.06025872007012367,0
train_02405.png,315.51,0,0.06533650308847427,2
train_02406.png,301.13,1,0.07022275030612946,2
train_02407.png,0.45,1,0.10253973305225372,1
train_02408.png,76.13,1,0.9415791630744934,4
train_02409.png,47.46,1,0.6959729194641113,1
train_02410.png,272.69,0,0.1135328933596611,1
train_02411.png,280.04,1,0.05080835521221161,1
train_02412.png,285.76,1,0.009894073940813541,3
train_02413.png,74.84,1,0.7638302445411682,0
train_02414.png,124.56,1,0.9447649717330933,4
train_02415.png,214.7,1,0.9364352822303772,1
train_02416.png,326.17,1,0.07760392874479294,1
train_02417.png,306.16,1,0.01300577912479639,0
train_02418.png,276.91,1,0.4009513854980469,1
train_02419.png,343.84,1,0.44432899355888367,2
train_02420.png,219.06,1,0.979945957660675,2
train_02421.png,143.11,1,0.99956876039505,2
train_02422.png,106.81,1,0.6434246897697449,2
train_02423.png,352.18,1,0.16528162360191345,0
train_02424.png,303.86,1,0.21987654268741608,4
train_02425.png,318.68,1,0.03544411435723305,1
train_02426.png,228.63,0,0.15146468579769135,3
train_02427.png,101.28,1,0.8918004631996155,1
train_02428.png,354.38,1,0.11101319640874863,4
train_02429.png,347.73,1,0.18728844821453094,0
train_02430.png,79.64,1,0.9965853691101074,2
train_02431.png,245.79,1,0.1562180370092392,1
train_02432.png,59.05,1,0.9326078295707703,1
train_02433.png,261.53,0,0.6672049760818481,0
train_02434.png,358.09,1,0.7564257383346558,3
train_02435.png,288.86,0,0.23916082084178925,0
train_02436.png,312.79,1,0.03563595935702324,1
train_02437.png,319.37,1,0.8950661420822144,2
train_02438.png,302.98,0,0.29569193720817566,0
train_02439.png,199.35,1,0.6408811807632446,1
train_02440.png,317.81,1,0.5255329608917236,2
train_02441.png,232.45,1,0.2970421314239502,3
train_02442.png,13.66,1,0.433244526386261,1
train_02443.png,326.51,0,0.8596037030220032,3
train_02444.png,273.16,0,0.5494397282600403,0
train_02445.png,309.01,0,0.057315196841955185,1
train_02446.png,344.38,1,0.5147904753684998,3
train_02447.png,209.3,1,0.36072662472724915,0
train_02448.png,302.65,1,0.00943237729370594,3
train_02449.png,192.0,1,0.8450703024864197,0
train_02450.png,336.03,0,0.009207124821841717,2
train_02451.png,318.01,0,0.09593728184700012,1
train_02452.png,157.95,1,0.4435531795024872,1
train_02453.png,62.84,1,0.6462435126304626,1
train_02454.png,139.64,1,0.7206578850746155,1
train_02455.png,72.05,0,0.831536054611206,3
train_02456.png,333.38,0,0.35692164301872253,4
train_02457.png,334.0,0,0.17325471341609955,2
train_02458.png,309.65,0,0.24907098710536957,4
train_02459.png,320.64,0,0.00957452692091465,3
train_02460.png,274.28,0,0.14208751916885376,1
train_02461.png,25.65,1,0.9884765148162842,3
train_02462.png,295.6,1,0.20072375237941742,0
train_02463.png,13.5,1,0.5605462193489075,1
train_02464.png,321.83,0,0.08717183023691177,1
train_02465.png,11.59,1,0.31876593828201294,0
train_02466.png,317.68,0,0.0607394203543663,4
train_02467.png,352.39,0,0.1430715024471283,0
train_02468.png,89.05,1,0.8738577365875244,2
train_02469.png,222.39,1,0.9048621654510498,1
train_02470.png,11.46,1,0.9653745889663696,2
train_02471.png,334.59,0,0.32765644788742065,2
train_02472.png,248.4,1,0.9621354937553406,3
train_02473.png,12.35,0,0.1578703671693802,3
train_02474.png,167.09,1,0.8279176950454712,0
train_02475.png,109.51,1,0.43621763586997986,4
train_02476.png,106.49,1,0.697684109210968,0
train_02477.png,271.08,0,0.13006891310214996,0
train_02478.png,199.06,1,0.9685732126235962,3
train_02479.png,307.64,0,0.054234158247709274,1
train_02480.png,156.1,1,0.6738350987434387,3
train_02481.png,113.42,1,0.9862712621688843,2
train_02482.png,274.25,0,0.33263349533081055,0
train_02483.png,298.15,0,0.04095933958888054,2
train_02484.png,336.69,1,0.14395342767238617,4
train_02485.png,53.97,0,0.9999959468841553,2
train_02486.png,188.74,1,0.7787209153175354,4
train_02487.png,198.99,1,0.9113435745239258,0
train_02488.png,342.17,0,0.32947853207588196,4
train_02489.png,44.93,1,0.42728644609451294,1
train_02490.png,184.91,1,0.9631928205490112,2
train_02491.png,342.22,1,0.2720600366592407,2
train_02492.png,38.52,1,0.9748559594154358,2
train_02493.png,307.07,1,0.08521884679794312,2
train_02494.png,231.71,1,0.8933682441711426,3
train_02495.png,221.7,1,0.930965781211853,4
train_02496.png,317.24,1,0.14417415857315063,2
train_02497.png,12.88,1,0.7837550640106201,0
train_02498.png,224.54,1,0.7553253769874573,4
train_02499.png,20.94,1,0.3410491943359375,0
train_02500.png,293.7,1,0.012537693604826927,2
train_02501.png,300.29,0,0.2777843475341797,1
train_02502.png,105.34,1,0.6341660618782043,2
train_02503.png,12.03,1,0.5848422646522522,3
train_02504.png,170.36,1,0.4175662696361542,4
train_02505.png,278.42,1,0.43172383308410645,1
train_02506.png,320.26,1,0.22391769289970398,2
train_02507.png,346.11,0,0.713803768157959,2
train_02508.png,59.56,1,0.3993205428123474,1
train_02509.png,166.2,1,0.9436843991279602,4
train_02510.png,284.97,1,0.2488562911748886,4
train_02511.png,169.86,1,0.9146022200584412,4
train_02512.png,144.98,1,0.7608651518821716,4
train_02513.png,237.33,1,0.9997718930244446,3
train_02514.png,343.67,0,0.08171039819717407,2
train_02515.png,342.52,0,0.06553944200277328,2
train_02516.png,200.5,1,0.9149638414382935,1
train_02517.png,231.41,1,0.7701269388198853,0
train_02518.png,287.53,1,0.2064523547887802,4
train_02519.png,316.65,0,0.17647062242031097,2
train_02520.png,269.14,0,0.9126466512680054,0
train_02521.png,298.22,0,0.5913589596748352,4
train_02522.png,283.88,1,0.0035341863986104727,3
train_02523.png,39.7,1,0.9913997650146484,2
train_02524.png,49.31,1,0.9451481699943542,3
train_02525.png,303.12,0,0.04930492863059044,1
train_02526.png,248.16,1,0.9895008206367493,2
train_02527.png,130.16,1,0.9099834561347961,4
train_02528.png,182.11,1,0.47130337357521057,2
train_02529.png,109.8,1,0.9168262481689453,4
train_02530.png,55.43,1,0.7496892809867859,4
train_02531.png,7.98,1,0.5323635339736938,2
train_02532.png,332.1,0,0.2504477798938751,0
train_02533.png,141.46,1,0.6844961047172546,1
train_02534.png,41.97,0,0.7426442503929138,0
train_02535.png,327.04,1,0.16144494712352753,2
train_02536.png,311.17,0,0.10994704812765121,0
train_02537.png,209.29,0,0.9417007565498352,4
train_02538.png,330.67,0,0.13899394869804382,0
train_02539.png,322.11,0,0.02734140120446682,2
train_02540.png,347.56,0,0.027449825778603554,2
train_02541.png,25.85,1,0.5106551647186279,4
train_02542.png,318.3,1,0.11146444082260132,4
train_02543.png,320.09,0,0.15617991983890533,1
train_02544.png,294.05,0,0.0652659684419632,0
train_02545.png,228.33,1,0.980550229549408,3
train_02546.png,159.18,0,0.787773072719574,3
train_02547.png,272.39,0,0.8533680438995361,3
train_02548.png,309.42,0,0.14404791593551636,3
train_02549.png,236.01,1,0.9813498258590698,4
train_02550.png,307.92,1,0.0666210725903511,0
train_02551.png,341.67,0,0.04133915156126022,2
train_02552.png,291.19,0,0.299355149269104,0
train_02553.png,139.83,1,0.47515013813972473,3
train_02554.png,176.25,1,0.9992469549179077,2
train_02555.png,295.08,0,0.012210432440042496,0
train_02556.png,109.3,1,0.9948462247848511,3
train_02557.png,302.92,0,0.6123630404472351,3
train_02558.png,255.13,1,0.6703870296478271,4
train_02559.png,167.71,1,0.4793572425842285,3
train_02560.png,345.58,1,0.040623921900987625,1
train_02561.png,253.87,1,0.5782313346862793,0
train_02562.png,316.3,1,0.10581205040216446,2
train_02563.png,327.9,0,0.2877950966358185,4
train_02564.png,270.5,0,0.19946537911891937,3
train_02565.png,335.1,1,0.18964312970638275,1
train_02566.png,304.15,0,0.09067551046609879,0
train_02567.png,320.92,1,0.10177818685770035,2
train_02568.png,320.67,1,0.0022907538805156946,2
train_02569.png,312.24,1,0.2159883677959442,2
train_02570.png,347.7,0,0.3898618519306183,4
train_02571.png,344.86,0,0.35438624024391174,1
train_02572.png,348.16,1,0.39358317852020264,1
train_02573.png,24.67,1,0.568314254283905,1
train_02574.png,31.14,1,0.6588876843452454,0
train_02575.png,321.98,1,0.16871227324008942,1
train_02576.png,0.91,1,0.04901576787233353,3
train_02577.png,210.1,1,0.8105738162994385,0
train_02578.png,339.63,0,0.09500189125537872,1
train_02579.png,348.24,0,0.4756465554237366,0
train_02580.png,30.89,1,0.990376889705658,2
train_02581.png,206.39,1,0.8854144811630249,1
train_02582.png,46.96,1,0.9569836854934692,0
train_02583.png,329.34,0,0.04935617744922638,1
train_02584.png,316.31,0,0.24463362991809845,1
train_02585.png,123.26,1,0.995897650718689,2
train_02586.png,315.0,1,0.02482486329972744,2
train_02587.png,155.62,1,0.9986531734466553,2
train_02588.png,120.24,1,0.995862603187561,3
train_02589.png,247.74,1,0.9811687469482422,3
train_02590.png,353.55,0,0.2618049085140228,0
train_02591.png,168.38,1,0.8031097054481506,2
train_02592.png,234.32,1,0.9842990636825562,2
train_02593.png,356.24,1,0.6498307585716248,2
train_02594.png,286.65,0,0.22499431669712067,3
train_02595.png,155.31,1,0.9384763240814209,4
train_02596.png,139.52,1,0.9921839833259583,3
train_02597.png,301.98,0,0.032102808356285095,2
train_02598.png,14.18,1,0.5537956953048706,1
train_02599.png,122.51,1,0.5915132761001587,0
train_02600.png,237.28,1,0.9739561080932617,2
train_02601.png,300.24,1,0.1104922667145729,0
train_02602.png,297.15,0,0.12112705409526825,3
train_02603.png,340.47,0,0.32451462745666504,2
train_02604.png,201.78,1,0.9003917574882507,0
train_02605.png,85.3,1,0.9290030598640442,2
train_02606.png,219.27,1,0.977614164352417,4
train_02607.png,2.34,1,0.14366698265075684,2
train_02608.png,300.58,0,0.039111360907554626,2
train_02609.png,132.57,1,0.8427519798278809,0
train_02610.png,162.01,0,0.8371196985244751,0
train_02611.png,331.39,0,0.1882929652929306,1
train_02612.png,311.12,0,0.19689391553401947,2
train_02613.png,81.77,1,0.73661869764328,3
train_02614.png,287.84,1,0.04177238047122955,0
train_02615.png,40.82,1,0.41263628005981445,2
train_02616.png,277.68,0,0.11205311864614487,0
train_02617.png,217.83,1,0.5742968320846558,3
train_02618.png,304.1,0,0.15962132811546326,1
train_02619.png,303.21,1,0.07614967972040176,1
train_02620.png,233.19,1,0.8258345723152161,2
train_02621.png,342.02,0,0.18983706831932068,0
train_02622.png,277.0,0,0.22771884500980377,2
train_02623.png,170.9,1,0.3938668668270111,1
train_02624.png,30.09,1,0.7981737852096558,0
train_02625.png,321.07,1,0.22280627489089966,0
train_02626.png,295.22,0,0.19492842257022858,3
train_02627.png,310.56,1,0.10477667301893234,0
train_02628.png,68.29,1,0.7942216992378235,0
train_02629.png,327.4,0,0.482791543006897,2
train_02630.png,11.43,0,0.7977129817008972,1
train_02631.png,331.86,1,0.22858385741710663,1
train_02632.png,274.9,0,0.4269196093082428,4
train_02633.png,204.76,1,0.5935161113739014,1
train_02634.png,349.64,0,0.18190902471542358,4
train_02635.png,183.55,1,0.8046236038208008,0
train_02636.png,313.24,0,0.2899404764175415,1
train_02637.png,4.38,1,0.40964919328689575,0
train_02638.png,237.74,1,0.9139401912689209,4
train_02639.png,278.62,0,0.17912670969963074,4
train_02640.png,292.49,0,0.25567612051963806,3
train_02641.png,350.42,0,0.5586264133453369,4
train_02642.png,315.6,0,0.5742344260215759,4
train_02643.png,67.14,1,0.8959474563598633,4
train_02644.png,337.6,1,0.4802984893321991,0
train_02645.png,31.63,0,0.47826266288757324,0
train_02646.png,313.16,0,0.01222995575517416,3
train_02647.png,143.1,1,0.7881501317024231,1
train_02648.png,265.05,1,0.18342748284339905,1
train_02649.png,335.5,0,0.01601037196815014,3
train_02650.png,322.31,1,0.05463647097349167,2
train_02651.png,51.07,1,0.7371280789375305,2
train_02652.png,224.03,1,0.7344062328338623,2
train_02653.png,307.66,1,0.009812189266085625,0
train_02654.png,1.45,1,0.9281105995178223,3
train_02655.png,158.86,1,0.9832282066345215,3
train_02656.png,302.79,0,0.07165984809398651,4
train_02657.png,304.24,0,0.05605367571115494,0
train_02658.png,154.13,1,0.7946690320968628,1
train_02659.png,359.19,0,0.3392811119556427,0
train_02660.png,293.46,0,0.46505600214004517,4
train_02661.png,337.67,0,0.2171783745288849,1
train_02662.png,86.04,1,0.932988703250885,3
train_02663.png,26.94,1,0.9651713371276855,3
train_02664.png,232.78,1,0.9282246828079224,4
train_02665.png,358.35,0,0.4524352550506592,0
train_02666.png,313.84,0,0.07423123717308044,1
train_02667.png,352.21,0,0.21096177399158478,1
train_02668.png,354.45,0,0.01996687240898609,2
train_02669.png,301.15,1,0.05616692826151848,2
train_02670.png,106.96,1,0.6558256149291992,1
train_02671.png,329.33,1,0.19674821197986603,1
train_02672.png,194.69,1,0.9986225366592407,2
train_02673.png,344.75,0,0.4694038927555084,3
train_02674.png,356.14,0,0.056742604821920395,2
train_02675.png,87.66,1,0.9987634420394897,2
train_02676.png,196.48,1,0.917098879814148,4
train_02677.png,351.14,1,0.3095029592514038,3
train_02678.png,227.52,1,0.7807019352912903,0
train_02679.png,287.95,0,0.12174911797046661,2
train_02680.png,336.35,0,0.015694569796323776,2
train_02681.png,144.88,1,0.9625452756881714,4
train_02682.png,32.27,0,0.6921983361244202,2
train_02683.png,61.6,1,0.7594380974769592,2
train_02684.png,22.41,1,0.2527860999107361,4
train_02685.png,66.66,1,0.744942843914032,0
train_02686.png,142.97,1,0.87758868932724,0
train_02687.png,356.98,0,0.7978434562683105,0
train_02688.png,334.06,0,0.21612560749053955,4
train_02689.png,349.03,1,0.6170888543128967,0
train_02690.png,94.03,1,0.9125027060508728,0
train_02691.png,275.78,0,0.040340084582567215,3
train_02692.png,171.34,0,0.7187929153442383,0
train_02693.png,270.89,0,0.049303051084280014,1
train_02694.png,278.69,1,0.37494930624961853,4
train_02695.png,337.3,0,0.07528860121965408,3
train_02696.png,61.99,1,0.73887038230896,0
train_02697.png,332.15,0,0.11294661462306976,1
train_02698.png,51.16,1,0.9961850047111511,2
train_02699.png,152.32,1,0.834079921245575,2
train_02700.png,257.48,1,0.9490041136741638,3
train_02701.png,249.75,1,0.7714437246322632,3
train_02702.png,338.67,1,0.14201347529888153,4
train_02703.png,261.43,1,0.05829868093132973,1
train_02704.png,49.1,1,0.7150906324386597,1
train_02705.png,295.43,0,0.2265341579914093,4
train_02706.png,18.6,1,0.5402891635894775,0
train_02707.png,3.95,1,0.36402350664138794,1
train_02708.png,285.98,0,0.8429882526397705,3
train_02709.png,205.34,1,0.9421839118003845,2
train_02710.png,319.59,1,0.03110438957810402,3
train_02711.png,96.35,1,0.4324592351913452,0
train_02712.png,263.81,0,0.15710753202438354,0
train_02713.png,300.24,1,0.023495160043239594,0
train_02714.png,335.49,0,0.019388945773243904,3
train_02715.png,102.67,0,0.47306913137435913,1
train_02716.png,98.39,1,0.9813858866691589,2
train_02717.png,322.4,0,0.2894061803817749,3
train_02718.png,324.6,1,0.05844619497656822,1
train_02719.png,130.17,1,0.26625537872314453,1
train_02720.png,81.97,1,0.973957896232605,3
train_02721.png,303.13,1,0.026346778497099876,3
train_02722.png,320.44,1,0.024587217718362808,4
train_02723.png,251.08,0,0.4722817838191986,2
train_02724.png,326.25,0,0.26931339502334595,3
train_02725.png,134.76,1,0.8977527618408203,1
train_02726.png,348.78,1,0.08953696489334106,3
train_02727.png,325.1,0,0.05884785205125809,3
train_02728.png,168.85,0,0.7605636715888977,0
train_02729.png,67.29,1,0.9173789024353027,3
train_02730.png,157.05,0,0.852427065372467,4
train_02731.png,258.94,1,0.2568596303462982,3
train_02732.png,108.33,0,0.22412271797657013,3
train_02733.png,85.65,1,0.9847678542137146,2
train_02734.png,220.94,1,0.7244473695755005,0
train_02735.png,73.99,1,0.9802976846694946,2
train_02736.png,149.29,1,0.8649082183837891,4
train_02737.png,33.44,1,0.7408687472343445,0
train_02738.png,284.41,0,0.36992207169532776,2
train_02739.png,260.81,1,0.7312789559364319,4
train_02740.png,272.33,1,0.673067569732666,2
train_02741.png,353.44,1,0.5877131819725037,4
train_02742.png,314.26,0,0.15885941684246063,4
train_02743.png,339.45,0,0.06178366020321846,0
train_02744.png,99.39,1,0.6971642971038818,1
train_02745.png,73.54,1,0.7446699142456055,3
train_02746.png,44.86,1,0.7857659459114075,2
train_02747.png,150.14,1,0.8409441709518433,1
train_02748.png,256.77,1,0.536841094493866,1
train_02749.png,159.33,1,0.5392566323280334,4
train_02750.png,354.79,0,0.2647498846054077,4
train_02751.png,326.91,0,0.7766138315200806,2
train_02752.png,351.78,0,0.03250234201550484,2
train_02753.png,37.77,1,0.32717791199684143,2
train_02754.png,96.13,0,0.8708115816116333,3
train_02755.png,334.19,0,0.22886353731155396,4
train_02756.png,164.06,1,0.9745083451271057,4
train_02757.png,93.38,1,0.8513601422309875,2
train_02758.png,353.66,0,0.4015253484249115,1
train_02759.png,310.18,0,0.26274827122688293,4
train_02760.png,353.22,0,0.11929786205291748,2
train_02761.png,89.54,0,0.9093484878540039,4
train_02762.png,226.83,1,0.7194523811340332,3
train_02763.png,40.04,1,0.9904829263687134,0
train_02764.png,35.81,1,0.9872193336486816,3
train_02765.png,357.05,0,0.5290560722351074,4
train_02766.png,214.54,1,0.5756404399871826,3
train_02767.png,100.0,1,0.9976856708526611,2
train_02768.png,281.03,0,0.13777728378772736,0
train_02769.png,335.36,0,0.0817137286067009,4
train_02770.png,185.24,1,0.9907516241073608,3
train_02771.png,303.25,1,0.7852425575256348,3
train_02772.png,142.07,1,0.7159743905067444,1
train_02773.png,23.63,1,0.7054703831672668,1
train_02774.png,175.8,1,0.8680061101913452,1
train_02775.png,312.1,0,0.16523434221744537,3
train_02776.png,320.81,0,0.05650346726179123,1
train_02777.png,139.66,1,0.8067647814750671,4
train_02778.png,327.43,1,0.060353055596351624,3
train_02779.png,10.97,1,0.9205301403999329,3
train_02780.png,81.53,1,0.4319494962692261,1
train_02781.png,32.85,1,0.7975260615348816,1
train_02782.png,322.92,0,0.16367271542549133,0
train_02783.png,126.33,0,0.955246090888977,4
train_02784.png,67.74,1,0.9496602416038513,3
train_02785.png,148.27,1,0.9790761470794678,2
train_02786.png,153.52,1,0.9997608065605164,3
train_02787.png,349.01,1,0.34772855043411255,1
train_02788.png,13.21,1,0.7827210426330566,3
train_02789.png,90.47,1,0.9250039458274841,4
train_02790.png,338.95,1,0.03708682581782341,0
train_02791.png,242.0,1,0.8417959809303284,3
train_02792.png,11.85,1,0.8054467439651489,0
train_02793.png,53.88,1,0.7810380458831787,0
train_02794.png,234.38,1,0.6257348656654358,1
train_02795.png,182.63,1,0.8523394465446472,0
train_02796.png,22.35,1,0.656328558921814,1
train_02797.png,320.04,0,0.01807650737464428,2
train_02798.png,305.86,0,0.37415948510169983,3
train_02799.png,152.05,1,0.6706169247627258,0
train_02800.png,331.85,1,0.24696531891822815,1
train_02801.png,359.39,1,0.48397210240364075,4
train_02802.png,184.58,1,0.9713643193244934,3
train_02803.png,271.96,0,0.35842272639274597,2
train_02804.png,14.16,0,0.9892935752868652,2
train_02805.png,342.26,0,0.557563841342926,4
train_02806.png,231.85,1,0.9190929532051086,2
train_02807.png,339.86,0,0.15064597129821777,4
train_02808.png,274.39,0,0.09105366468429565,0
train_02809.png,272.06,1,0.28753945231437683,4
train_02810.png,333.82,1,0.19823232293128967,4
train_02811.png,65.93,1,0.9302932620048523,2
train_02812.png,244.31,1,0.8597211837768555,2
train_02813.png,134.64,1,0.954480767250061,4
train_02814.png,23.2,1,0.5924428701400757,1
train_02815.png,265.33,1,0.2369006872177124,4
train_02816.png,287.44,0,0.5967614650726318,4
train_02817.png,318.6,1,0.037857785820961,4
train_02818.png,344.73,0,0.4166688621044159,2
train_02819.png,124.61,1,0.6908605098724365,2
train_02820.png,25.39,0,0.6782363653182983,1
train_02821.png,322.52,1,0.05165071040391922,0
train_02822.png,174.32,1,0.9020738005638123,1
train_02823.png,311.28,1,0.5920684933662415,4
train_02824.png,22.76,1,0.8343356251716614,1
train_02825.png,343.49,0,0.014364381320774555,3
train_02826.png,266.19,1,0.7767066955566406,2
train_02827.png,33.93,1,0.7786708474159241,1
train_02828.png,284.29,1,0.20973025262355804,2
train_02829.png,73.44,1,0.7836605310440063,3
train_02830.png,275.77,1,0.7066797614097595,2
train_02831.png,3.67,1,0.39216548204421997,4
train_02832.png,334.04,0,0.3339602053165436,4
train_02833.png,102.21,1,0.7072324752807617,2
train_02834.png,280.82,1,0.5672374367713928,2
train_02835.png,156.0,1,0.8066902160644531,1
train_02836.png,21.02,1,0.6807528138160706,1
train_02837.png,293.38,0,0.3022586703300476,3
train_02838.png,302.43,1,0.03859824314713478,0
train_02839.png,341.03,0,0.09591496735811234,0
train_02840.png,320.55,1,0.009485776536166668,2
train_02841.png,339.76,0,0.2836238145828247,4
train_02842.png,285.19,0,0.1552109271287918,1
train_02843.png,336.4,0,0.18639123439788818,1
train_02844.png,123.78,1,0.9899161458015442,2
train_02845.png,297.92,0,0.10496591031551361,0
train_02846.png,233.9,1,0.8689674139022827,4
train_02847.png,247.78,0,0.8546606302261353,1
train_02848.png,96.68,1,0.4342096745967865,1
train_02849.png,153.79,1,0.9843975901603699,2
train_02850.png,31.35,0,0.20851744711399078,0
train_02851.png,113.19,1,0.8895131349563599,0
train_02852.png,287.67,0,0.021877910941839218,0
train_02853.png,295.79,1,0.24875690042972565,2
train_02854.png,132.08,1,0.5708860754966736,1
train_02855.png,293.12,1,0.044266216456890106,0
train_02856.png,132.42,1,0.6502562165260315,1
train_02857.png,120.69,1,0.8837562203407288,3
train_02858.png,95.79,1,0.9796591997146606,2
train_02859.png,190.15,0,0.8191961646080017,1
train_02860.png,298.77,1,0.11757726967334747,1
train_02861.png,56.97,1,0.9700332283973694,2
train_02862.png,198.55,1,0.8275485634803772,0
train_02863.png,341.74,0,0.03911087289452553,3
train_02864.png,274.55,1,0.40472328662872314,4
train_02865.png,216.49,1,0.9747830033302307,1
train_02866.png,315.07,1,0.0709177553653717,0
train_02867.png,263.78,0,0.4804004728794098,4
train_02868.png,242.5,0,0.6100924611091614,0
train_02869.png,173.25,1,0.7971978783607483,0
train_02870.png,340.11,0,0.060781799256801605,0
train_02871.png,266.99,0,0.810782253742218,3
train_02872.png,196.27,1,0.03733969107270241,2
train_02873.png,322.49,0,0.5368320345878601,4
train_02874.png,305.43,0,0.03433910757303238,0
train_02875.png,96.24,1,0.6553404927253723,0
train_02876.png,50.72,1,0.23357079923152924,3
train_02877.png,135.09,1,0.9032312035560608,4
train_02878.png,257.61,1,0.5902091860771179,2
train_02879.png,309.37,1,0.08518514037132263,2
train_02880.png,272.69,1,0.3491431474685669,4
train_02881.png,275.2,1,0.09252645075321198,3
train_02882.png,357.41,0,0.6486300826072693,2
train_02883.png,273.43,0,0.3097677230834961,4
train_02884.png,49.34,1,0.5742750763893127,1
train_02885.png,111.19,1,0.8471477627754211,4
train_02886.png,67.9,1,0.788453221321106,1
train_02887.png,67.14,1,0.11426151543855667,2
train_02888.png,347.59,0,0.08394820243120193,3
train_02889.png,155.77,1,0.5236736536026001,1
train_02890.png,318.93,1,0.019354958087205887,0
train_02891.png,164.48,1,0.9450427889823914,2
train_02892.png,27.96,1,0.8889578580856323,2
train_02893.png,286.3,1,0.037967681884765625,0
train_02894.png,292.0,0,0.44965091347694397,2
train_02895.png,331.48,0,0.07357767969369888,0
train_02896.png,225.67,1,0.9637125730514526,4
train_02897.png,335.35,0,0.2157265692949295,1
train_02898.png,233.92,1,0.43966206908226013,1
train_02899.png,5.56,0,0.687113881111145,2
train_02900.png,218.2,1,0.9360395073890686,0
train_02901.png,292.91,1,0.0723014697432518,4
train_02902.png,172.6,1,0.959194004535675,2
train_02903.png,340.59,0,0.2426903247833252,3
train_02904.png,188.34,0,0.9769456386566162,4
train_02905.png,241.56,1,0.8645544052124023,1
train_02906.png,325.83,1,0.20165742933750153,0
train_02907.png,309.97,0,0.11791696399450302,4
train_02908.png,87.61,1,0.318002849817276,1
train_02909.png,32.61,1,0.6825869679450989,4
train_02910.png,289.37,0,0.40535926818847656,1
train_02911.png,306.46,1,0.010028182528913021,0
train_02912.png,333.73,0,0.18484589457511902,1
train_02913.png,136.33,1,0.9178028702735901,2
train_02914.png,241.46,1,0.9881293177604675,3
train_02915.png,208.87,1,0.635309636592865,1
train_02916.png,175.62,0,0.8468009829521179,4
train_02917.png,10.08,1,0.2960324287414551,1
train_02918.png,147.54,1,0.9736396074295044,2
train_02919.png,220.03,1,0.8518455028533936,2
train_02920.png,194.22,1,0.9767804145812988,2
train_02921.png,40.57,1,0.3155767619609833,0
train_02922.png,353.97,1,0.1582888662815094,1
train_02923.png,146.47,1,0.9953572154045105,3
train_02924.png,52.51,1,0.9991176724433899,2
train_02925.png,246.16,1,0.6170170903205872,2
train_02926.png,219.78,1,0.9980429410934448,3
train_02927.png,270.87,0,0.5527357459068298,2
train_02928.png,274.49,0,0.09896639734506607,0
train_02929.png,283.62,1,0.12305672466754913,4
train_02930.png,335.86,1,0.17824004590511322,4
train_02931.png,39.08,1,0.9941480159759521,3
train_02932.png,147.86,0,0.8143826723098755,4
train_02933.png,80.46,1,0.8808838129043579,3
train_02934.png,355.19,0,0.18190829455852509,3
train_02935.png,159.58,1,0.9050612449645996,4
train_02936.png,330.81,0,0.36972784996032715,2
train_02937.png,89.89,1,0.7816188931465149,3
train_02938.png,147.24,1,0.8614431619644165,4
train_02939.png,199.57,0,0.7712042331695557,4
train_02940.png,286.77,1,0.019885847344994545,3
train_02941.png,52.87,1,0.6375566124916077,3
train_02942.png,314.89,1,0.13459564745426178,0
train_02943.png,325.43,1,0.2694062888622284,4
train_02944.png,246.4,1,0.7692035436630249,2
train_02945.png,68.12,1,0.9160305857658386,1
train_02946.png,116.26,0,0.9741470217704773,3
train_02947.png,56.13,1,0.612724244594574,1
train_02948.png,208.57,1,0.3316318988800049,2
train_02949.png,108.74,1,0.6154593229293823,1
train_02950.png,290.2,1,0.04442582651972771,3
train_02951.png,23.28,1,0.43033748865127563,1
train_02952.png,280.74,0,0.3567046523094177,3
train_02953.png,345.54,1,0.46504974365234375,3
train_02954.png,349.17,0,0.21815983951091766,1
train_02955.png,318.55,0,0.007805371657013893,2
train_02956.png,157.98,1,0.9839246273040771,2
train_02957.png,166.82,1,0.8229042887687683,0
train_02958.png,358.81,0,0.048914723098278046,3
train_02959.png,134.98,1,0.8877199292182922,4
train_02960.png,351.71,1,0.18384934961795807,2
train_02961.png,189.55,1,0.8682045340538025,1
train_02962.png,281.48,0,0.23758669197559357,0
train_02963.png,256.14,1,0.36664363741874695,2
train_02964.png,288.03,0,0.15801279246807098,1
train_02965.png,357.31,0,0.4350576400756836,1
train_02966.png,210.02,0,0.9633718729019165,0
train_02967.png,324.1,0,0.1691209226846695,4
train_02968.png,297.11,0,0.16280482709407806,2
train_02969.png,205.69,1,0.4599854648113251,3
train_02970.png,344.09,1,0.21327345073223114,3
train_02971.png,335.97,1,0.5494353175163269,3
train_02972.png,136.96,1,0.7617308497428894,4
train_02973.png,310.61,0,0.6439872980117798,4
train_02974.png,16.53,1,0.9970894455909729,3
train_02975.png,26.27,1,0.25037625432014465,4
train_02976.png,320.02,1,0.8347687721252441,3
train_02977.png,350.62,1,0.42432525753974915,1
train_02978.png,300.71,0,0.09593334048986435,1
train_02979.png,328.78,0,0.13737879693508148,4
train_02980.png,155.54,0,0.9364001750946045,4
train_02981.png,293.7,0,0.06828851252794266,3
train_02982.png,302.44,0,0.23591050505638123,1
train_02983.png,241.96,1,0.6552703976631165,4
train_02984.png,27.23,1,0.9234443306922913,0
train_02985.png,237.42,1,0.8801119923591614,1
train_02986.png,132.47,1,0.8635426759719849,4
train_02987.png,274.0,1,0.5997046232223511,4
train_02988.png,357.18,0,0.17436109483242035,0
train_02989.png,272.63,1,0.07896915823221207,1
train_02990.png,61.11,0,0.9972949624061584,2
train_02991.png,31.17,1,0.5271233320236206,4
train_02992.png,155.91,1,0.9579074382781982,4
train_02993.png,327.93,0,0.2919100224971771,4
train_02994.png,196.12,1,0.7026517987251282,3
train_02995.png,185.16,1,0.9981755018234253,2
train_02996.png,338.53,1,0.15881319344043732,2
train_02997.png,119.34,1,0.9387190937995911,0
train_02998.png,53.42,1,0.9016898274421692,4
train_02999.png,101.4,1,0.8723555207252502,1
train_03000.png,273.62,1,0.09320897608995438,3
train_03001.png,247.04,1,0.8965713977813721,2
train_03002.png,285.92,0,0.38017502427101135,2
train_03003.png,196.36,0,0.9069142937660217,0
train_03004.png,322.84,0,0.32413360476493835,4
train_03005.png,284.02,1,0.2549227774143219,0
train_03006.png,323.37,1,0.1525990068912506,1
train_03007.png,323.06,0,0.02742050588130951,0
train_03008.png,302.1,0,0.0429934598505497,3
train_03009.png,319.94,1,0.024331413209438324,2
train_03010.png,115.99,1,0.1537255495786667,1
train_03011.png,18.63,1,0.8135996460914612,4
train_03012.png,356.25,1,0.7321100831031799,0
train_03013.png,327.03,0,0.5541774034500122,3
train_03014.png,20.58,1,0.7839046716690063,1
train_03015.png,74.45,1,0.8643634915351868,4
train_03016.png,291.52,0,0.03518714755773544,0
train_03017.png,321.32,0,0.1340123564004898,1
train_03018.png,288.82,0,0.056790921837091446,1
train_03019.png,227.5,1,0.9675196409225464,1
train_03020.png,298.28,0,0.1546911597251892,1
train_03021.png,320.39,1,0.17067986726760864,4
train_03022.png,19.94,1,0.3870713710784912,0
train_03023.png,193.97,1,0.31916171312332153,2
train_03024.png,164.05,1,0.9586620330810547,4
train_03025.png,81.97,1,0.8495832085609436,4
train_03026.png,356.98,1,0.36683389544487,3
train_03027.png,174.25,1,0.9873413443565369,2
train_03028.png,348.11,1,0.2575781047344208,1
train_03029.png,241.81,0,0.7233099937438965,2
train_03030.png,335.62,0,0.1291683316230774,1
train_03031.png,335.72,0,0.03727627173066139,1
train_03032.png,276.58,1,0.046818457543849945,2
train_03033.png,73.0,1,0.7182139158248901,2
train_03034.png,10.72,1,0.8672585487365723,2
train_03035.png,339.38,0,0.2258027344942093,4
train_03036.png,350.31,0,0.04021870717406273,0
train_03037.png,101.25,1,0.9286338686943054,0
train_03038.png,1.88,1,0.9942981600761414,3
train_03039.png,294.03,1,0.26150646805763245,3
train_03040.png,197.89,1,0.6460999846458435,0
train_03041.png,351.72,0,0.7211534976959229,3
train_03042.png,306.8,1,0.22179432213306427,1
train_03043.png,189.18,1,0.6758236885070801,1
train_03044.png,127.01,1,0.9628607034683228,3
train_03045.png,234.32,1,0.9071925282478333,4
train_03046.png,206.52,1,0.7465636134147644,0
train_03047.png,64.43,1,0.8991832137107849,2
train_03048.png,340.48,0,0.16459494829177856,2
train_03049.png,206.12,1,0.7555128931999207,0
train_03050.png,248.99,1,0.9369878768920898,0
train_03051.png,187.66,1,0.4752672612667084,3
train_03052.png,314.67,0,0.12625752389431,1
train_03053.png,130.04,0,0.8895078897476196,4
train_03054.png,332.54,0,0.08739013969898224,0
train_03055.png,288.74,1,0.3389277458190918,4
train_03056.png,246.23,1,0.9773679971694946,3
train_03057.png,312.27,1,0.10279496014118195,0
train_03058.png,175.06,1,0.8606112599372864,1
train_03059.png,66.96,1,0.9529849290847778,4
train_03060.png,234.03,0,0.8032007217407227,0
train_03061.png,339.14,0,0.1259455382823944,0
train_03062.png,270.05,1,0.8648746609687805,2
train_03063.png,181.02,1,0.9805442690849304,3
train_03064.png,350.46,0,0.8139435648918152,2
train_03065.png,271.15,1,0.41168341040611267,0
train_03066.png,276.65,0,0.11168235540390015,1
train_03067.png,20.5,1,0.8315137028694153,0
train_03068.png,274.38,0,0.029029391705989838,2
train_03069.png,250.06,1,0.5003926157951355,1
train_03070.png,344.98,1,0.5044270157814026,0
train_03071.png,96.05,1,0.6130242347717285,4
train_03072.png,355.55,0,0.5592764616012573,3
train_03073.png,138.65,1,0.9973552227020264,3
train_03074.png,294.91,0,0.020528774708509445,0
train_03075.png,339.55,0,0.005625373683869839,3
train_03076.png,296.07,1,0.11380688846111298,2
train_03077.png,32.03,1,0.9879605174064636,2
train_03078.png,75.26,0,0.9035049676895142,1
train_03079.png,72.18,1,0.9149458408355713,1
train_03080.png,228.61,1,0.953658401966095,2
train_03081.png,326.79,0,0.3964684307575226,2
train_03082.png,33.56,1,0.6277075409889221,2
train_03083.png,316.4,0,0.09188181161880493,3
train_03084.png,147.12,1,0.9120234847068787,0
train_03085.png,79.16,1,0.5826758742332458,4
train_03086.png,341.68,0,0.17497926950454712,4
train_03087.png,296.77,0,0.049548327922821045,2
train_03088.png,333.13,1,0.012477172538638115,2
train_03089.png,150.79,1,0.9947497248649597,2
train_03090.png,121.95,1,0.23748695850372314,1
train_03091.png,26.76,1,0.6897481083869934,1
train_03092.png,93.06,1,0.48809418082237244,4
train_03093.png,5.34,1,0.19652646780014038,4
train_03094.png,338.2,1,0.009409983642399311,3
train_03095.png,299.28,1,0.44333893060684204,1
train_03096.png,167.16,1,0.9932108521461487,3
train_03097.png,343.41,0,0.03205360099673271,0
train_03098.png,222.15,1,0.8331847190856934,4
train_03099.png,246.75,1,0.7623894810676575,4
train_03100.png,54.96,0,0.9306005239486694,4
train_03101.png,169.79,1,0.9040146470069885,4
train_03102.png,148.28,1,0.5619861483573914,0
train_03103.png,323.99,1,0.1941286325454712,1
train_03104.png,128.31,1,0.40045350790023804,4
train_03105.png,328.75,0,0.028549086302518845,1
train_03106.png,156.54,0,0.9708333611488342,0
train_03107.png,270.03,1,0.25927630066871643,1
train_03108.png,327.4,0,0.20111437141895294,2
train_03109.png,358.61,1,0.16595309972763062,4
train_03110.png,87.93,1,0.750495970249176,0
train_03111.png,27.79,0,0.3803645074367523,4
train_03112.png,221.06,1,0.9639257192611694,1
train_03113.png,318.92,1,0.41717997193336487,0
train_03114.png,100.38,1,0.9178094863891602,1
train_03115.png,155.42,1,0.9637609124183655,3
train_03116.png,301.12,0,0.0315144844353199,3
train_03117.png,77.01,1,0.731915295124054,4
train_03118.png,204.86,1,0.573986291885376,2
train_03119.png,136.84,1,0.9431583881378174,4
train_03120.png,9.38,1,0.523872971534729,1
train_03121.png,342.93,1,0.26579177379608154,0
train_03122.png,134.54,1,0.7409752011299133,0
train_03123.png,346.23,0,0.14026692509651184,2
train_03124.png,316.72,1,0.014770778827369213,2
train_03125.png,336.09,0,0.13506972789764404,2
train_03126.png,229.3,1,0.6596152782440186,4
train_03127.png,231.92,0,0.962356686592102,3
train_03128.png,85.93,1,0.8607221245765686,4
train_03129.png,303.31,0,0.8364179730415344,2
train_03130.png,339.87,0,0.3750860095024109,4
train_03131.png,318.99,0,0.07462641596794128,2
train_03132.png,304.15,0,0.1332903355360031,3
train_03133.png,174.51,1,0.7908907532691956,2
train_03134.png,178.93,1,0.8422523140907288,1
train_03135.png,4.32,1,0.3773159682750702,2
train_03136.png,200.48,1,0.963331401348114,3
train_03137.png,189.65,1,0.9372461438179016,2
train_03138.png,14.44,1,0.1827719658613205,0
train_03139.png,306.21,0,0.1109522208571434,2
train_03140.png,285.11,0,0.06937181204557419,4
train_03141.png,134.05,1,0.9090456962585449,2
train_03142.png,352.78,0,0.9690307974815369,3
train_03143.png,337.17,0,0.11019933968782425,1
train_03144.png,340.95,0,0.4149485230445862,4
train_03145.png,333.16,1,0.07312078773975372,0
train_03146.png,339.11,1,0.16620731353759766,0
train_03147.png,194.07,0,0.9658610820770264,3
train_03148.png,291.25,0,0.06906850636005402,0
train_03149.png,158.27,1,0.7988054752349854,4
train_03150.png,121.72,1,0.9814131259918213,3
train_03151.png,220.37,1,0.9979148507118225,3
train_03152.png,115.41,1,0.842806339263916,0
train_03153.png,289.93,1,0.07749868929386139,1
train_03154.png,184.26,1,0.8999852538108826,0
train_03155.png,148.59,1,0.9314379096031189,0
train_03156.png,318.24,0,0.20928093791007996,2
train_03157.png,114.58,1,0.872238278388977,3
train_03158.png,339.51,0,0.185014009475708,0
train_03159.png,317.88,0,0.26399192214012146,4
train_03160.png,254.62,0,0.5160485506057739,0
train_03161.png,120.91,1,0.7149310111999512,1
train_03162.png,156.94,1,0.5066177845001221,0
train_03163.png,216.21,1,0.7748451232910156,3
train_03164.png,197.59,0,0.8701491951942444,1
train_03165.png,150.7,1,0.9201465249061584,4
train_03166.png,6.64,1,0.7274220585823059,1
train_03167.png,358.43,0,0.29054227471351624,2
train_03168.png,47.25,1,0.38705015182495117,0
train_03169.png,307.97,1,0.5450080037117004,0
train_03170.png,6.95,1,0.857555091381073,3
train_03171.png,5.27,1,0.40380775928497314,0
train_03172.png,315.9,0,0.0420185923576355,3
train_03173.png,282.21,1,0.18112550675868988,3
train_03174.png,283.34,1,0.09442822635173798,2
train_03175.png,282.88,1,0.22870320081710815,1
train_03176.png,294.21,0,0.02658756636083126,2
train_03177.png,275.71,0,0.1490105539560318,1
train_03178.png,303.74,0,0.02011917717754841,3
train_03179.png,176.05,1,0.40983328223228455,1
train_03180.png,275.33,0,0.10764658451080322,1
train_03181.png,351.2,1,0.15521520376205444,1
train_03182.png,294.08,0,0.2021293342113495,4
train_03183.png,331.24,0,0.3164294362068176,1
train_03184.png,165.45,1,0.7277807593345642,2
train_03185.png,29.1,1,0.48527100682258606,1
train_03186.png,352.48,0,0.037716738879680634,2
train_03187.png,56.44,1,0.9662957787513733,4
train_03188.png,219.88,1,0.7212031483650208,4
train_03189.png,130.91,1,0.6501335501670837,1
train_03190.png,281.44,0,0.38900649547576904,3
train_03191.png,281.95,0,0.3301740884780884,4
train_03192.png,87.64,1,0.7180119156837463,1
train_03193.png,23.11,1,0.9040724635124207,2
train_03194.png,336.54,0,0.05967932567000389,2
train_03195.png,358.87,0,0.08033759891986847,0
train_03196.png,350.89,0,0.06243814527988434,3
train_03197.png,147.71,1,0.9295669198036194,4
train_03198.png,258.9,1,0.5796454548835754,0
train_03199.png,313.66,0,0.013432223349809647,3
train_03200.png,44.24,1,0.8759612441062927,4
train_03201.png,287.7,0,0.0676620826125145,0
train_03202.png,316.59,1,0.254479318857193,4
train_03203.png,283.09,1,0.417733758687973,2
train_03204.png,344.4,1,0.09554122388362885,4
train_03205.png,39.78,1,0.5868532061576843,3
train_03206.png,344.87,0,0.009127779863774776,3
train_03207.png,262.4,1,0.2473810315132141,2
train_03208.png,49.34,1,0.69312983751297,4
train_03209.png,78.27,1,0.9381168484687805,0
train_03210.png,310.72,0,0.10960191488265991,4
train_03211.png,215.54,1,0.9158353805541992,4
train_03212.png,33.92,1,0.648120105266571,4
train_03213.png,293.19,1,0.2328042984008789,3
train_03214.png,207.96,1,0.9992401599884033,3
train_03215.png,177.83,1,0.9651498794555664,4
train_03216.png,353.23,0,0.06908637285232544,2
train_03217.png,282.83,0,0.09144707024097443,1
train_03218.png,331.88,1,0.32097044587135315,3
train_03219.png,132.51,1,0.9970983266830444,3
train_03220.png,69.96,1,0.7171189785003662,1
train_03221.png,312.07,1,0.10867268592119217,4
train_03222.png,257.82,1,0.36697736382484436,3
train_03223.png,27.39,1,0.15159264206886292,2
train_03224.png,293.12,0,0.053100112825632095,1
train_03225.png,45.55,1,0.7716158628463745,1
train_03226.png,319.05,1,0.04614342004060745,4
train_03227.png,301.29,0,0.023068096488714218,4
train_03228.png,322.83,1,0.0573548823595047,2
train_03229.png,116.3,1,0.8814864158630371,1
train_03230.png,204.59,1,0.6624093055725098,3
train_03231.png,325.35,1,0.03124489262700081,3
train_03232.png,26.02,0,0.9866124391555786,3
train_03233.png,292.73,0,0.7691527605056763,3
train_03234.png,353.01,1,0.12283983081579208,4
train_03235.png,86.21,1,0.8760534524917603,0
train_03236.png,241.17,1,0.9901509284973145,2
train_03237.png,346.45,0,0.16716043651103973,4
train_03238.png,125.96,0,0.8445419669151306,0
train_03239.png,338.76,0,0.12639236450195312,1
train_03240.png,323.02,1,0.05039766803383827,2
train_03241.png,275.95,0,0.9641739130020142,3
train_03242.png,319.03,0,0.22951088845729828,0
train_03243.png,336.1,0,0.13543663918972015,4
train_03244.png,90.63,1,0.9800323247909546,3
train_03245.png,219.71,1,0.9482812881469727,3
train_03246.png,299.83,1,0.19236479699611664,0
train_03247.png,285.33,1,0.038367047905921936,1
train_03248.png,342.22,0,0.09030453860759735,2
train_03249.png,298.27,0,0.30292192101478577,1
train_03250.png,317.49,0,0.028346510604023933,2
train_03251.png,111.19,0,0.925881564617157,4
train_03252.png,329.94,0,0.13029199838638306,0
train_03253.png,108.39,1,0.9520655870437622,2
train_03254.png,180.92,0,0.8049012422561646,3
train_03255.png,353.79,0,0.044818710535764694,0
train_03256.png,53.93,1,0.7865815758705139,3
train_03257.png,67.82,1,0.980960488319397,2
train_03258.png,38.48,1,0.7479459643363953,4
train_03259.png,35.62,1,0.7335870862007141,4
train_03260.png,103.85,1,0.924911618232727,3
train_03261.png,299.85,0,0.22347427904605865,0
train_03262.png,352.03,0,0.49855929613113403,2
train_03263.png,333.99,0,0.10299325734376907,3
train_03264.png,189.09,1,0.5077284574508667,1
train_03265.png,309.51,0,0.15681307017803192,2
train_03266.png,274.43,0,0.7356898784637451,2
train_03267.png,105.38,1,0.3808545768260956,0
train_03268.png,274.06,1,0.12121996283531189,2
train_03269.png,332.86,1,0.1436321884393692,4
train_03270.png,106.34,1,0.9221288561820984,2
train_03271.png,272.52,1,0.1187792718410492,1
train_03272.png,73.87,1,0.7561898231506348,1
train_03273.png,206.4,1,0.5801982879638672,0
train_03274.png,231.41,0,0.9653970003128052,4
train_03275.png,274.33,0,0.722650408744812,3
train_03276.png,327.39,0,0.3635422885417938,3
train_03277.png,51.06,1,0.38631707429885864,1
train_03278.png,184.02,1,0.9922937154769897,3
train_03279.png,294.28,0,0.24971139430999756,2
train_03280.png,347.41,1,0.1430768072605133,0
train_03281.png,303.06,0,0.47360754013061523,2
train_03282.png,209.72,1,0.7731748819351196,4
train_03283.png,213.43,1,0.834851861000061,2
train_03284.png,9.61,1,0.44406670331954956,3
train_03285.png,110.65,1,0.9690759181976318,3
train_03286.png,232.37,1,0.9732243418693542,2
train_03287.png,159.8,1,0.7839015126228333,0
train_03288.png,273.81,0,0.05470208078622818,1
train_03289.png,152.03,1,0.9241729378700256,4
train_03290.png,341.74,0,0.022987011820077896,2
train_03291.png,126.06,1,0.9292765259742737,1
train_03292.png,302.35,0,0.0519355945289135,2
train_03293.png,261.4,1,0.6301303505897522,4
train_03294.png,304.08,0,0.04830324649810791,2
train_03295.png,186.39,1,0.8508976697921753,3
train_03296.png,313.07,0,0.017572039738297462,3
train_03297.png,312.5,0,0.02842712216079235,3
train_03298.png,246.44,1,0.46590328216552734,3
train_03299.png,27.69,1,0.7796488404273987,1
train_03300.png,125.95,0,0.9972767233848572,3
train_03301.png,278.33,0,0.7098209261894226,4
train_03302.png,103.64,1,0.9800571203231812,3
train_03303.png,14.06,1,0.7912179231643677,0
train_03304.png,358.52,1,0.3240572512149811,0
train_03305.png,281.05,0,0.040631670504808426,2
train_03306.png,193.44,1,0.9088976383209229,0
train_03307.png,281.67,0,0.4137170910835266,0
train_03308.png,242.43,0,0.3241521418094635,0
train_03309.png,250.82,1,0.3764817416667938,1
train_03310.png,338.34,0,0.20659565925598145,1
train_03311.png,143.21,1,0.9792063236236572,3
train_03312.png,315.47,0,0.11535627394914627,3
train_03313.png,245.9,1,0.34441056847572327,2
train_03314.png,186.59,1,0.5836520791053772,1
train_03315.png,123.15,1,0.8576949834823608,2
train_03316.png,276.51,1,0.1155356615781784,1
train_03317.png,346.18,0,0.3560176193714142,0
train_03318.png,140.84,1,0.04919058084487915,3
train_03319.png,311.83,1,0.2994653582572937,0
train_03320.png,168.16,1,0.7814454436302185,4
train_03321.png,331.9,1,0.024822300300002098,2
train_03322.png,175.41,1,0.9203861951828003,0
train_03323.png,326.07,0,0.126520574092865,4
train_03324.png,341.07,0,0.16094492375850677,0
train_03325.png,280.27,1,0.8340604305267334,2
train_03326.png,300.88,1,0.19825707376003265,0
train_03327.png,289.5,0,0.08840128034353256,1
train_03328.png,151.87,1,0.6639965176582336,1
train_03329.png,328.63,1,0.020964665338397026,2
train_03330.png,283.52,0,0.5164007544517517,4
train_03331.png,260.08,1,0.8122000694274902,4
train_03332.png,347.41,0,0.2149638682603836,2
train_03333.png,242.72,0,0.10149312764406204,1
train_03334.png,316.12,0,0.10641568899154663,4
train_03335.png,343.33,0,0.10719258338212967,2
train_03336.png,339.71,1,0.3714978098869324,3
train_03337.png,67.21,1,0.3347991406917572,1
train_03338.png,334.21,0,0.056047070771455765,2
train_03339.png,271.85,0,0.4979860186576843,2
train_03340.png,24.27,1,0.7538282871246338,0
train_03341.png,319.8,1,0.028624268248677254,4
train_03342.png,340.62,1,0.13987819850444794,0
train_03343.png,288.49,0,0.4887978434562683,4
train_03344.png,284.44,1,0.3663148880004883,4
train_03345.png,205.43,1,0.9918957352638245,2
train_03346.png,308.84,0,0.0619039461016655,1
train_03347.png,326.47,0,0.20007529854774475,0
train_03348.png,170.77,1,0.7172874212265015,1
train_03349.png,311.28,0,0.11128073930740356,3
train_03350.png,41.96,1,0.8594791889190674,4
train_03351.png,270.85,0,0.019576720893383026,3
train_03352.png,288.02,0,0.34882718324661255,4
train_03353.png,297.38,0,0.13690121471881866,4
train_03354.png,95.22,1,0.9992838501930237,2
train_03355.png,238.24,1,0.5831397175788879,0
train_03356.png,49.98,1,0.4534912705421448,2
train_03357.png,238.01,1,0.9204347133636475,4
train_03358.png,271.42,0,0.9066510200500488,3
train_03359.png,351.39,0,0.32587170600891113,0
train_03360.png,162.75,1,0.654569149017334,1
train_03361.png,90.13,1,0.9912563562393188,2
train_03362.png,149.06,1,0.7889300584793091,4
train_03363.png,345.91,1,0.22906875610351562,0
train_03364.png,255.28,1,0.12653708457946777,0
train_03365.png,280.25,1,0.3647768199443817,2
train_03366.png,306.74,0,0.12071812152862549,1
train_03367.png,292.57,0,0.2095383256673813,3
train_03368.png,297.78,0,0.6195576190948486,4
train_03369.png,143.69,1,0.9765224456787109,4
train_03370.png,61.86,0,0.9890430569648743,2
train_03371.png,332.23,1,0.007121668197214603,3
train_03372.png,171.29,1,0.8455148339271545,4
train_03373.png,301.9,0,0.2834678292274475,1
train_03374.png,226.76,1,0.9493117928504944,3
train_03375.png,297.72,1,0.13621774315834045,0
train_03376.png,275.53,0,0.18032433092594147,3
train_03377.png,196.15,1,0.8256611227989197,3
train_03378.png,349.13,0,0.9123556017875671,3
train_03379.png,238.62,1,0.9855067729949951,4
train_03380.png,315.89,0,0.005563956219702959,3
train_03381.png,30.48,1,0.24511289596557617,1
train_03382.png,358.4,1,0.19591130316257477,4
train_03383.png,54.48,1,0.9439603090286255,3
train_03384.png,338.46,0,0.3044401705265045,2
train_03385.png,160.51,1,0.9153772592544556,4
train_03386.png,164.75,1,0.730901837348938,4
train_03387.png,129.59,1,0.49201861023902893,0
train_03388.png,324.81,0,0.04873089864850044,1
train_03389.png,247.08,0,0.4265519082546234,0
train_03390.png,345.6,1,0.3861538767814636,3
train_03391.png,294.4,0,0.11608843505382538,1
train_03392.png,201.6,1,0.4841211140155792,2
train_03393.png,338.86,0,0.07057865709066391,0
train_03394.png,281.28,0,0.15180467069149017,3
train_03395.png,259.98,1,0.4547255039215088,4
train_03396.png,354.28,0,0.24116989970207214,2
train_03397.png,46.64,1,0.9027107954025269,4
train_03398.png,146.28,1,0.8451065421104431,0
train_03399.png,358.49,0,0.5187488794326782,3
train_03400.png,349.58,0,0.015441978350281715,3
train_03401.png,90.69,1,0.9974449872970581,2
train_03402.png,334.94,0,0.1975971758365631,1
train_03403.png,121.08,1,0.8884095549583435,3
train_03404.png,294.11,1,0.03987427428364754,3
train_03405.png,352.43,0,0.16640745103359222,2
train_03406.png,60.77,0,0.8991828560829163,1
train_03407.png,320.49,0,0.06934813410043716,2
train_03408.png,127.96,1,0.9955995082855225,2
train_03409.png,123.31,1,0.9858458638191223,3
train_03410.png,102.18,1,0.8116664886474609,3
train_03411.png,344.75,0,0.2731796205043793,4
train_03412.png,315.18,0,0.3117070198059082,2
train_03413.png,57.73,0,0.9069849848747253,0
train_03414.png,165.29,1,0.7781643867492676,1
train_03415.png,242.59,1,0.6993025541305542,1
train_03416.png,157.99,1,0.8544840216636658,0
train_03417.png,93.64,1,0.9795194864273071,4
train_03418.png,216.56,1,0.5802441239356995,0
train_03419.png,321.84,0,0.18549948930740356,1
train_03420.png,326.14,1,0.22984053194522858,4
train_03421.png,146.83,1,0.9977084398269653,2
train_03422.png,192.1,1,0.9567264318466187,0
train_03423.png,34.94,1,0.6439862251281738,3
train_03424.png,173.68,1,0.38689368963241577,1
train_03425.png,334.95,1,0.3426986038684845,4
train_03426.png,277.55,0,0.02995714545249939,3
train_03427.png,53.88,1,0.9839396476745605,2
train_03428.png,15.14,1,0.636949896812439,0
train_03429.png,221.2,1,0.8465476036071777,2
train_03430.png,288.32,1,0.045352645218372345,0
train_03431.png,61.16,1,0.703706681728363,0
train_03432.png,29.3,1,0.6612007021903992,4
train_03433.png,314.91,0,0.1424473524093628,3
train_03434.png,355.72,0,0.1616245061159134,3
train_03435.png,320.49,0,0.1983083337545395,4
train_03436.png,229.7,1,0.7493938207626343,1
train_03437.png,189.41,1,0.7804952263832092,2
train_03438.png,271.06,1,0.27343684434890747,1
train_03439.png,15.83,1,0.6309225559234619,4
train_03440.png,269.13,1,0.7558882832527161,3
train_03441.png,82.55,1,0.732709527015686,4
train_03442.png,286.05,0,0.13097578287124634,2
train_03443.png,91.53,1,0.8877785801887512,4
train_03444.png,313.93,1,0.0700366273522377,2
train_03445.png,158.15,1,0.43091899156570435,4
train_03446.png,312.71,1,0.05296887457370758,1
train_03447.png,322.96,0,0.1692393720149994,0
train_03448.png,283.54,1,0.19866034388542175,0
train_03449.png,350.75,1,0.1410733163356781,2
train_03450.png,130.05,1,0.9490394592285156,4
train_03451.png,340.79,1,0.3461763560771942,1
train_03452.png,334.01,1,0.20101365447044373,1
train_03453.png,306.66,1,0.011880339123308659,2
train_03454.png,307.58,0,0.06287787109613419,1
train_03455.png,314.19,0,0.1768764704465866,3
train_03456.png,297.91,0,0.10512318462133408,2
train_03457.png,6.74,1,0.10800071060657501,0
train_03458.png,285.19,0,0.21111412346363068,0
train_03459.png,196.33,1,0.9073044061660767,0
train_03460.png,84.31,1,0.8826674818992615,4
train_03461.png,175.61,1,0.8718615174293518,1
train_03462.png,320.75,0,0.24438726902008057,3
train_03463.png,241.02,1,0.4610990583896637,1
train_03464.png,193.09,1,0.8415536284446716,1
train_03465.png,320.86,1,0.18118861317634583,0
train_03466.png,32.43,1,0.6484376192092896,3
train_03467.png,293.62,1,0.26517531275749207,0
train_03468.png,307.31,0,0.02469553053379059,0
train_03469.png,253.73,1,0.16605417430400848,1
train_03470.png,133.87,1,0.975595235824585,3
train_03471.png,129.79,1,0.914000391960144,0
train_03472.png,312.17,0,0.348971426486969,2
train_03473.png,234.76,1,0.6307373642921448,3
train_03474.png,133.62,1,0.9852391481399536,3
train_03475.png,332.33,1,0.19873513281345367,1
train_03476.png,186.0,1,0.5026601552963257,3
train_03477.png,183.74,1,0.9201586842536926,1
train_03478.png,285.57,0,0.12330184876918793,1
train_03479.png,8.57,1,0.6421565413475037,0
train_03480.png,320.34,0,0.004981522914022207,3
train_03481.png,129.88,1,0.8078203201293945,1
train_03482.png,303.9,0,0.13301682472229004,1
train_03483.png,275.24,1,0.14495766162872314,2
train_03484.png,338.64,0,0.02940385416150093,2
train_03485.png,169.77,1,0.8777219653129578,3
train_03486.png,342.14,0,0.200134739279747,3
train_03487.png,258.03,1,0.14432042837142944,1
train_03488.png,245.82,1,0.27194327116012573,1
train_03489.png,280.92,1,0.07191098481416702,1
train_03490.png,18.05,1,0.778786838054657,3
train_03491.png,331.45,0,0.07054655253887177,3
train_03492.png,121.29,1,0.8503939509391785,0
train_03493.png,288.51,1,0.058405887335538864,0
train_03494.png,291.28,1,0.46870431303977966,4
train_03495.png,111.61,1,0.9478767514228821,0
train_03496.png,199.02,1,0.7624428272247314,1
train_03497.png,6.34,1,0.2423958033323288,3
train_03498.png,332.1,0,0.05031023919582367,0
train_03499.png,224.93,1,0.917482852935791,4
train_03500.png,289.64,1,0.19657455384731293,0
train_03501.png,258.31,1,0.06560095399618149,2
train_03502.png,295.55,0,0.03432483226060867,0
train_03503.png,59.14,0,0.6576072573661804,1
train_03504.png,288.52,0,0.01200458500534296,0
train_03505.png,314.78,0,0.17804177105426788,4
train_03506.png,32.01,1,0.7261571288108826,1
train_03507.png,33.59,1,0.33189520239830017,4
train_03508.png,350.83,1,0.4460430443286896,0
train_03509.png,286.72,0,0.5785332918167114,4
train_03510.png,291.66,0,0.2785452902317047,4
train_03511.png,356.47,1,0.6243435144424438,4
train_03512.png,314.4,0,0.017342137172818184,3
train_03513.png,345.99,0,0.1348741203546524,1
train_03514.png,275.44,0,0.27301347255706787,3
train_03515.png,57.63,1,0.6961950063705444,4
train_03516.png,262.83,1,0.7961210608482361,4
train_03517.png,231.78,1,0.8508989214897156,1
train_03518.png,216.37,1,0.5964089632034302,0
train_03519.png,44.19,1,0.8976869583129883,0
train_03520.png,4.9,1,0.17138344049453735,2
train_03521.png,211.0,1,0.9991556406021118,3
train_03522.png,155.15,0,0.8555793166160583,4
train_03523.png,320.37,0,0.024309903383255005,3
train_03524.png,352.93,0,0.42607030272483826,4
train_03525.png,286.53,0,0.2568589746952057,2
train_03526.png,241.1,1,0.6995018124580383,0
train_03527.png,288.93,0,0.04373381659388542,3
train_03528.png,122.72,1,0.9959081411361694,3
train_03529.png,151.22,1,0.9676283001899719,3
train_03530.png,210.0,1,0.963931143283844,0
train_03531.png,113.9,0,0.9736468195915222,3
train_03532.png,17.23,1,0.5293573141098022,1
train_03533.png,279.79,0,0.6575515270233154,4
train_03534.png,318.62,1,0.010573641397058964,3
train_03535.png,163.82,1,0.9788700342178345,4
train_03536.png,287.52,0,0.762647271156311,4
train_03537.png,273.88,0,0.18439848721027374,0
train_03538.png,161.12,1,0.9986096620559692,2
train_03539.png,354.96,0,0.29329341650009155,4
train_03540.png,99.35,1,0.4990805387496948,1
train_03541.png,43.78,1,0.945736289024353,2
train_03542.png,263.0,1,0.747265636920929,2
train_03543.png,293.03,1,0.17063511908054352,1
train_03544.png,347.91,1,0.2459547221660614,0
train_03545.png,15.02,1,0.8112953305244446,4
train_03546.png,323.26,0,0.5765861868858337,4
train_03547.png,283.36,1,0.07382622361183167,0
train_03548.png,327.41,1,0.21781706809997559,0
train_03549.png,306.51,0,0.06866097450256348,0
train_03550.png,312.12,0,0.014451663009822369,3
train_03551.png,332.39,0,0.22535072267055511,4
train_03552.png,229.87,1,0.08334963768720627,3
train_03553.png,80.76,1,0.931449294090271,2
train_03554.png,197.47,1,0.2568213641643524,4
train_03555.png,318.69,0,0.005087069235742092,3
train_03556.png,131.42,1,0.7450810074806213,0
train_03557.png,301.07,1,0.6950236558914185,2
train_03558.png,195.28,1,0.9950248599052429,3
train_03559.png,257.56,1,0.8122372031211853,2
train_03560.png,290.68,0,0.16825658082962036,4
train_03561.png,21.44,1,0.9258711934089661,3
train_03562.png,347.09,1,0.23492145538330078,4
train_03563.png,315.21,1,0.030649984255433083,2
train_03564.png,198.29,1,0.9524722695350647,4
train_03565.png,323.95,1,0.7482919096946716,2
train_03566.png,162.92,1,0.9008302688598633,0
train_03567.png,350.97,0,0.1988959163427353,0
train_03568.png,348.22,0,0.3650017976760864,0
train_03569.png,326.74,0,0.16834096610546112,4
train_03570.png,100.6,1,0.681160569190979,0
train_03571.png,190.83,1,0.9050774574279785,1
train_03572.png,168.18,1,0.9375625848770142,0
train_03573.png,236.7,1,0.9727129936218262,2
train_03574.png,315.47,1,0.29353007674217224,4
train_03575.png,16.38,1,0.5467665791511536,1
train_03576.png,236.09,1,0.9734790325164795,3
train_03577.png,34.26,1,0.9289171695709229,3
train_03578.png,296.24,0,0.05712486803531647,0
train_03579.png,273.92,1,0.038188010454177856,1
train_03580.png,334.53,0,0.17099475860595703,1
train_03581.png,254.35,1,0.8894073963165283,2
train_03582.png,313.34,1,0.12239764630794525,4
train_03583.png,297.9,0,0.09491654485464096,0
train_03584.png,203.57,1,0.9933070540428162,2
train_03585.png,306.22,0,0.24774032831192017,1
train_03586.png,242.12,1,0.9367387890815735,4
train_03587.png,359.25,1,0.6589306592941284,3
train_03588.png,281.66,1,0.2669530510902405,4
train_03589.png,294.31,1,0.3213385045528412,1
train_03590.png,273.15,1,0.23039688169956207,4
train_03591.png,278.84,1,0.20736663043498993,2
train_03592.png,315.32,0,0.2383769005537033,4
train_03593.png,312.15,0,0.21556082367897034,2
train_03594.png,201.24,1,0.8694562911987305,1
train_03595.png,84.1,0,0.8089051246643066,4
train_03596.png,310.56,0,0.2904675304889679,3
train_03597.png,46.63,1,0.8363362550735474,2
train_03598.png,218.85,0,0.8538402915000916,0
train_03599.png,159.98,1,0.649808406829834,2
train_03600.png,159.57,1,0.8493772745132446,4
train_03601.png,254.52,1,0.24838604032993317,1
train_03602.png,327.37,1,0.3350399136543274,0
train_03603.png,238.08,1,0.7615273594856262,3
train_03604.png,358.26,1,0.22905084490776062,4
train_03605.png,111.65,1,0.6068106889724731,1
train_03606.png,344.45,0,0.7884469628334045,4
train_03607.png,273.04,1,0.19494399428367615,2
train_03608.png,175.74,1,0.8631134033203125,0
train_03609.png,169.67,1,0.9089612364768982,4
train_03610.png,179.5,1,0.40180233120918274,0
train_03611.png,275.97,0,0.4348123371601105,4
train_03612.png,41.93,1,0.16978836059570312,0
train_03613.png,151.39,1,0.8327930569648743,1
train_03614.png,56.86,1,0.994873583316803,2
train_03615.png,144.63,1,0.8368592858314514,0
train_03616.png,313.27,0,0.008778980001807213,3
train_03617.png,276.04,0,0.2197035849094391,0
train_03618.png,135.35,1,0.9373436570167542,0
train_03619.png,144.48,1,0.9570619463920593,3
train_03620.png,212.83,1,0.5012224316596985,1
train_03621.png,230.24,1,0.8728605508804321,0
train_03622.png,6.54,1,0.6628492474555969,3
train_03623.png,56.41,1,0.43016907572746277,3
train_03624.png,300.9,0,0.6779524087905884,3
train_03625.png,85.29,1,0.5244970917701721,4
train_03626.png,75.55,1,0.7882543802261353,0
train_03627.png,316.27,0,0.048648152500391006,2
train_03628.png,342.82,0,0.22411833703517914,1
train_03629.png,280.75,0,0.8575037717819214,2
train_03630.png,131.43,0,0.9836615920066833,3
train_03631.png,351.39,0,0.12745046615600586,0
train_03632.png,106.75,0,0.6880926489830017,1
train_03633.png,223.67,1,0.9415364861488342,4
train_03634.png,359.5,0,0.1922190934419632,0
train_03635.png,278.95,0,0.06809217482805252,1
train_03636.png,290.07,1,0.10063058882951736,1
train_03637.png,206.77,1,0.6941313743591309,0
train_03638.png,337.01,0,0.06191582977771759,0
train_03639.png,62.15,1,0.998994767665863,3
train_03640.png,89.84,0,0.8322594165802002,0
train_03641.png,106.85,1,0.8996306657791138,4
train_03642.png,294.86,0,0.3892917037010193,3
train_03643.png,105.77,1,0.6134630441665649,4
train_03644.png,337.85,0,0.6408311724662781,0
train_03645.png,344.68,0,0.23805029690265656,0
train_03646.png,88.69,1,0.9627331495285034,2
train_03647.png,168.54,1,0.9572403430938721,4
train_03648.png,347.17,0,0.18614518642425537,3
train_03649.png,347.97,0,0.2551026940345764,2
train_03650.png,357.54,0,0.8149314522743225,3
train_03651.png,327.44,0,0.05568759888410568,0
train_03652.png,171.11,1,0.8185416460037231,3
train_03653.png,106.17,1,0.8803442120552063,4
train_03654.png,314.75,0,0.20036929845809937,0
train_03655.png,159.86,1,0.6021198630332947,1
train_03656.png,120.33,0,0.6253377199172974,1
train_03657.png,97.34,0,0.6351297497749329,1
train_03658.png,37.01,1,0.8462762832641602,0
train_03659.png,176.81,1,0.8806265592575073,3
train_03660.png,287.18,0,0.25746455788612366,1
train_03661.png,334.3,1,0.18116743862628937,0
train_03662.png,188.02,1,0.936728835105896,4
train_03663.png,12.84,1,0.3762300908565521,3
train_03664.png,49.64,1,0.9889577031135559,2
train_03665.png,280.07,0,0.632735550403595,4
train_03666.png,329.45,0,0.055615659803152084,3
train_03667.png,95.57,1,0.9769299030303955,2
train_03668.png,66.21,1,0.8170104026794434,4
train_03669.png,65.18,1,0.8179646134376526,3
train_03670.png,15.12,1,0.9842352867126465,3
train_03671.png,342.22,0,0.7882279753684998,3
train_03672.png,98.4,1,0.987191915512085,2
train_03673.png,237.64,1,0.37274444103240967,0
train_03674.png,344.3,1,0.19545195996761322,0
train_03675.png,66.22,1,0.8740869164466858,3
train_03676.png,71.58,0,0.8108578324317932,4
train_03677.png,345.51,0,0.47336989641189575,4
train_03678.png,320.4,1,0.3671839237213135,1
train_03679.png,135.32,1,0.993830144405365,2
train_03680.png,346.67,1,0.019494080916047096,2
train_03681.png,28.88,1,0.711107611656189,1
train_03682.png,344.93,0,0.1363184154033661,4
train_03683.png,333.27,1,0.2171604037284851,1
train_03684.png,343.23,0,0.16020870208740234,0
train_03685.png,326.14,1,0.6677356958389282,3
train_03686.png,341.14,0,0.2885355055332184,0
train_03687.png,17.75,1,0.507722020149231,4
train_03688.png,3.97,1,0.3076968491077423,2
train_03689.png,171.77,1,0.7232690453529358,4
train_03690.png,49.09,0,0.975695788860321,0
train_03691.png,300.93,1,0.06744734942913055,3
train_03692.png,287.33,1,0.19468827545642853,4
train_03693.png,270.51,0,0.522642970085144,3
train_03694.png,14.56,1,0.5486419200897217,4
train_03695.png,281.14,1,0.026654858142137527,0
train_03696.png,257.5,1,0.43763917684555054,0
train_03697.png,250.65,1,0.18756020069122314,2
train_03698.png,230.97,1,0.8215810060501099,3
train_03699.png,255.64,1,0.5925342440605164,2
train_03700.png,197.45,1,0.9214159846305847,4
train_03701.png,117.23,1,0.8862916827201843,1
train_03702.png,275.89,0,0.13341137766838074,0
train_03703.png,120.22,1,0.8455396890640259,4
train_03704.png,341.23,0,0.368344783782959,3
train_03705.png,20.13,0,0.7277686595916748,4
train_03706.png,276.51,0,0.9051111340522766,1
train_03707.png,335.89,1,0.6998380422592163,2
train_03708.png,132.07,1,0.9986652135848999,2
train_03709.png,50.7,1,0.3076495826244354,1
train_03710.png,133.6,1,0.17854151129722595,1
train_03711.png,336.44,0,0.4651593267917633,1
train_03712.png,282.62,0,0.2474992871284485,0
train_03713.png,208.66,1,0.7818969488143921,4
train_03714.png,29.85,1,0.1325060874223709,1
train_03715.png,280.88,0,0.04171813279390335,2
train_03716.png,179.72,1,0.996268093585968,3
train_03717.png,101.35,1,0.4255760610103607,4
train_03718.png,347.98,0,0.9239240884780884,3
train_03719.png,9.37,1,0.3948175311088562,1
train_03720.png,150.93,0,0.8062710762023926,4
train_03721.png,279.11,1,0.4224892854690552,4
train_03722.png,254.03,1,0.6758898496627808,1
train_03723.png,346.44,0,0.12820295989513397,1
train_03724.png,336.56,1,0.0619768463075161,4
train_03725.png,223.79,1,0.7987217307090759,1
train_03726.png,205.27,0,0.732363760471344,1
train_03727.png,345.52,0,0.3557765483856201,0
train_03728.png,204.18,1,0.42123323678970337,0
train_03729.png,319.1,0,0.12995409965515137,4
train_03730.png,183.33,1,0.8964452147483826,4
train_03731.png,118.64,1,0.5661525130271912,1
train_03732.png,304.55,1,0.042109861969947815,3
train_03733.png,353.17,0,0.3257276713848114,1
train_03734.png,96.0,1,0.9306525588035583,4
train_03735.png,279.7,0,0.11929311603307724,0
train_03736.png,81.36,1,0.992073118686676,2
train_03737.png,57.23,1,0.8963374495506287,2
train_03738.png,168.8,1,0.8788249492645264,2
train_03739.png,293.33,1,0.016771944239735603,1
train_03740.png,326.21,1,0.10843651741743088,0
train_03741.png,131.92,1,0.9760124087333679,3
train_03742.png,109.69,1,0.9507024884223938,2
train_03743.png,323.06,0,0.10169430822134018,0
train_03744.png,303.92,0,0.046914394944906235,0
train_03745.png,46.06,1,0.9404463171958923,0
train_03746.png,349.44,0,0.16546760499477386,0
train_03747.png,358.81,0,0.010403570719063282,3
train_03748.png,355.28,0,0.17958952486515045,2
train_03749.png,325.04,0,0.21829812228679657,4
train_03750.png,334.35,0,0.0487283319234848,3
train_03751.png,261.63,1,0.15679322183132172,1
train_03752.png,303.6,0,0.8095188736915588,2
train_03753.png,186.0,1,0.7185952663421631,0
train_03754.png,200.6,1,0.8153403401374817,1
train_03755.png,214.33,1,0.8464685082435608,0
train_03756.png,281.54,1,0.1097162514925003,1
train_03757.png,37.78,1,0.9872422218322754,1
train_03758.png,25.49,1,0.7678235173225403,4
train_03759.png,77.83,1,0.9958280920982361,2
train_03760.png,347.77,0,0.7945835590362549,4
train_03761.png,29.26,1,0.9997925162315369,2
train_03762.png,226.33,1,0.9888361096382141,4
train_03763.png,214.62,1,0.6044068336486816,0
train_03764.png,48.74,1,0.9922433495521545,2
train_03765.png,345.31,1,0.10940361022949219,1
train_03766.png,319.17,0,0.016515731811523438,0
train_03767.png,358.22,1,0.5737677216529846,2
train_03768.png,357.07,1,0.2414560168981552,4
train_03769.png,219.8,0,0.9504488110542297,0
train_03770.png,30.28,1,0.44394761323928833,1
train_03771.png,270.18,1,0.07240486890077591,3
train_03772.png,244.23,1,0.9925671815872192,3
train_03773.png,257.02,1,0.7247797250747681,2
train_03774.png,296.58,1,0.5001030564308167,0
train_03775.png,270.0,1,0.07617157697677612,1
train_03776.png,192.14,1,0.6475300788879395,0
train_03777.png,247.6,0,0.8501152992248535,1
train_03778.png,293.05,1,0.10409926623106003,2
train_03779.png,357.29,0,0.5761599540710449,1
train_03780.png,54.68,0,0.9355875253677368,3
train_03781.png,6.23,1,0.49155712127685547,2
train_03782.png,275.82,1,0.08308419585227966,2
train_03783.png,314.3,0,0.1281178891658783,4
train_03784.png,135.25,1,0.9443444609642029,4
train_03785.png,231.79,1,0.7657785415649414,2
train_03786.png,349.94,1,0.021885257214307785,3
train_03787.png,188.63,1,0.9628010392189026,4
train_03788.png,8.03,1,0.37114217877388,3
train_03789.png,230.89,1,0.869842529296875,0
train_03790.png,18.31,0,0.6878577470779419,1
train_03791.png,341.15,1,0.2990771234035492,4
train_03792.png,213.58,1,0.8491252064704895,1
train_03793.png,329.44,0,0.32596200704574585,0
train_03794.png,190.33,1,0.7457084655761719,3
train_03795.png,294.88,0,0.07337158173322678,0
train_03796.png,305.52,1,0.14266522228717804,4
train_03797.png,126.11,1,0.7711830735206604,1
train_03798.png,231.37,1,0.773026168346405,2
train_03799.png,167.83,1,0.9216252565383911,0
train_03800.png,281.66,0,0.11738022416830063,4
train_03801.png,197.62,1,0.9363225102424622,1
train_03802.png,298.46,1,0.00890383217483759,3
train_03803.png,129.64,1,0.8623018860816956,4
train_03804.png,163.5,0,0.920651376247406,4
train_03805.png,310.84,0,0.06537368893623352,1
train_03806.png,295.32,1,0.20644715428352356,1
train_03807.png,275.51,0,0.4512171447277069,2
train_03808.png,47.47,1,0.784942090511322,2
train_03809.png,340.24,0,0.16946689784526825,1
train_03810.png,290.65,1,0.02568686567246914,1
train_03811.png,285.13,1,0.06959032267332077,4
train_03812.png,146.95,1,0.987307608127594,2
train_03813.png,334.54,1,0.262480229139328,0
train_03814.png,193.6,1,0.7593338489532471,2
train_03815.png,350.53,0,0.15425671637058258,4
train_03816.png,107.58,1,0.5565016269683838,1
train_03817.png,277.93,0,0.8239226937294006,1
train_03818.png,325.93,1,0.17070041596889496,1
train_03819.png,275.2,0,0.4871581494808197,2
train_03820.png,135.27,1,0.9905126690864563,2
train_03821.png,338.08,0,0.25256097316741943,1
train_03822.png,96.79,0,0.5979636907577515,0
train_03823.png,107.96,1,0.9273037910461426,4
train_03824.png,133.88,1,0.8019090890884399,1
train_03825.png,263.21,1,0.9117506146430969,3
train_03826.png,176.95,0,0.8913663029670715,2
train_03827.png,294.29,1,0.15388205647468567,2
train_03828.png,9.16,1,0.38550257682800293,2
train_03829.png,2.97,1,0.577972412109375,3
train_03830.png,200.9,1,0.9743267297744751,4
train_03831.png,298.24,0,0.26528316736221313,2
train_03832.png,295.86,0,0.028244756162166595,3
train_03833.png,330.79,1,0.4645878076553345,3
train_03834.png,139.15,0,0.7151554822921753,1
train_03835.png,238.84,1,0.9182782769203186,1
train_03836.png,278.93,1,0.07179011404514313,1
train_03837.png,168.12,1,0.6034846901893616,0
train_03838.png,168.93,1,0.8355791568756104,4
train_03839.png,325.91,0,0.3054714500904083,3
train_03840.png,53.14,1,0.9675136208534241,2
train_03841.png,143.41,1,0.8056184649467468,4
train_03842.png,95.6,1,0.99315345287323,2
train_03843.png,81.13,1,0.9345605373382568,0
train_03844.png,58.02,1,0.9729275107383728,2
train_03845.png,354.1,0,0.003508447902277112,3
train_03846.png,23.65,1,0.619633138179779,1
train_03847.png,231.94,1,0.9240401387214661,3
train_03848.png,208.13,1,0.9691986441612244,2
train_03849.png,144.32,1,0.8860211372375488,1
train_03850.png,154.2,1,0.5096054673194885,1
train_03851.png,299.54,1,0.1378864049911499,0
train_03852.png,87.07,1,0.9180541634559631,2
train_03853.png,67.78,1,0.6288350224494934,1
train_03854.png,311.61,0,0.044195786118507385,2
train_03855.png,318.36,0,0.1614665687084198,4
train_03856.png,316.09,0,0.602570116519928,3
train_03857.png,338.54,1,0.5406351685523987,2
train_03858.png,332.87,0,0.7180734872817993,3
train_03859.png,81.37,0,0.49980443716049194,1
train_03860.png,321.07,0,0.09349723160266876,4
train_03861.png,15.6,1,0.6154896020889282,3
train_03862.png,283.69,0,0.027663255110383034,3
train_03863.png,292.66,1,0.3459150195121765,4
train_03864.png,335.7,0,0.3757424056529999,1
train_03865.png,343.96,0,0.0779486745595932,3
train_03866.png,189.43,1,0.7991310954093933,4
train_03867.png,305.83,1,0.06270532310009003,2
train_03868.png,130.24,1,0.12317107617855072,0
train_03869.png,356.07,1,0.49567312002182007,1
train_03870.png,37.74,1,0.9664933085441589,0
train_03871.png,342.12,1,0.27787718176841736,1
train_03872.png,241.18,1,0.6758851408958435,2
train_03873.png,28.84,0,0.6254727840423584,1
train_03874.png,297.7,1,0.07199817895889282,0
train_03875.png,339.09,0,0.12654665112495422,3
train_03876.png,284.45,0,0.6677654385566711,3
train_03877.png,335.57,0,0.21754559874534607,1
train_03878.png,205.29,1,0.8968244194984436,0
train_03879.png,23.37,1,0.6267850399017334,0
train_03880.png,56.58,1,0.9816153645515442,2
train_03881.png,327.44,0,0.2312936931848526,1
train_03882.png,356.85,0,0.18648169934749603,3
train_03883.png,113.47,1,0.3322576880455017,1
train_03884.png,315.67,1,0.046299081295728683,0
train_03885.png,124.43,0,0.9844108819961548,3
train_03886.png,85.13,0,0.5389366149902344,1
train_03887.png,343.15,1,0.01301727257668972,2
train_03888.png,335.98,1,0.19871747493743896,0
train_03889.png,86.05,1,0.5838139653205872,4
train_03890.png,105.13,1,0.9978475570678711,2
train_03891.png,253.48,1,0.8107304573059082,4
train_03892.png,0.51,1,0.03445390611886978,2
train_03893.png,67.29,1,0.6386167407035828,0
train_03894.png,106.54,1,0.9287963509559631,4
train_03895.png,347.63,0,0.7624983191490173,1
train_03896.png,348.11,0,0.3579728901386261,1
train_03897.png,162.22,1,0.8954352140426636,2
train_03898.png,277.67,1,0.7240101099014282,4
train_03899.png,63.16,1,0.7153076529502869,3
train_03900.png,332.91,1,0.413237988948822,2
train_03901.png,343.56,1,0.23169082403182983,4
train_03902.png,188.67,1,0.8940337896347046,0
train_03903.png,321.13,1,0.06535649299621582,4
train_03904.png,28.77,1,0.8267543911933899,3
train_03905.png,343.4,1,0.08822557330131531,4
train_03906.png,300.89,1,0.017654335126280785,3
train_03907.png,87.89,1,0.8299058675765991,4
train_03908.png,11.59,1,0.3325595259666443,0
train_03909.png,90.47,1,0.8750320076942444,3
train_03910.png,349.48,1,0.39436739683151245,3
train_03911.png,26.24,0,0.9174739122390747,3
train_03912.png,193.73,1,0.8107360601425171,3
train_03913.png,134.16,1,0.9676898121833801,2
train_03914.png,332.86,1,0.5802475214004517,3
train_03915.png,320.3,1,0.021531231701374054,1
train_03916.png,166.5,1,0.5476391315460205,0
train_03917.png,264.8,1,0.2909803092479706,1
train_03918.png,104.0,1,0.9991806149482727,2
train_03919.png,82.01,1,0.9425084590911865,3
train_03920.png,200.86,1,0.3551461398601532,2
train_03921.png,329.91,1,0.060048773884773254,0
train_03922.png,324.79,1,0.259229838848114,0
train_03923.png,201.35,1,0.8299539685249329,0
train_03924.png,110.07,1,0.9157482981681824,2
train_03925.png,322.72,1,0.09087370336055756,4
train_03926.png,236.33,1,0.07464561611413956,2
train_03927.png,268.47,1,0.618156373500824,2
train_03928.png,152.95,1,0.9745447039604187,3
train_03929.png,338.63,0,0.5978172421455383,3
train_03930.png,277.0,0,0.49682724475860596,0
train_03931.png,319.94,1,0.20976217091083527,3
train_03932.png,120.18,1,0.9334530830383301,4
train_03933.png,100.9,1,0.9474413990974426,2
train_03934.png,22.09,0,0.8028845191001892,3
train_03935.png,324.14,1,0.13794289529323578,1
train_03936.png,27.58,1,0.8264797329902649,1
train_03937.png,316.66,0,0.08914843946695328,3
train_03938.png,328.0,0,0.18543212115764618,0
train_03939.png,8.01,1,0.20272329449653625,0
train_03940.png,139.85,1,0.8823792934417725,4
train_03941.png,333.12,1,0.25868383049964905,3
train_03942.png,14.02,0,0.7759926915168762,0
train_03943.png,289.12,1,0.03693578019738197,0
train_03944.png,357.18,1,0.49201568961143494,4
train_03945.png,204.96,1,0.7748627662658691,0
train_03946.png,357.47,0,0.11052507162094116,3
train_03947.png,266.33,1,0.7397650480270386,3
train_03948.png,284.95,1,0.31725940108299255,3
train_03949.png,321.16,1,0.05465129390358925,2
train_03950.png,313.03,0,0.008294927887618542,3
train_03951.png,327.84,1,0.919104814529419,3
train_03952.png,270.91,1,0.16197733581066132,1
train_03953.png,127.36,0,0.4774720370769501,1
train_03954.png,331.96,1,0.49310994148254395,3
train_03955.png,109.26,1,0.904536783695221,0
train_03956.png,330.23,0,0.343691885471344,3
train_03957.png,16.72,1,0.376037061214447,2
train_03958.png,150.24,1,0.9730143547058105,3
train_03959.png,193.46,0,0.7299602627754211,1
train_03960.png,359.81,0,0.0042151231318712234,3
train_03961.png,86.96,1,0.9775124192237854,2
train_03962.png,353.27,0,0.7318949103355408,4
train_03963.png,262.34,1,0.6324790120124817,4
train_03964.png,157.92,0,0.8154270052909851,3
train_03965.png,316.02,1,0.5986149311065674,3
train_03966.png,204.44,1,0.6368055939674377,2
train_03967.png,278.03,0,0.4083346724510193,3
train_03968.png,45.85,1,0.22910715639591217,4
train_03969.png,320.31,0,0.13070207834243774,2
train_03970.png,41.13,1,0.9416662454605103,4
train_03971.png,298.33,1,0.23276227712631226,2
train_03972.png,73.74,1,0.37420111894607544,3
train_03973.png,50.67,1,0.9110313653945923,2
train_03974.png,202.89,1,0.8944979310035706,4
train_03975.png,197.23,1,0.9619656801223755,0
train_03976.png,328.25,0,0.0316774845123291,2
train_03977.png,337.09,0,0.02241792157292366,3
train_03978.png,8.78,0,0.5917139649391174,1
train_03979.png,281.46,0,0.06924563646316528,1
train_03980.png,340.56,1,0.1024896577000618,1
train_03981.png,126.66,1,0.9327986836433411,4
train_03982.png,312.6,1,0.1307622641324997,4
train_03983.png,281.86,0,0.5264976620674133,1
train_03984.png,1.67,1,0.07178567349910736,1
train_03985.png,36.16,1,0.623099148273468,1
train_03986.png,339.33,1,0.3110056221485138,2
train_03987.png,151.6,0,0.9523419737815857,2
train_03988.png,64.94,1,0.7003232836723328,0
train_03989.png,351.83,0,0.1710711270570755,4
train_03990.png,61.75,1,0.5977365374565125,1
train_03991.png,14.98,1,0.34550026059150696,0
train_03992.png,340.81,1,0.21345959603786469,2
train_03993.png,108.58,1,0.8398241400718689,0
train_03994.png,243.64,1,0.9682931303977966,4
train_03995.png,254.71,1,0.5693389177322388,4
train_03996.png,314.89,0,0.044175416231155396,0
train_03997.png,287.21,0,0.23346064984798431,4
train_03998.png,321.29,0,0.19549435377120972,4
train_03999.png,335.75,1,0.3093464970588684,4
train_04000.png,284.16,1,0.11661366373300552,0
train_04001.png,251.65,1,0.44621700048446655,2
train_04002.png,330.58,0,0.22645126283168793,2
train_04003.png,98.25,1,0.9150789976119995,0
train_04004.png,141.28,0,0.8397364616394043,4
train_04005.png,202.56,1,0.8397371768951416,0
train_04006.png,108.56,1,0.4643191695213318,1
train_04007.png,181.47,1,0.9493839144706726,2
train_04008.png,287.97,0,0.20303760468959808,3
train_04009.png,284.58,0,0.16508325934410095,4
train_04010.png,273.49,1,0.23664531111717224,4
train_04011.png,272.37,1,0.24043655395507812,4
train_04012.png,237.19,0,0.9976656436920166,2
train_04013.png,193.35,1,0.6063141226768494,3
train_04014.png,10.44,1,0.7571096420288086,2
train_04015.png,303.38,0,0.031966350972652435,1
train_04016.png,301.45,0,0.1294112503528595,0
train_04017.png,181.53,0,0.923041045665741,4
train_04018.png,84.61,0,0.9543399214744568,1
train_04019.png,356.17,0,0.3880874514579773,1
train_04020.png,329.31,0,0.22787652909755707,4
train_04021.png,277.66,0,0.6774266362190247,4
train_04022.png,133.92,1,0.5393620133399963,0
train_04023.png,340.22,1,0.036186378449201584,0
train_04024.png,255.0,0,0.9762564897537231,3
train_04025.png,165.35,0,0.7137174010276794,4
train_04026.png,357.04,1,0.8543347716331482,2
train_04027.png,291.69,0,0.3368340730667114,1
train_04028.png,285.42,0,0.547234058380127,4
train_04029.png,162.25,1,0.8439981341362,4
train_04030.png,139.11,1,0.6591230630874634,3
train_04031.png,337.61,1,0.20010389387607574,4
train_04032.png,211.67,1,0.19707132875919342,3
train_04033.png,330.22,0,0.007294828072190285,2
train_04034.png,298.32,0,0.2609162926673889,0
train_04035.png,30.17,0,0.7918724417686462,4
train_04036.png,72.89,1,0.9909182786941528,2
train_04037.png,286.41,0,0.14326049387454987,2
train_04038.png,37.54,1,0.6991884708404541,2
train_04039.png,278.64,0,0.4869835674762726,3
train_04040.png,349.95,1,0.1654175966978073,4
train_04041.png,50.03,1,0.33459460735321045,3
train_04042.png,153.81,1,0.9900762438774109,3
train_04043.png,339.59,0,0.20075643062591553,4
train_04044.png,244.84,1,0.9980930685997009,2
train_04045.png,98.29,1,0.7854914665222168,0
train_04046.png,120.55,1,0.8758631348609924,0
train_04047.png,162.22,1,0.9036896228790283,4
train_04048.png,163.77,1,0.991280734539032,3
train_04049.png,115.09,1,0.8266076445579529,0
train_04050.png,65.19,1,0.757133424282074,3
train_04051.png,319.18,0,0.4259031414985657,2
train_04052.png,71.43,1,0.7290441393852234,4
train_04053.png,204.56,1,0.9333364963531494,1
train_04054.png,301.99,0,0.10202135145664215,4
train_04055.png,255.65,1,0.42068374156951904,1
train_04056.png,114.89,1,0.9189110994338989,3
train_04057.png,324.45,0,0.15070170164108276,1
train_04058.png,288.29,0,0.0012085853377357125,2
train_04059.png,237.37,0,0.999229907989502,3
train_04060.png,322.65,0,0.024876637384295464,0
train_04061.png,344.57,0,0.13623499870300293,3
train_04062.png,197.72,1,0.8843308091163635,2
train_04063.png,358.42,0,0.0735919401049614,2
train_04064.png,279.4,1,0.24988064169883728,2
train_04065.png,220.82,1,0.9223079085350037,4
train_04066.png,217.18,1,0.7954160571098328,1
train_04067.png,220.72,1,0.9700008630752563,3
train_04068.png,269.74,1,0.5914044976234436,1
train_04069.png,352.53,1,0.3588871359825134,4
train_04070.png,69.81,1,0.6609959006309509,4
train_04071.png,274.9,0,0.5914306640625,3
train_04072.png,287.14,1,0.5604565143585205,3
train_04073.png,307.42,0,0.09552393108606339,2
train_04074.png,37.15,1,0.48096418380737305,1
train_04075.png,29.23,1,0.7388043999671936,2
train_04076.png,153.46,1,0.6999297738075256,1
train_04077.png,84.27,1,0.7919747233390808,0
train_04078.png,341.12,0,0.02676980383694172,3
train_04079.png,84.57,1,0.9994175434112549,2
train_04080.png,96.0,1,0.6762785911560059,4
train_04081.png,11.11,1,0.7086315155029297,0
train_04082.png,137.01,1,0.8519629836082458,0
train_04083.png,63.75,1,0.5723270177841187,4
train_04084.png,347.07,0,0.0803011879324913,0
train_04085.png,123.44,1,0.5398474931716919,4
train_04086.png,274.25,1,0.08220003545284271,0
train_04087.png,102.32,1,0.8372882008552551,4
train_04088.png,306.77,1,0.44722315669059753,4
train_04089.png,271.32,0,0.5562032461166382,4
train_04090.png,96.3,1,0.9948415160179138,2
train_04091.png,66.18,1,0.8613778948783875,3
train_04092.png,186.71,1,0.7019378542900085,4
train_04093.png,358.37,0,0.1981687992811203,1
train_04094.png,87.87,1,0.9929774403572083,2
train_04095.png,232.7,1,0.9670522809028625,2
train_04096.png,160.58,1,0.841659665107727,0
train_04097.png,211.19,1,0.7441072463989258,1
train_04098.png,339.76,0,0.20015716552734375,2
train_04099.png,346.68,0,0.09877664595842361,1
train_04100.png,160.82,1,0.9945987462997437,3
train_04101.png,160.32,1,0.7460187673568726,0
train_04102.png,345.57,1,0.023571396246552467,2
train_04103.png,95.93,1,0.5128818154335022,2
train_04104.png,275.85,0,0.27949315309524536,2
train_04105.png,260.19,1,0.09519653767347336,2
train_04106.png,39.87,1,0.7744882702827454,4
train_04107.png,343.31,0,0.1639246791601181,1
train_04108.png,318.45,0,0.08274625241756439,3
train_04109.png,271.78,0,0.02193177305161953,1
train_04110.png,265.64,0,0.6857432723045349,2
train_04111.png,122.07,1,0.44768908619880676,1
train_04112.png,278.21,0,0.30318886041641235,0
train_04113.png,346.38,0,0.0063245901837944984,2
train_04114.png,337.9,1,0.1633968949317932,0
train_04115.png,139.97,1,0.9794567227363586,2
train_04116.png,308.05,0,0.16621984541416168,0
train_04117.png,355.69,0,0.27945205569267273,4
train_04118.png,26.73,0,0.9338459372520447,0
train_04119.png,303.4,1,0.24318166077136993,2
train_04120.png,59.08,1,0.9974647760391235,3
train_04121.png,85.72,1,0.6926135420799255,1
train_04122.png,343.67,1,0.186859592795372,4
train_04123.png,305.72,0,0.05002270266413689,0
train_04124.png,10.94,1,0.2969279885292053,2
train_04125.png,299.68,0,0.09393154084682465,0
train_04126.png,321.59,0,0.26963865756988525,2
train_04127.png,244.5,0,0.15578767657279968,1
train_04128.png,329.5,1,0.0321015939116478,2
train_04129.png,347.58,1,0.6240501403808594,3
train_04130.png,265.66,1,0.9727084040641785,2
train_04131.png,318.48,0,0.016762031242251396,2
train_04132.png,338.2,1,0.0744757205247879,0
train_04133.png,255.65,1,0.594182014465332,4
train_04134.png,310.69,1,0.042806364595890045,3
train_04135.png,8.31,1,0.26204460859298706,0
train_04136.png,329.74,0,0.025079406797885895,2
train_04137.png,294.45,1,0.047415006905794144,0
train_04138.png,225.88,1,0.7221209406852722,4
train_04139.png,182.22,1,0.4690471887588501,2
train_04140.png,324.15,1,0.13583894073963165,0
train_04141.png,335.87,1,0.5970278382301331,1
train_04142.png,56.73,1,0.6754187345504761,1
train_04143.png,359.84,0,0.4373326003551483,3
train_04144.png,264.75,1,0.984036386013031,2
train_04145.png,125.59,1,0.634419858455658,1
train_04146.png,52.08,1,0.10427534580230713,1
train_04147.png,18.06,0,0.6234210729598999,1
train_04148.png,37.88,1,0.41771143674850464,1
train_04149.png,292.02,0,0.3846433460712433,4
train_04150.png,289.86,0,0.3724137246608734,2
train_04151.png,45.55,1,0.7412352561950684,4
train_04152.png,319.75,0,0.19404709339141846,1
train_04153.png,299.31,1,0.04877915233373642,0
train_04154.png,220.78,1,0.9985774755477905,2
train_04155.png,290.36,0,0.00410614674910903,3
train_04156.png,207.95,0,0.6195843815803528,2
train_04157.png,303.18,0,0.175587460398674,2
train_04158.png,297.89,1,0.11894243210554123,0
train_04159.png,287.89,0,0.5765693187713623,4
train_04160.png,228.27,1,0.8032458424568176,4
train_04161.png,288.15,1,0.48625579476356506,2
train_04162.png,163.19,1,0.5434696078300476,1
train_04163.png,323.17,1,0.01718556508421898,2
train_04164.png,332.77,0,0.13968953490257263,2
train_04165.png,76.17,1,0.5644273161888123,4
train_04166.png,291.67,1,0.6846815347671509,2
train_04167.png,2.6,1,0.11849942803382874,0
train_04168.png,331.21,0,0.37395066022872925,2
train_04169.png,191.05,1,0.8745915293693542,0
train_04170.png,344.13,0,0.43268218636512756,3
train_04171.png,206.79,1,0.9728767275810242,4
train_04172.png,357.33,1,0.037706561386585236,1
train_04173.png,339.86,0,0.1138906180858612,3
train_04174.png,262.53,1,0.10301504284143448,1
train_04175.png,342.33,0,0.3024807870388031,1
train_04176.png,332.87,0,0.17400075495243073,4
train_04177.png,245.79,1,0.7051555514335632,4
train_04178.png,104.94,1,0.8293705582618713,0
train_04179.png,333.12,1,0.1407417356967926,2
train_04180.png,298.1,1,0.05757775157690048,0
train_04181.png,177.28,1,0.9987745881080627,2
train_04182.png,68.94,0,0.7933241724967957,0
train_04183.png,336.25,0,0.044539373368024826,2
train_04184.png,173.81,1,0.8450337052345276,1
train_04185.png,166.98,1,0.3999134600162506,2
train_04186.png,308.13,0,0.6618066430091858,2
train_04187.png,147.31,0,0.9689954519271851,3
train_04188.png,288.06,1,0.12410478293895721,4
train_04189.png,278.63,1,0.2834829092025757,3
train_04190.png,210.02,1,0.0037705113645642996,3
train_04191.png,326.89,0,0.39265283942222595,1
train_04192.png,272.62,0,0.20084510743618011,4
train_04193.png,95.25,1,0.6923616528511047,4
train_04194.png,355.04,0,0.03643263131380081,2
train_04195.png,268.61,1,0.24756357073783875,3
train_04196.png,134.72,1,0.5494271516799927,1
train_04197.png,297.48,0,0.7037097811698914,3
train_04198.png,37.97,0,0.9683696627616882,1
train_04199.png,138.39,1,0.9582545161247253,0
train_04200.png,264.21,1,0.7445600628852844,2
train_04201.png,299.83,1,0.11640618741512299,3
train_04202.png,273.97,0,0.4629644751548767,2
train_04203.png,325.57,0,0.05289914086461067,0
train_04204.png,71.77,1,0.9714251756668091,3
train_04205.png,253.65,1,0.5135910511016846,0
train_04206.png,273.14,0,0.9098135232925415,2
train_04207.png,151.14,1,0.910171627998352,0
train_04208.png,282.72,1,0.19286802411079407,0
train_04209.png,346.93,1,0.02910660021007061,3
train_04210.png,329.42,1,0.12671828269958496,1
train_04211.png,343.68,0,0.7296803593635559,1
train_04212.png,117.3,1,0.8319189548492432,2
train_04213.png,323.48,0,0.031154019758105278,3
train_04214.png,73.6,1,0.5913922190666199,4
train_04215.png,344.97,1,0.12818439304828644,2
train_04216.png,222.5,1,0.7401800751686096,2
train_04217.png,225.31,1,0.989627480506897,1
train_04218.png,351.79,1,0.05246641859412193,1
train_04219.png,355.09,0,0.060194700956344604,2
train_04220.png,61.36,1,0.5628204345703125,1
train_04221.png,126.88,1,0.936765730381012,2
train_04222.png,292.31,0,0.1376798450946808,4
train_04223.png,323.42,0,0.04885062202811241,3
train_04224.png,327.54,1,0.005707309115678072,3
train_04225.png,344.82,0,0.4494111239910126,0
train_04226.png,282.31,0,0.32467201352119446,1
train_04227.png,206.55,1,0.9681479334831238,0
train_04228.png,319.52,0,0.015059983357787132,0
train_04229.png,156.98,0,0.9531133770942688,0
train_04230.png,278.11,1,0.43277794122695923,3
train_04231.png,46.01,1,0.23344342410564423,3
train_04232.png,110.56,1,0.5953167080879211,1
train_04233.png,313.79,1,0.07560929656028748,1
train_04234.png,99.47,0,0.6156583428382874,0
train_04235.png,276.43,0,0.03494018688797951,2
train_04236.png,240.57,1,0.6024210453033447,4
train_04237.png,113.21,1,0.4144696593284607,0
train_04238.png,284.99,1,0.017871666699647903,3
train_04239.png,284.58,0,0.19097931683063507,4
train_04240.png,297.38,0,0.0602409690618515,1
train_04241.png,158.87,1,0.8675689101219177,4
train_04242.png,282.56,1,0.32171428203582764,4
train_04243.png,334.96,0,0.06622292101383209,3
train_04244.png,335.09,0,0.08984726667404175,0
train_04245.png,350.31,0,0.5224233865737915,2
train_04246.png,97.04,1,0.9318450689315796,3
train_04247.png,357.41,1,0.4568920433521271,3
train_04248.png,152.24,1,0.8931981325149536,3
train_04249.png,70.5,1,0.939346969127655,3
train_04250.png,91.56,1,0.5482351779937744,1
train_04251.png,189.63,1,0.8140648007392883,3
train_04252.png,29.6,1,0.8289045095443726,4
train_04253.png,14.97,1,0.28212568163871765,1
train_04254.png,309.1,0,0.09364687651395798,1
train_04255.png,145.92,0,0.9390245676040649,2
train_04256.png,243.77,1,0.8242855072021484,3
train_04257.png,119.58,1,0.702938973903656,3
train_04258.png,322.68,0,0.10017385333776474,3
train_04259.png,315.02,1,0.061511751264333725,3
train_04260.png,298.59,1,0.38962745666503906,4
train_04261.png,126.85,0,0.850402295589447,1
train_04262.png,275.88,0,0.5893943905830383,3
train_04263.png,219.53,1,0.9048624634742737,4
train_04264.png,194.77,1,0.989270031452179,2
train_04265.png,74.99,1,0.4230625629425049,1
train_04266.png,236.1,1,0.8468305468559265,0
train_04267.png,64.57,1,0.9250591993331909,0
train_04268.png,319.47,1,0.01196216233074665,0
train_04269.png,154.92,0,0.9966779947280884,2
train_04270.png,152.37,1,0.8236443996429443,3
train_04271.png,242.73,1,0.8958042860031128,3
train_04272.png,244.9,1,0.8194296360015869,0
train_04273.png,244.25,1,0.16128814220428467,1
train_04274.png,174.12,1,0.4924848973751068,2
train_04275.png,235.26,1,0.19340835511684418,3
train_04276.png,313.22,1,0.21764159202575684,3
train_04277.png,302.65,0,0.046429965645074844,0
train_04278.png,324.66,1,0.14540888369083405,1
train_04279.png,282.1,1,0.34810182452201843,0
train_04280.png,288.96,0,0.4362221360206604,0
train_04281.png,27.12,1,0.9700788855552673,2
train_04282.png,356.64,0,0.053318317979574203,2
train_04283.png,242.42,1,0.08295591920614243,1
train_04284.png,331.72,0,0.5039501786231995,4
train_04285.png,358.08,1,0.1642567217350006,1
train_04286.png,281.98,0,0.5525786280632019,4
train_04287.png,327.46,1,0.27707332372665405,4
train_04288.png,12.37,1,0.15504057705402374,0
train_04289.png,314.41,0,0.08340314775705338,1
train_04290.png,325.48,1,0.12942355871200562,1
train_04291.png,91.02,1,0.9925462603569031,2
train_04292.png,39.81,1,0.7915561199188232,2
train_04293.png,132.85,1,0.9235767126083374,0
train_04294.png,106.75,1,0.73676997423172,2
train_04295.png,88.49,1,0.5122218728065491,1
train_04296.png,36.08,1,0.8252531886100769,3
train_04297.png,311.51,0,0.03445964306592941,0
train_04298.png,337.84,0,0.09698844701051712,0
train_04299.png,144.21,1,0.6251164674758911,4
train_04300.png,258.37,1,0.20651306211948395,0
train_04301.png,358.39,1,0.7315922379493713,2
train_04302.png,330.29,0,0.07691772282123566,1
train_04303.png,127.44,1,0.9895055890083313,4
train_04304.png,78.64,1,0.7508556842803955,3
train_04305.png,289.83,0,0.13080933690071106,2
train_04306.png,359.06,1,0.3317292630672455,4
train_04307.png,209.65,1,0.08111285418272018,3
train_04308.png,324.64,0,0.03249875456094742,0
train_04309.png,13.05,1,0.99037104845047,3
train_04310.png,267.86,0,0.11436112225055695,1
train_04311.png,140.08,1,0.7294138073921204,1
train_04312.png,338.37,0,0.16523699462413788,0
train_04313.png,283.0,1,0.3536166846752167,4
train_04314.png,30.22,1,0.9934232234954834,2
train_04315.png,144.52,1,0.8064274787902832,2
train_04316.png,358.64,0,0.24254156649112701,4
train_04317.png,340.21,0,0.20328065752983093,0
train_04318.png,282.89,0,0.8825955986976624,4
train_04319.png,277.49,0,0.04167189821600914,3
train_04320.png,271.83,1,0.06150931864976883,3
train_04321.png,354.94,0,0.6413100361824036,2
train_04322.png,307.42,0,0.27536123991012573,4
train_04323.png,276.4,0,0.04917168617248535,1
train_04324.png,306.21,0,0.001673250226303935,3
train_04325.png,349.75,0,0.1950886845588684,3
train_04326.png,277.65,0,0.08322582393884659,4
train_04327.png,88.18,1,0.9754858016967773,4
train_04328.png,214.71,1,0.7502442002296448,4
train_04329.png,111.34,1,0.8152636289596558,3
train_04330.png,213.36,1,0.6540171504020691,1
train_04331.png,351.53,1,0.127251535654068,3
train_04332.png,194.07,1,0.950977623462677,4
train_04333.png,50.96,1,0.816705048084259,3
train_04334.png,66.56,1,0.6645565032958984,4
train_04335.png,213.27,0,0.6756235957145691,0
train_04336.png,351.56,0,0.05559369921684265,2
train_04337.png,113.33,1,0.9385698437690735,0
train_04338.png,263.61,1,0.3548392355442047,3
train_04339.png,351.35,1,0.30520933866500854,4
train_04340.png,350.23,1,0.013446030206978321,2
train_04341.png,220.93,1,0.9558366537094116,4
train_04342.png,254.0,1,0.17167101800441742,1
train_04343.png,190.53,1,0.8829220533370972,0
train_04344.png,44.11,1,0.998027503490448,2
train_04345.png,233.58,1,0.619835376739502,0
train_04346.png,281.88,1,0.07734180986881256,2
train_04347.png,276.58,0,0.6520820260047913,3
train_04348.png,123.14,0,0.3508157432079315,1
train_04349.png,319.29,0,0.12297198176383972,1
train_04350.png,134.99,1,0.9915714263916016,2
train_04351.png,347.44,0,0.24575380980968475,1
train_04352.png,356.0,0,0.47722071409225464,1
train_04353.png,264.42,1,0.5963064432144165,2
train_04354.png,83.69,1,0.8322052359580994,4
train_04355.png,112.94,1,0.8639039993286133,3
train_04356.png,282.23,0,0.13887767493724823,4
train_04357.png,342.81,0,0.15022847056388855,1
train_04358.png,322.93,1,0.02586466446518898,3
train_04359.png,310.84,1,0.05309160053730011,3
train_04360.png,344.18,0,0.02191254496574402,3
train_04361.png,322.77,0,0.2803773880004883,4
train_04362.png,188.2,1,0.9086461067199707,3
train_04363.png,343.84,0,0.10878435522317886,1
train_04364.png,175.76,1,0.9875202178955078,2
train_04365.png,318.16,0,0.10117635875940323,1
train_04366.png,347.21,0,0.7257306575775146,2
train_04367.png,237.48,1,0.8110780715942383,1
train_04368.png,279.09,0,0.3727792501449585,4
train_04369.png,24.19,1,0.58672696352005,2
train_04370.png,25.69,1,0.7166043519973755,0
train_04371.png,134.63,1,0.6391912698745728,1
train_04372.png,259.49,1,0.3339899182319641,1
train_04373.png,284.96,0,0.16121816635131836,0
train_04374.png,286.67,1,0.49063539505004883,2
train_04375.png,270.28,0,0.2755744159221649,2
train_04376.png,69.11,1,0.5892465114593506,1
train_04377.png,307.05,1,0.605358362197876,2
train_04378.png,254.95,1,0.984367311000824,4
train_04379.png,100.77,1,0.8932245969772339,4
train_04380.png,319.84,1,0.14027094841003418,1
train_04381.png,335.14,0,0.1829870492219925,1
train_04382.png,331.86,1,0.6486048698425293,3
train_04383.png,72.8,1,0.3307332992553711,0
train_04384.png,316.54,1,0.23721365630626678,4
train_04385.png,25.15,0,0.5723917484283447,2
train_04386.png,57.74,1,0.5886569619178772,4
train_04387.png,144.36,1,0.8754199743270874,4
train_04388.png,127.41,1,0.614246666431427,1
train_04389.png,323.29,0,0.17495720088481903,2
train_04390.png,328.24,1,0.029275154694914818,2
train_04391.png,115.57,1,0.9975965619087219,3
train_04392.png,313.63,0,0.052692025899887085,1
train_04393.png,19.31,1,0.23213864862918854,2
train_04394.png,217.05,1,0.6305264234542847,2
train_04395.png,87.26,1,0.9719623923301697,3
train_04396.png,314.58,1,0.0398380309343338,4
train_04397.png,116.22,1,0.9077866673469543,3
train_04398.png,274.56,1,0.655428946018219,0
train_04399.png,203.3,1,0.9038572907447815,4
train_04400.png,294.29,1,0.024640940129756927,1
train_04401.png,279.51,0,0.06730116903781891,0
train_04402.png,274.93,0,0.510886013507843,1
train_04403.png,3.8,1,0.5332037210464478,4
train_04404.png,307.19,0,0.004590929951518774,3
train_04405.png,213.57,1,0.9812843203544617,1
train_04406.png,124.93,1,0.678558886051178,4
train_04407.png,248.48,1,0.32351383566856384,0
train_04408.png,350.57,0,0.016392579302191734,3
train_04409.png,78.99,1,0.6117850542068481,1
train_04410.png,198.6,1,0.8935285806655884,3
train_04411.png,48.33,1,0.7662137150764465,1
train_04412.png,246.5,1,0.01684245839715004,0
train_04413.png,145.03,0,0.9720479846000671,2
train_04414.png,297.53,0,0.07946442067623138,2
train_04415.png,263.89,1,0.6898805499076843,4
train_04416.png,102.53,1,0.5259260535240173,1
train_04417.png,337.51,1,0.02975066378712654,2
train_04418.png,109.78,1,0.5701764225959778,1
train_04419.png,349.67,1,0.16586381196975708,4
train_04420.png,54.81,1,0.422628253698349,2
train_04421.png,320.55,0,0.4031093120574951,3
train_04422.png,132.53,1,0.779024600982666,1
train_04423.png,3.5,1,0.6004042625427246,1
train_04424.png,302.33,0,0.12195000052452087,3
train_04425.png,273.12,1,0.5878158211708069,4
train_04426.png,123.99,1,0.7995339035987854,4
train_04427.png,105.0,1,0.9946651458740234,3
train_04428.png,33.43,1,0.8265945315361023,0
train_04429.png,343.0,1,0.504177451133728,3
train_04430.png,321.51,0,0.14833179116249084,1
train_04431.png,342.86,0,0.028435999527573586,2
train_04432.png,257.02,1,0.7962509989738464,2
train_04433.png,224.19,0,0.6953771114349365,0
train_04434.png,163.42,1,0.882016658782959,1
train_04435.png,11.69,1,0.4579963684082031,4
train_04436.png,116.95,1,0.7913981676101685,1
train_04437.png,214.4,1,0.930640697479248,3
train_04438.png,77.35,1,0.7862484455108643,4
train_04439.png,320.23,0,0.165948748588562,4
train_04440.png,306.9,1,0.24501532316207886,3
train_04441.png,273.23,0,0.15745633840560913,0
train_04442.png,346.58,0,0.0998203232884407,2
train_04443.png,81.55,0,0.1643957793712616,1
train_04444.png,141.01,1,0.7718080878257751,0
train_04445.png,264.98,1,0.5815140604972839,4
train_04446.png,329.33,1,0.13242891430854797,1
train_04447.png,26.88,1,0.5250409841537476,4
train_04448.png,260.84,0,0.4216947853565216,0
train_04449.png,7.59,1,0.9458081722259521,3
train_04450.png,331.56,0,0.09795679897069931,2
train_04451.png,180.33,1,0.5884461402893066,0
train_04452.png,6.68,1,0.8540741801261902,1
train_04453.png,168.37,0,0.8412259221076965,3
train_04454.png,276.75,0,0.24862352013587952,3
train_04455.png,90.67,1,0.5288150906562805,4
train_04456.png,309.24,1,0.010234213434159756,3
train_04457.png,242.23,0,0.831066370010376,4
train_04458.png,212.4,1,0.9642928242683411,3
train_04459.png,332.17,1,0.0011358953779563308,3
train_04460.png,273.27,1,0.05953791365027428,0
train_04461.png,210.57,1,0.8754591345787048,0
train_04462.png,165.84,1,0.2720770239830017,1
train_04463.png,217.19,1,0.868311882019043,0
train_04464.png,271.15,1,0.134196475148201,1
train_04465.png,9.46,1,0.5391622185707092,3
train_04466.png,338.67,0,0.1309203952550888,2
train_04467.png,76.15,1,0.4744877219200134,4
train_04468.png,70.45,1,0.6476539373397827,3
train_04469.png,348.21,1,0.6077086329460144,1
train_04470.png,73.47,1,0.8442091941833496,3
train_04471.png,6.26,1,0.7150022387504578,3
train_04472.png,248.24,1,0.7746917009353638,2
train_04473.png,104.01,1,0.9214987754821777,3
train_04474.png,296.07,1,0.06764782220125198,0
train_04475.png,331.5,0,0.18324622511863708,2
train_04476.png,182.29,1,0.6553847789764404,4
train_04477.png,228.16,1,0.905868411064148,3
train_04478.png,67.47,1,0.5329373478889465,0
train_04479.png,337.89,1,0.21389412879943848,1
train_04480.png,21.04,1,0.9410761594772339,0
train_04481.png,322.23,0,0.040616441518068314,0
train_04482.png,317.39,0,0.042962443083524704,3
train_04483.png,233.73,1,0.8414096236228943,3
train_04484.png,216.64,1,0.9593024849891663,2
train_04485.png,347.96,0,0.29340270161628723,3
train_04486.png,53.78,1,0.6879495978355408,4
train_04487.png,27.13,1,0.4835655987262726,1
train_04488.png,343.6,0,0.2818131744861603,1
train_04489.png,188.36,1,0.9322100877761841,1
train_04490.png,355.98,0,0.13082100450992584,0
train_04491.png,40.95,0,0.8879398107528687,1
train_04492.png,68.01,1,0.3915930390357971,2
train_04493.png,199.09,1,0.9125249981880188,3
train_04494.png,237.67,1,0.8385006785392761,4
train_04495.png,221.21,1,0.9501431584358215,4
train_04496.png,249.28,1,0.019697818905115128,3
train_04497.png,315.13,0,0.012114375829696655,2
train_04498.png,285.67,0,0.04822137579321861,3
train_04499.png,312.52,0,0.1500634402036667,4
train_04500.png,279.32,1,0.20744264125823975,4
train_04501.png,290.92,0,0.11982731521129608,0
train_04502.png,311.68,1,0.1375613659620285,3
train_04503.png,72.31,1,0.8529927730560303,4
train_04504.png,319.9,0,0.14567798376083374,1
train_04505.png,321.66,0,0.04307784512639046,1
train_04506.png,31.2,1,0.6105345487594604,4
train_04507.png,90.21,1,0.9997426867485046,2
train_04508.png,182.71,1,0.8791648149490356,1
train_04509.png,353.75,0,0.3727964758872986,1
train_04510.png,265.75,1,0.5123891830444336,3
train_04511.png,292.58,0,0.388506680727005,4
train_04512.png,18.22,1,0.6110041737556458,1
train_04513.png,118.73,1,0.8925672769546509,1
train_04514.png,62.16,1,0.5558452606201172,1
train_04515.png,177.92,1,0.7614099979400635,3
train_04516.png,327.82,0,0.692349374294281,3
train_04517.png,219.69,1,0.08918185532093048,1
train_04518.png,155.74,1,0.8958778977394104,1
train_04519.png,201.56,0,0.7782483100891113,1
train_04520.png,295.77,0,0.06275884062051773,1
train_04521.png,335.92,0,0.08510048687458038,0
train_04522.png,310.12,0,0.018516989424824715,2
train_04523.png,76.84,1,0.8874960541725159,4
train_04524.png,319.17,0,0.4078707993030548,4
train_04525.png,321.88,0,0.05728337541222572,0
train_04526.png,59.95,0,0.4296519458293915,4
train_04527.png,343.19,1,0.6047586798667908,0
train_04528.png,281.66,0,0.2623884677886963,2
train_04529.png,319.89,1,0.016040341928601265,3
train_04530.png,276.81,1,0.5812127590179443,2
train_04531.png,99.14,1,0.9662250876426697,4
train_04532.png,235.18,1,0.4149082899093628,2
train_04533.png,342.74,1,0.08956138044595718,2
train_04534.png,325.5,0,0.04162248969078064,0
train_04535.png,329.99,0,0.22558264434337616,4
train_04536.png,106.87,1,0.48197662830352783,3
train_04537.png,274.09,1,0.35021159052848816,1
train_04538.png,66.35,0,0.6855565309524536,4
train_04539.png,348.02,0,0.3018304109573364,0
train_04540.png,297.05,0,0.21699155867099762,0
train_04541.png,333.56,1,0.08205710351467133,0
train_04542.png,42.14,0,0.7189843058586121,4
train_04543.png,275.67,0,0.7789695262908936,4
train_04544.png,351.98,0,0.3172849714756012,0
train_04545.png,301.58,1,0.16289028525352478,2
train_04546.png,199.06,1,0.9964168071746826,2
train_04547.png,345.59,1,0.5498691201210022,4
train_04548.png,2.63,1,0.895089328289032,3
train_04549.png,10.45,1,0.49969378113746643,1
train_04550.png,355.83,0,0.9419178366661072,2
train_04551.png,308.29,1,0.18255122005939484,4
train_04552.png,271.82,0,0.10862740129232407,1
train_04553.png,298.81,0,0.23632007837295532,2
train_04554.png,211.47,1,0.9760796427726746,1
train_04555.png,275.18,1,0.7306084036827087,3
train_04556.png,346.39,0,0.0300485547631979,3
train_04557.png,58.59,1,0.35998469591140747,1
train_04558.png,150.31,1,0.9953219294548035,3
train_04559.png,298.78,0,0.4024401605129242,0
train_04560.png,19.78,1,0.8279746770858765,1
train_04561.png,223.83,1,0.9924200177192688,2
train_04562.png,195.68,1,0.9091498255729675,1
train_04563.png,323.36,1,0.36461934447288513,3
train_04564.png,358.68,0,0.2667125165462494,0
train_04565.png,344.24,1,0.22255346179008484,0
train_04566.png,294.42,0,0.11849511414766312,3
train_04567.png,179.26,1,0.9962122440338135,3
train_04568.png,264.99,1,0.06978118419647217,1
train_04569.png,173.71,1,0.8919402360916138,1
train_04570.png,292.46,1,0.03507169708609581,1
train_04571.png,113.98,0,0.3262714445590973,0
train_04572.png,175.51,1,0.6878448724746704,0
train_04573.png,264.4,1,0.4272795617580414,0
train_04574.png,103.49,0,0.9973611235618591,2
train_04575.png,91.58,0,0.9777801036834717,3
train_04576.png,130.37,1,0.9442124366760254,0
train_04577.png,2.92,1,0.034045230597257614,0
train_04578.png,316.89,0,0.17800584435462952,3
train_04579.png,18.43,1,0.7875630259513855,0
train_04580.png,263.95,1,0.8063913583755493,0
train_04581.png,197.7,1,0.9098716378211975,0
train_04582.png,333.95,1,0.48376765847206116,4
train_04583.png,233.34,1,0.785437822341919,2
train_04584.png,354.14,0,0.12248621135950089,1
train_04585.png,310.21,0,0.3369401693344116,3
train_04586.png,289.05,1,0.1730385571718216,2
train_04587.png,199.6,1,0.9745769500732422,4
train_04588.png,81.79,1,0.8104090690612793,4
train_04589.png,264.94,1,0.24751868844032288,4
train_04590.png,355.56,0,0.21854981780052185,4
train_04591.png,165.36,1,0.9810827970504761,3
train_04592.png,198.0,1,0.8637310862541199,2
train_04593.png,95.75,1,0.8895962238311768,0
train_04594.png,275.27,0,0.8465033769607544,0
train_04595.png,321.27,1,0.02324635721743107,3
train_04596.png,320.45,0,0.13963156938552856,1
train_04597.png,221.42,1,0.7600975632667542,1
train_04598.png,153.27,1,0.9755957126617432,3
train_04599.png,160.55,1,0.779371976852417,0
train_04600.png,296.56,0,0.41657519340515137,4
train_04601.png,16.79,1,0.84238600730896,2
train_04602.png,287.64,1,0.07105947285890579,2
train_04603.png,314.18,0,0.15081878006458282,0
train_04604.png,158.59,1,0.8856551051139832,4
train_04605.png,289.25,0,0.3154078722000122,0
train_04606.png,53.82,1,0.983137845993042,2
train_04607.png,235.75,1,0.9471734166145325,3
train_04608.png,163.35,1,0.8406144976615906,0
train_04609.png,170.53,1,0.9800050258636475,2
train_04610.png,288.34,0,0.24177350103855133,3
train_04611.png,298.87,0,0.027625378221273422,0
train_04612.png,295.65,0,0.04181234911084175,1
train_04613.png,284.38,1,0.09094885736703873,3
train_04614.png,236.24,1,0.884719729423523,0
train_04615.png,295.38,0,0.3130525052547455,1
train_04616.png,201.54,1,0.9424228072166443,4
train_04617.png,323.25,0,0.014424669556319714,3
train_04618.png,221.7,1,0.8097055554389954,3
train_04619.png,316.71,0,0.03222794830799103,0
train_04620.png,118.0,1,0.8793985843658447,0
train_04621.png,279.66,0,0.4374365508556366,4
train_04622.png,308.94,0,0.17441704869270325,4
train_04623.png,346.82,0,0.30563420057296753,2
train_04624.png,60.52,1,0.5817682147026062,1
train_04625.png,265.65,1,0.9517644047737122,2
train_04626.png,325.05,1,0.3207436800003052,1
train_04627.png,213.72,1,0.7744936347007751,2
train_04628.png,47.17,1,0.7032321691513062,1
train_04629.png,294.47,0,0.15988041460514069,2
train_04630.png,344.27,0,0.05241764709353447,2
train_04631.png,294.23,0,0.4203914701938629,3
train_04632.png,359.15,1,0.050720881670713425,3
train_04633.png,90.45,1,0.9877299666404724,3
train_04634.png,329.35,0,0.2989373207092285,4
train_04635.png,226.82,1,0.30228888988494873,2
train_04636.png,195.93,1,0.895685613155365,1
train_04637.png,234.35,1,0.9058427214622498,0
train_04638.png,293.98,0,0.3105662763118744,4
train_04639.png,304.84,1,0.1429116427898407,2
train_04640.png,330.13,1,0.07097463309764862,3
train_04641.png,267.92,1,0.7465085983276367,2
train_04642.png,27.58,1,0.7527294158935547,2
train_04643.png,69.49,1,0.5135528445243835,3
train_04644.png,229.76,1,0.677221953868866,2
train_04645.png,245.49,1,0.9117416143417358,3
train_04646.png,294.68,1,0.0291847363114357,0
train_04647.png,340.14,1,0.06420022249221802,1
train_04648.png,176.14,1,0.40415140986442566,1
train_04649.png,299.98,0,0.0035628252662718296,3
train_04650.png,276.22,1,0.12382448464632034,2
train_04651.png,318.2,1,0.19561928510665894,2
train_04652.png,14.58,1,0.29916778206825256,0
train_04653.png,112.56,1,0.9702590107917786,4
train_04654.png,273.8,1,0.16436947882175446,3
train_04655.png,261.83,1,0.031166858971118927,2
train_04656.png,341.53,0,0.06267563253641129,3
train_04657.png,277.2,0,0.032267384231090546,2
train_04658.png,261.35,1,0.3355860710144043,1
train_04659.png,284.89,0,0.22790394723415375,4
train_04660.png,218.22,1,0.9942768216133118,3
train_04661.png,149.26,1,0.5972113609313965,0
train_04662.png,145.8,1,0.9983465671539307,3
train_04663.png,89.55,1,0.6420044302940369,1
train_04664.png,156.13,1,0.7938613295555115,4
train_04665.png,134.07,1,0.6812223196029663,0
train_04666.png,178.03,1,0.5931978821754456,1
train_04667.png,358.62,0,0.36334291100502014,2
train_04668.png,334.77,0,0.052234891802072525,2
train_04669.png,332.5,1,0.3053666651248932,3
train_04670.png,12.08,1,0.6718071103096008,0
train_04671.png,313.77,1,0.15765640139579773,1
train_04672.png,274.77,1,0.06386687606573105,1
train_04673.png,308.86,1,0.11389213055372238,0
train_04674.png,207.86,1,0.9809468388557434,1
train_04675.png,18.66,0,0.7202776074409485,3
train_04676.png,181.28,1,0.7973015904426575,3
train_04677.png,225.47,1,0.9886178374290466,4
train_04678.png,278.25,0,0.0764954537153244,3
train_04679.png,311.19,0,0.2795707881450653,1
train_04680.png,85.13,1,0.948493480682373,3
train_04681.png,196.74,1,0.9078572392463684,3
train_04682.png,312.45,0,0.03165796399116516,0
train_04683.png,351.28,1,0.2905072867870331,0
train_04684.png,117.76,1,0.0659976676106453,3
train_04685.png,322.59,0,0.13136416673660278,4
train_04686.png,315.99,1,0.09276480227708817,1
train_04687.png,286.4,0,0.3707464933395386,2
train_04688.png,104.57,1,0.8936654329299927,4
train_04689.png,61.01,1,0.9961547255516052,3
train_04690.png,158.71,0,0.976344108581543,3
train_04691.png,250.25,0,0.9904817938804626,3
train_04692.png,339.02,0,0.38117918372154236,3
train_04693.png,167.3,1,0.7341298460960388,1
train_04694.png,309.86,0,0.7672741413116455,3
train_04695.png,291.47,1,0.1094859391450882,2
train_04696.png,121.31,1,0.3582853674888611,1
train_04697.png,320.76,0,0.009842460043728352,0
train_04698.png,301.1,0,0.8677658438682556,3
train_04699.png,64.01,1,0.8737205862998962,1
train_04700.png,298.16,0,0.01592150703072548,1
train_04701.png,262.99,1,0.11702453345060349,1
train_04702.png,97.62,1,0.3233548402786255,1
train_04703.png,293.78,0,0.11064127832651138,1
train_04704.png,37.36,1,0.725320041179657,1
train_04705.png,320.4,0,0.07692284137010574,0
train_04706.png,298.31,1,0.20809638500213623,3
train_04707.png,16.91,0,0.34781917929649353,1
train_04708.png,2.86,1,0.6031570434570312,1
train_04709.png,300.94,1,0.083032988011837,3
train_04710.png,343.95,1,0.08037949353456497,0
train_04711.png,326.19,0,0.360303670167923,2
train_04712.png,105.67,1,0.9516918659210205,4
train_04713.png,271.25,0,0.10213376581668854,0
train_04714.png,347.86,0,0.10732238739728928,2
train_04715.png,0.22,1,0.09701349586248398,0
train_04716.png,264.97,0,0.7676212787628174,2
train_04717.png,295.87,0,0.037753503769636154,3
train_04718.png,188.53,1,0.937558114528656,4
train_04719.png,80.27,1,0.8141754269599915,3
train_04720.png,81.48,1,0.7773891687393188,4
train_04721.png,236.39,0,0.9313610792160034,3
train_04722.png,275.17,0,0.16679586470127106,2
train_04723.png,295.29,0,0.16077715158462524,4
train_04724.png,288.95,0,0.4449027478694916,4
train_04725.png,42.72,1,0.5752592086791992,4
train_04726.png,314.23,0,0.09830527007579803,1
train_04727.png,289.13,0,0.022774823009967804,2
train_04728.png,281.15,1,0.04751293733716011,3
train_04729.png,124.36,1,0.045196615159511566,3
train_04730.png,75.94,1,0.43626636266708374,1
train_04731.png,339.09,1,0.018183449283242226,2
train_04732.png,186.07,1,0.5801178812980652,1
train_04733.png,218.5,1,0.7668178677558899,0
train_04734.png,280.99,0,0.4055054783821106,4
train_04735.png,61.81,1,0.3939018249511719,1
train_04736.png,351.88,0,0.289753794670105,1
train_04737.png,112.77,0,0.9287800788879395,0
train_04738.png,293.74,0,0.11278786510229111,1
train_04739.png,353.96,1,0.4593254625797272,0
train_04740.png,186.94,1,0.8879336714744568,1
train_04741.png,39.76,1,0.9885379076004028,2
train_04742.png,92.67,1,0.8742308616638184,3
train_04743.png,57.84,0,0.9305394291877747,0
train_04744.png,236.69,1,0.7598589658737183,1
train_04745.png,351.31,0,0.14805065095424652,4
train_04746.png,274.0,0,0.1255110651254654,3
train_04747.png,326.54,0,0.1299634724855423,0
train_04748.png,203.01,1,0.8175711631774902,0
train_04749.png,354.38,0,0.10755714029073715,2
train_04750.png,258.76,1,0.6677770018577576,1
train_04751.png,318.54,1,0.2822258174419403,3
train_04752.png,304.24,1,0.3853698670864105,4
train_04753.png,284.04,1,0.2267710119485855,0
train_04754.png,96.72,1,0.9863554835319519,2
train_04755.png,111.02,1,0.9627349376678467,4
train_04756.png,287.54,0,0.20879702270030975,0
train_04757.png,165.14,1,0.7157687544822693,1
train_04758.png,337.87,0,0.24439598619937897,3
train_04759.png,77.04,1,0.6682668924331665,0
train_04760.png,174.11,1,0.8045223951339722,1
train_04761.png,37.44,1,0.500882089138031,2
train_04762.png,154.13,1,0.9915818572044373,3
train_04763.png,336.37,0,0.5189232230186462,4
train_04764.png,249.94,1,0.5984376668930054,1
train_04765.png,357.76,1,0.4033955931663513,4
train_04766.png,264.24,1,0.6182364225387573,2
train_04767.png,292.71,1,0.7265735864639282,2
train_04768.png,346.01,0,0.08623281121253967,0
train_04769.png,351.37,0,0.2863602042198181,4
train_04770.png,125.74,1,0.5905251502990723,1
train_04771.png,191.56,1,0.8069884777069092,1
train_04772.png,75.15,1,0.6516488790512085,0
train_04773.png,141.57,1,0.4399431645870209,4
train_04774.png,351.95,1,0.024484820663928986,3
train_04775.png,278.31,1,0.0884084701538086,1
train_04776.png,35.66,1,0.8810795545578003,2
train_04777.png,174.78,1,0.7860939502716064,2
train_04778.png,5.74,1,0.02684813179075718,0
train_04779.png,124.0,1,0.47021570801734924,0
train_04780.png,328.89,0,0.9530463218688965,2
train_04781.png,290.04,0,0.10800012946128845,1
train_04782.png,138.8,1,0.5838711261749268,1
train_04783.png,268.53,1,0.915245532989502,1
train_04784.png,305.65,1,0.28656497597694397,4
train_04785.png,39.05,1,0.5944787859916687,1
train_04786.png,132.39,0,0.8574103713035583,0
train_04787.png,39.08,1,0.8840677738189697,4
train_04788.png,335.77,1,0.17898225784301758,4
train_04789.png,336.27,1,0.0847284346818924,3
train_04790.png,265.82,1,0.5868316292762756,2
train_04791.png,232.39,1,0.9917355179786682,4
train_04792.png,217.2,1,0.6607809662818909,1
train_04793.png,220.89,1,0.6352922916412354,2
train_04794.png,309.64,0,0.3107561469078064,4
train_04795.png,98.85,1,0.94193434715271,4
train_04796.png,298.67,0,0.21751916408538818,0
train_04797.png,168.98,1,0.37327703833580017,0
train_04798.png,299.79,1,0.01379620935767889,3
train_04799.png,156.42,1,0.30163219571113586,1
train_04800.png,349.17,0,0.2270272821187973,3
train_04801.png,313.96,0,0.5553361773490906,3
train_04802.png,108.44,0,0.8016507625579834,0
train_04803.png,351.81,1,0.4281977713108063,4
train_04804.png,281.29,0,0.48081550002098083,0
train_04805.png,335.78,0,0.02033267356455326,3
train_04806.png,290.13,0,0.09526020288467407,0
train_04807.png,342.51,0,0.041767850518226624,0
train_04808.png,321.67,0,0.06094043701887131,4
train_04809.png,336.2,1,0.25778117775917053,0
train_04810.png,331.31,1,0.441283643245697,3
train_04811.png,312.07,0,0.04324393346905708,1
train_04812.png,296.19,0,0.11876112967729568,2
train_04813.png,5.55,1,0.9639968276023865,3
train_04814.png,154.59,1,0.9951019287109375,3
train_04815.png,311.17,0,0.22686202824115753,1
train_04816.png,302.4,0,0.19603441655635834,0
train_04817.png,94.29,1,0.7197498083114624,3
train_04818.png,336.1,1,0.1962583214044571,0
train_04819.png,46.92,1,0.9349812865257263,3
train_04820.png,223.08,1,0.9924041628837585,1
train_04821.png,357.17,0,0.8367077708244324,3
train_04822.png,349.44,0,0.1048121377825737,3
train_04823.png,210.18,1,0.9668118953704834,1
train_04824.png,321.41,1,0.36452198028564453,4
train_04825.png,100.05,1,0.4670664370059967,1
train_04826.png,323.1,1,0.07267320156097412,1
train_04827.png,31.78,1,0.10005077719688416,1
train_04828.png,313.71,0,0.37163716554641724,4
train_04829.png,102.88,0,0.9308228492736816,3
train_04830.png,63.31,1,0.5254148244857788,2
train_04831.png,83.57,1,0.9965403079986572,2
train_04832.png,20.17,1,0.897422730922699,2
train_04833.png,236.14,1,0.811914324760437,4
train_04834.png,188.52,1,0.777764618396759,1
train_04835.png,155.39,1,0.717100977897644,1
train_04836.png,36.7,1,0.3616759777069092,2
train_04837.png,59.31,1,0.9661643505096436,4
train_04838.png,51.93,1,0.9632807374000549,0
train_04839.png,334.86,0,0.0656832680106163,1
train_04840.png,341.43,0,0.20455725491046906,0
train_04841.png,225.94,1,0.6701611876487732,4
train_04842.png,318.05,0,0.05524974316358566,1
train_04843.png,333.57,0,0.14357738196849823,4
train_04844.png,226.19,1,0.8383037447929382,4
train_04845.png,186.85,0,0.898809015750885,1
train_04846.png,280.63,0,0.6727419495582581,2
train_04847.png,212.64,1,0.9689955711364746,4
train_04848.png,114.32,0,0.7074528932571411,1
train_04849.png,336.03,0,0.004661366809159517,3
train_04850.png,91.25,1,0.7462393641471863,1
train_04851.png,355.28,0,0.29747718572616577,4
train_04852.png,61.72,1,0.4832560122013092,3
train_04853.png,213.16,1,0.9970239996910095,3
train_04854.png,277.35,0,0.16125042736530304,4
train_04855.png,235.55,1,0.5536661744117737,1
train_04856.png,327.89,1,0.19526025652885437,0
train_04857.png,94.48,1,0.964713454246521,4
train_04858.png,335.04,0,0.2927513122558594,3
train_04859.png,232.23,1,0.392706036567688,1
train_04860.png,257.04,1,0.9911779761314392,1
train_04861.png,344.91,0,0.17457477748394012,2
train_04862.png,298.25,0,0.3397243022918701,2
train_04863.png,12.62,1,0.4381222426891327,1
train_04864.png,337.79,0,0.04252734035253525,2
train_04865.png,245.35,1,0.9893396496772766,2
train_04866.png,270.78,1,0.07560521364212036,0
train_04867.png,309.78,1,0.13324442505836487,0
train_04868.png,288.95,0,0.37022149562835693,4
train_04869.png,305.35,0,0.6426195502281189,2
train_04870.png,322.83,0,0.002475878456607461,2
train_04871.png,170.47,1,0.5425153374671936,3
train_04872.png,294.47,0,0.06688835471868515,2
train_04873.png,75.89,0,0.6476788520812988,1
train_04874.png,320.51,1,0.04881713166832924,2
train_04875.png,285.82,0,0.1120118796825409,3
train_04876.png,212.85,1,0.38576948642730713,2
train_04877.png,118.49,1,0.8574802875518799,0
train_04878.png,248.0,0,0.5612026453018188,3
train_04879.png,294.27,0,0.620159924030304,4
train_04880.png,89.78,1,0.2967320382595062,0
train_04881.png,78.58,1,0.5255540013313293,1
train_04882.png,290.58,1,0.11319281905889511,1
train_04883.png,162.14,1,0.5755102634429932,2
train_04884.png,301.32,0,0.16121961176395416,1
train_04885.png,232.54,1,0.8975311517715454,4
train_04886.png,290.31,0,0.07396882772445679,4
train_04887.png,327.57,0,0.030728977173566818,2
train_04888.png,235.18,1,0.7297151684761047,3
train_04889.png,93.89,1,0.9840996265411377,2
train_04890.png,211.6,1,0.7429449558258057,0
train_04891.png,134.45,1,0.9879201650619507,3
train_04892.png,53.26,1,0.9721924066543579,4
train_04893.png,62.74,1,0.6222133636474609,0
train_04894.png,27.83,1,0.9570136070251465,3
train_04895.png,293.33,1,0.05845030024647713,2
train_04896.png,270.65,1,0.5377632975578308,4
train_04897.png,41.02,0,0.49273398518562317,0
train_04898.png,65.24,0,0.9996533393859863,2
train_04899.png,245.22,1,0.7319392561912537,0
train_04900.png,296.36,1,0.7019398212432861,3
train_04901.png,8.04,1,0.32780665159225464,4
train_04902.png,299.96,1,0.24989768862724304,0
train_04903.png,25.88,1,0.6419405937194824,1
train_04904.png,299.37,1,0.129451721906662,1
train_04905.png,203.54,1,0.74521404504776,2
train_04906.png,177.08,0,0.8825079798698425,4
train_04907.png,192.48,1,0.21395666897296906,4
train_04908.png,196.93,1,0.8057556748390198,3
train_04909.png,350.12,0,0.7483278512954712,3
train_04910.png,113.23,1,0.9924403429031372,2
train_04911.png,340.83,0,0.27372023463249207,1
train_04912.png,130.43,0,0.8203184604644775,0
train_04913.png,340.82,0,0.4558006227016449,0
train_04914.png,3.32,1,0.46290284395217896,2
train_04915.png,341.2,0,0.03133055940270424,3
train_04916.png,301.65,0,0.044378988444805145,0
train_04917.png,274.4,0,0.7116777896881104,1
train_04918.png,42.9,1,0.9513023495674133,0
train_04919.png,354.23,0,0.9103444218635559,3
train_04920.png,304.72,0,0.16399294137954712,3
train_04921.png,318.33,0,0.10370025783777237,4
train_04922.png,278.88,0,0.08604696393013,0
train_04923.png,210.77,1,0.9879282116889954,3
train_04924.png,296.48,0,0.04756993055343628,0
train_04925.png,172.9,1,0.9862696528434753,2
train_04926.png,225.32,0,0.7772921323776245,0
train_04927.png,118.38,1,0.8780671954154968,4
train_04928.png,354.48,0,0.30249080061912537,1
train_04929.png,336.15,0,0.057395417243242264,0
train_04930.png,75.0,1,0.7482835054397583,0
train_04931.png,214.61,1,0.9634338617324829,4
train_04932.png,293.57,0,0.14891482889652252,1
train_04933.png,38.58,0,0.9735023975372314,2
train_04934.png,297.91,0,0.3128856420516968,2
train_04935.png,161.9,1,0.7270709872245789,4
train_04936.png,98.93,0,0.5223757028579712,0
train_04937.png,303.46,0,0.15027467906475067,1
train_04938.png,148.79,1,0.9771660566329956,2
train_04939.png,244.4,1,0.6220637559890747,2
train_04940.png,301.82,1,0.12622866034507751,3
train_04941.png,359.07,0,0.9904006123542786,2
train_04942.png,126.52,1,0.9092279672622681,4
train_04943.png,26.48,0,0.48920783400535583,2
train_04944.png,271.98,1,0.496524840593338,4
train_04945.png,57.86,1,0.9975407123565674,2
train_04946.png,301.86,0,0.18553893268108368,0
train_04947.png,279.31,1,0.05447130650281906,0
train_04948.png,310.45,0,0.3158564865589142,2
train_04949.png,324.72,1,0.08973634988069534,4
train_04950.png,321.76,0,0.37951159477233887,2
train_04951.png,63.8,1,0.8654419183731079,0
train_04952.png,126.27,1,0.505857527256012,1
train_04953.png,58.64,0,0.9210205078125,0
train_04954.png,317.47,0,0.19779545068740845,1
train_04955.png,336.96,0,0.4530743956565857,2
train_04956.png,296.5,0,0.2576605975627899,2
train_04957.png,339.59,0,0.19028642773628235,4
train_04958.png,249.05,1,0.38832777738571167,0
train_04959.png,174.63,0,0.8837058544158936,4
train_04960.png,297.94,0,0.6900830864906311,3
train_04961.png,204.83,1,0.9536425471305847,4
train_04962.png,180.46,0,0.24862614274024963,2
train_04963.png,137.38,1,0.9982956051826477,3
train_04964.png,326.33,0,0.17399469017982483,1
train_04965.png,300.57,0,0.11683740466833115,2
train_04966.png,357.12,1,0.2419518083333969,3
train_04967.png,141.88,1,0.6926354169845581,1
train_04968.png,295.96,0,0.2092757225036621,1
train_04969.png,352.73,1,0.20930109918117523,2
train_04970.png,281.99,0,0.2572134733200073,3
train_04971.png,168.36,1,0.8887743949890137,1
train_04972.png,98.01,1,0.7821575999259949,3
train_04973.png,246.93,1,0.942302405834198,4
train_04974.png,244.14,1,0.8559868931770325,1
train_04975.png,269.56,1,0.6432952284812927,3
train_04976.png,68.54,0,0.9496729373931885,0
train_04977.png,291.94,0,0.07189372926950455,4
train_04978.png,120.99,1,0.7047406435012817,1
train_04979.png,22.34,1,0.6861079335212708,2
train_04980.png,324.69,0,0.3074372112751007,2
train_04981.png,9.35,1,0.8770150542259216,0
train_04982.png,51.4,1,0.7126203775405884,3
train_04983.png,161.26,1,0.7359046339988708,1
train_04984.png,208.59,1,0.9621501564979553,2
train_04985.png,44.95,1,0.9464036822319031,0
train_04986.png,136.78,1,0.9993261098861694,2
train_04987.png,92.83,1,0.9552966356277466,3
train_04988.png,161.1,1,0.6739962697029114,4
train_04989.png,276.34,1,0.06715748459100723,3
train_04990.png,154.21,1,0.8791439533233643,3
train_04991.png,130.47,1,0.3100992441177368,0
train_04992.png,241.48,0,0.7373999953269958,2
train_04993.png,284.64,1,0.031727615743875504,2
train_04994.png,145.04,1,0.892551064491272,4
train_04995.png,314.64,1,0.049478501081466675,1
train_04996.png,296.13,1,0.4456859230995178,0
train_04997.png,28.73,1,0.54225754737854,1
train_04998.png,284.05,0,0.40161067247390747,2
train_04999.png,283.58,1,0.01059155073016882,2
train_05000.png,107.04,1,0.9429463148117065,3
train_05001.png,235.5,1,0.8549147248268127,0
train_05002.png,284.16,1,0.19425736367702484,0
train_05003.png,89.98,0,0.9624025821685791,4
train_05004.png,192.06,1,0.6849662661552429,1
train_05005.png,283.89,1,0.3619820773601532,4
train_05006.png,324.78,1,0.03715350106358528,2
train_05007.png,56.13,1,0.975811779499054,0
train_05008.png,322.11,0,0.3815543055534363,4
train_05009.png,245.15,1,0.988664448261261,4
train_05010.png,334.52,0,0.2245333343744278,4
train_05011.png,56.59,1,0.9302743077278137,0
train_05012.png,315.26,0,0.10145880281925201,1
train_05013.png,299.5,0,0.06446892768144608,0
train_05014.png,151.08,1,0.7201665639877319,1
train_05015.png,238.2,1,0.2282242327928543,2
train_05016.png,359.39,1,0.18622151017189026,4
train_05017.png,78.36,1,0.9983029365539551,2
train_05018.png,345.32,0,0.16584835946559906,1
train_05019.png,30.73,1,0.4639047086238861,0
train_05020.png,76.45,1,0.8564334511756897,0
train_05021.png,308.34,0,0.03138154745101929,0
train_05022.png,358.61,1,0.23759643733501434,4
train_05023.png,290.96,0,0.31925031542778015,4
train_05024.png,313.66,0,0.8239783644676208,3
train_05025.png,193.92,1,0.8787581920623779,4
train_05026.png,291.34,1,0.013121110387146473,1
train_05027.png,350.71,0,0.4719882905483246,3
train_05028.png,273.95,1,0.08934511989355087,0
train_05029.png,333.43,0,0.10291052609682083,0
train_05030.png,266.59,1,0.671869158744812,2
train_05031.png,295.31,0,0.03773802891373634,1
train_05032.png,14.46,1,0.2645590305328369,0
train_05033.png,228.16,1,0.8572150468826294,2
train_05034.png,305.3,0,0.22704996168613434,1
train_05035.png,232.38,1,0.6087237596511841,1
train_05036.png,139.82,1,0.5629851818084717,0
train_05037.png,308.88,1,0.37133997678756714,0
train_05038.png,243.73,1,0.5594010949134827,4
train_05039.png,332.19,0,0.17202690243721008,3
train_05040.png,32.11,1,0.7585561871528625,1
train_05041.png,187.14,1,0.9906890392303467,3
train_05042.png,339.23,0,0.6105840802192688,2
train_05043.png,174.82,1,0.8298632502555847,3
train_05044.png,201.38,1,0.9407376050949097,4
train_05045.png,173.29,1,0.9902562499046326,3
train_05046.png,222.9,0,0.9251794815063477,1
train_05047.png,257.71,1,0.8856874704360962,3
train_05048.png,313.99,0,0.07548459619283676,3
train_05049.png,346.11,0,0.1256561577320099,4
train_05050.png,122.3,1,0.9868505001068115,3
train_05051.png,106.95,1,0.9731325507164001,3
train_05052.png,92.55,1,0.7543290853500366,0
train_05053.png,50.5,1,0.9217205047607422,0
train_05054.png,356.05,1,0.13759540021419525,0
train_05055.png,241.27,1,0.3010844886302948,0
train_05056.png,289.83,0,0.45822545886039734,3
train_05057.png,348.8,0,0.6332964301109314,4
train_05058.png,67.21,1,0.9691150188446045,3
train_05059.png,208.42,1,0.9495359659194946,0
train_05060.png,31.33,1,0.6254424452781677,4
train_05061.png,343.01,0,0.3171023428440094,3
train_05062.png,14.13,1,0.671383798122406,0
train_05063.png,356.67,1,0.5229673385620117,3
train_05064.png,63.51,1,0.6659092307090759,4
train_05065.png,341.56,0,0.15527424216270447,1
train_05066.png,267.95,1,0.7461170554161072,0
train_05067.png,110.55,1,0.97162926197052,3
train_05068.png,199.22,1,0.6340780854225159,0
train_05069.png,106.57,1,0.8130068778991699,3
train_05070.png,55.43,1,0.9988928437232971,2
train_05071.png,225.59,1,0.9531219005584717,3
train_05072.png,315.56,0,0.12144841998815536,1
train_05073.png,348.96,1,0.1422838568687439,0
train_05074.png,316.51,0,0.21045257151126862,4
train_05075.png,128.22,1,0.9527602195739746,4
train_05076.png,300.45,0,0.14724145829677582,4
train_05077.png,280.04,0,0.18682889640331268,4
train_05078.png,302.59,1,0.18025778234004974,4
train_05079.png,7.29,1,0.593218982219696,1
train_05080.png,268.91,1,0.520871639251709,1
train_05081.png,154.13,1,0.9951223731040955,3
train_05082.png,187.66,1,0.6170074939727783,3
train_05083.png,313.55,0,0.5956012010574341,3
train_05084.png,337.02,0,0.010773111134767532,2
train_05085.png,81.68,1,0.6820987462997437,0
train_05086.png,213.0,1,0.7896015048027039,1
train_05087.png,189.91,1,0.9879178404808044,2
train_05088.png,99.68,1,0.8816801309585571,3
train_05089.png,25.79,1,0.9715419411659241,2
train_05090.png,349.59,1,0.49991148710250854,4
train_05091.png,333.99,0,0.20083872973918915,1
train_05092.png,296.06,0,0.03960651159286499,3
train_05093.png,237.79,1,0.3423810303211212,1
train_05094.png,270.68,1,0.14855097234249115,0
train_05095.png,63.8,1,0.6915534138679504,4
train_05096.png,3.96,0,0.0635802373290062,4
train_05097.png,269.2,1,0.585788369178772,0
train_05098.png,117.98,1,0.7779983282089233,4
train_05099.png,324.44,1,0.5379081964492798,4
train_05100.png,286.13,0,0.24616320431232452,4
train_05101.png,90.49,1,0.5255980491638184,1
train_05102.png,216.53,1,0.4393823742866516,0
train_05103.png,215.89,1,0.867393434047699,4
train_05104.png,101.67,1,0.4609367847442627,0
train_05105.png,319.91,1,0.8918558359146118,3
train_05106.png,72.0,1,0.05133867263793945,0
train_05107.png,183.09,1,0.7601442337036133,2
train_05108.png,308.19,1,0.09404207020998001,3
train_05109.png,172.33,1,0.8621088862419128,0
train_05110.png,64.45,0,0.8355313539505005,1
train_05111.png,82.44,1,0.10695060342550278,2
train_05112.png,253.77,0,0.3889090120792389,1
train_05113.png,24.48,1,0.5030410289764404,3
train_05114.png,56.04,1,0.7952094674110413,2
train_05115.png,212.12,1,0.9804098010063171,3
train_05116.png,324.35,0,0.022279266268014908,3
train_05117.png,293.74,0,0.15076911449432373,2
train_05118.png,61.1,1,0.8290616273880005,3
train_05119.png,88.98,1,0.4550899863243103,2
train_05120.png,285.69,1,0.023124052211642265,2
train_05121.png,121.49,1,0.799407422542572,1
train_05122.png,334.45,0,0.8756731152534485,3
train_05123.png,282.91,1,0.1822228580713272,1
train_05124.png,315.89,0,0.07825226336717606,3
train_05125.png,90.99,1,0.923473596572876,4
train_05126.png,152.53,1,0.9449095129966736,2
train_05127.png,278.87,0,0.5698099136352539,4
train_05128.png,90.29,1,0.8408941030502319,0
train_05129.png,33.57,1,0.030456678941845894,3
train_05130.png,293.4,1,0.17568302154541016,4
train_05131.png,104.63,1,0.5508469939231873,1
train_05132.png,317.12,0,0.40546074509620667,4
train_05133.png,345.55,0,0.31383466720581055,4
train_05134.png,127.7,1,0.2910444438457489,0
train_05135.png,75.39,1,0.9765197038650513,4
train_05136.png,339.7,0,0.22380420565605164,2
train_05137.png,303.32,0,0.909454882144928,3
train_05138.png,292.98,0,0.08806606382131577,3
train_05139.png,331.97,1,0.015109511092305183,2
train_05140.png,317.57,1,0.2240476757287979,4
train_05141.png,252.07,1,0.6349486708641052,1
train_05142.png,340.79,1,0.03306517004966736,3
train_05143.png,326.73,1,0.0202549546957016,0
train_05144.png,15.49,1,0.7948150038719177,1
train_05145.png,316.61,0,0.030135996639728546,3
train_05146.png,344.24,0,0.08292613178491592,1
train_05147.png,341.6,0,0.028805764392018318,0
train_05148.png,346.14,0,0.1466970145702362,1
train_05149.png,298.41,0,0.28796499967575073,4
train_05150.png,145.34,1,0.9945250749588013,3
train_05151.png,331.27,0,0.07045717537403107,1
train_05152.png,284.87,0,0.06808441877365112,1
train_05153.png,111.36,1,0.9921950101852417,2
train_05154.png,245.73,1,0.4925442337989807,4
train_05155.png,277.12,0,0.12229303270578384,0
train_05156.png,229.43,1,0.9072139263153076,3
train_05157.png,37.1,1,0.648043155670166,1
train_05158.png,292.75,0,0.28058111667633057,4
train_05159.png,225.87,1,0.11854222416877747,3
train_05160.png,341.3,0,0.5709537863731384,4
train_05161.png,327.97,0,0.1347983181476593,1
train_05162.png,316.58,0,0.058332622051239014,0
train_05163.png,157.06,1,0.14572003483772278,0
train_05164.png,102.7,1,0.6343386173248291,0
train_05165.png,271.37,0,0.4952491819858551,4
train_05166.png,182.54,0,0.8248188495635986,0
train_05167.png,249.33,1,0.6082303524017334,1
train_05168.png,82.82,1,0.7006269097328186,3
train_05169.png,87.27,1,0.9604740142822266,2
train_05170.png,307.81,0,0.0483827106654644,2
train_05171.png,205.97,1,0.8419660329818726,2
train_05172.png,180.18,1,0.9643312692642212,4
train_05173.png,54.02,0,0.606715738773346,2
train_05174.png,211.71,1,0.995618462562561,3
train_05175.png,161.76,1,0.9898432493209839,3
train_05176.png,358.56,0,0.09474771469831467,1
train_05177.png,303.13,0,0.41567718982696533,3
train_05178.png,235.38,1,0.7872818112373352,1
train_05179.png,283.01,1,0.0396699383854866,0
train_05180.png,277.85,1,0.11759325861930847,4
train_05181.png,356.35,1,0.1453166902065277,4
train_05182.png,153.9,1,0.895550012588501,4
train_05183.png,156.7,1,0.861369788646698,1
train_05184.png,346.12,1,0.020067941397428513,2
train_05185.png,163.97,0,0.7903083562850952,1
train_05186.png,348.5,0,0.004391833674162626,3
train_05187.png,307.36,0,0.022306689992547035,2
train_05188.png,67.0,0,0.9782932996749878,2
train_05189.png,146.98,1,0.63776695728302,0
train_05190.png,326.01,0,0.3820495009422302,2
train_05191.png,195.59,1,0.907396674156189,0
train_05192.png,356.09,0,0.27229630947113037,4
train_05193.png,196.41,1,0.9963686466217041,3
train_05194.png,191.49,1,0.582940399646759,1
train_05195.png,146.64,1,0.8859121203422546,0
train_05196.png,308.88,1,0.02930011786520481,0
train_05197.png,118.26,1,0.5965574383735657,1
train_05198.png,343.52,1,0.15270796418190002,4
train_05199.png,23.32,1,0.5380233526229858,4
train_05200.png,6.69,1,0.3529520034790039,2
train_05201.png,64.75,1,0.5235667824745178,1
train_05202.png,215.37,1,0.7162640690803528,4
train_05203.png,153.19,1,0.4713999927043915,3
train_05204.png,339.96,1,0.17278608679771423,4
train_05205.png,241.44,1,0.9077031016349792,4
train_05206.png,142.39,1,0.9727636575698853,3
train_05207.png,175.71,1,0.6792789101600647,1
train_05208.png,351.51,1,0.47147896885871887,1
train_05209.png,356.39,0,0.10427810996770859,3
train_05210.png,328.08,0,0.49835139513015747,3
train_05211.png,217.62,0,0.5741377472877502,2
train_05212.png,17.73,1,0.9129800796508789,1
train_05213.png,272.63,0,0.1470915824174881,2
train_05214.png,0.2,1,0.6835342645645142,4
train_05215.png,63.58,1,0.9692280888557434,2
train_05216.png,350.09,0,0.16612698137760162,4
train_05217.png,97.52,1,0.9984655380249023,2
train_05218.png,228.62,1,0.988787829875946,3
train_05219.png,340.55,0,0.23461322486400604,4
train_05220.png,352.27,0,0.5084225535392761,3
train_05221.png,310.09,0,0.019654203206300735,2
train_05222.png,244.7,1,0.48490116000175476,0
train_05223.png,25.18,1,0.8536311984062195,4
train_05224.png,339.85,0,0.18809166550636292,3
train_05225.png,326.96,0,0.26389279961586,4
train_05226.png,60.16,1,0.9926506876945496,2
train_05227.png,136.19,0,0.30389994382858276,3
train_05228.png,290.92,1,0.29654809832572937,0
train_05229.png,340.09,0,0.40475642681121826,4
train_05230.png,68.78,1,0.10772385448217392,1
train_05231.png,328.08,0,0.2212035208940506,4
train_05232.png,312.71,1,0.07492303103208542,3
train_05233.png,122.0,1,0.7248644232749939,1
train_05234.png,23.98,1,0.7642810344696045,4
train_05235.png,116.82,0,0.8311615586280823,0
train_05236.png,337.89,0,0.04044898599386215,1
train_05237.png,75.51,1,0.8486345410346985,0
train_05238.png,333.39,1,0.011890038847923279,2
train_05239.png,203.0,1,0.47636842727661133,2
train_05240.png,277.48,1,0.6351904273033142,4
train_05241.png,293.09,0,0.7058959603309631,3
train_05242.png,154.52,1,0.5755167603492737,1
train_05243.png,244.22,1,0.9457179307937622,1
train_05244.png,195.48,1,0.923181414604187,0
train_05245.png,100.8,1,0.876865029335022,0
train_05246.png,248.85,1,0.484732061624527,4
train_05247.png,346.82,1,0.25082680583000183,4
train_05248.png,298.71,0,0.032431602478027344,2
train_05249.png,234.76,1,0.9952749013900757,2
train_05250.png,19.97,1,0.834968090057373,1
train_05251.png,154.02,1,0.9855051636695862,3
train_05252.png,300.69,1,0.30608296394348145,4
train_05253.png,4.16,1,0.42372986674308777,4
train_05254.png,144.25,1,0.36577126383781433,1
train_05255.png,174.31,0,0.8689243793487549,4
train_05256.png,194.91,1,0.6483776569366455,1
train_05257.png,279.41,1,0.1725081503391266,0
train_05258.png,130.82,1,0.8505110144615173,0
train_05259.png,216.95,1,0.9815467596054077,4
train_05260.png,184.12,1,0.8435894846916199,1
train_05261.png,309.96,0,0.19196279346942902,2
train_05262.png,323.86,0,0.21988964080810547,4
train_05263.png,159.41,0,0.9183077216148376,2
train_05264.png,222.52,0,0.6073683500289917,2
train_05265.png,119.12,1,0.854788064956665,4
train_05266.png,106.59,1,0.7731812000274658,1
train_05267.png,275.12,1,0.7855346202850342,3
train_05268.png,309.91,1,0.13462422788143158,3
train_05269.png,292.24,0,0.5245187282562256,4
train_05270.png,68.69,1,0.8424626588821411,4
train_05271.png,5.03,1,0.5814285278320312,3
train_05272.png,351.22,1,0.22597137093544006,1
train_05273.png,85.33,1,0.783101499080658,1
train_05274.png,125.76,1,0.843483567237854,4
train_05275.png,307.18,0,0.3935186564922333,4
train_05276.png,70.65,0,0.9715949296951294,3
train_05277.png,348.18,1,0.21417997777462006,4
train_05278.png,351.82,0,0.17646141350269318,1
train_05279.png,263.66,0,0.8197299242019653,3
train_05280.png,262.66,0,0.18705885112285614,2
train_05281.png,197.19,1,0.8092278242111206,0
train_05282.png,30.14,1,0.9645730257034302,0
train_05283.png,176.98,1,0.9991880059242249,2
train_05284.png,11.2,1,0.37880048155784607,0
train_05285.png,28.81,1,0.8391796946525574,3
train_05286.png,212.76,1,0.6489028930664062,2
train_05287.png,156.02,1,0.8712830543518066,4
train_05288.png,19.22,1,0.8750337958335876,1
train_05289.png,297.19,0,0.26856228709220886,4
train_05290.png,202.09,0,0.9880083799362183,2
train_05291.png,178.5,1,0.9669973254203796,3
train_05292.png,341.99,1,0.19000114500522614,3
train_05293.png,232.26,0,0.47970879077911377,0
train_05294.png,107.54,0,0.8785910606384277,0
train_05295.png,195.15,1,0.8811535239219666,0
train_05296.png,162.26,1,0.849656879901886,1
train_05297.png,196.38,1,0.47720447182655334,3
train_05298.png,324.87,0,0.0970148891210556,2
train_05299.png,167.02,1,0.8161948919296265,4
train_05300.png,303.71,1,0.2210327386856079,4
train_05301.png,306.22,1,0.1474156677722931,1
train_05302.png,130.43,1,0.5399156808853149,4
train_05303.png,295.06,0,0.035781409591436386,0
train_05304.png,207.53,1,0.9887627959251404,2
train_05305.png,192.98,1,0.860676646232605,0
train_05306.png,53.87,1,0.6227977275848389,4
train_05307.png,142.15,1,0.9095509052276611,3
train_05308.png,276.9,0,0.19066983461380005,2
train_05309.png,201.84,0,0.696264386177063,3
train_05310.png,335.92,0,0.5528677105903625,2
train_05311.png,303.16,0,0.4042074978351593,0
train_05312.png,342.14,1,0.20435170829296112,4
train_05313.png,156.74,1,0.9976401329040527,3
train_05314.png,284.37,1,0.6688510775566101,4
train_05315.png,189.83,1,0.7860794067382812,0
train_05316.png,165.92,1,0.9369907379150391,4
train_05317.png,163.87,1,0.7506513595581055,0
train_05318.png,290.19,0,0.31693321466445923,2
train_05319.png,217.18,1,0.8941208720207214,1
train_05320.png,329.65,1,0.32679855823516846,3
train_05321.png,87.86,1,0.467362642288208,4
train_05322.png,322.14,0,0.16024969518184662,1
train_05323.png,203.93,1,0.9241251349449158,2
train_05324.png,215.94,1,0.911725640296936,2
train_05325.png,335.79,0,0.08865778148174286,0
train_05326.png,298.05,0,0.053729038685560226,0
train_05327.png,259.52,0,0.6965303421020508,4
train_05328.png,179.33,1,0.9980837106704712,2
train_05329.png,342.74,0,0.07084374874830246,3
train_05330.png,331.47,0,0.1840868443250656,0
train_05331.png,358.18,1,0.20107130706310272,2
train_05332.png,351.21,1,0.36745452880859375,4
train_05333.png,18.84,0,0.5428155064582825,3
train_05334.png,165.62,1,0.44951051473617554,0
train_05335.png,260.03,1,0.5199545621871948,3
train_05336.png,302.0,0,0.04903535172343254,0
train_05337.png,221.83,1,0.7192016243934631,1
train_05338.png,331.03,0,0.45504793524742126,3
train_05339.png,187.23,1,0.8789108395576477,2
train_05340.png,321.31,0,0.14795660972595215,4
train_05341.png,291.76,0,0.417178213596344,4
train_05342.png,259.8,1,0.5970284342765808,2
train_05343.png,330.57,0,0.30543941259384155,1
train_05344.png,237.57,1,0.9420958757400513,0
train_05345.png,253.09,1,0.7404667139053345,3
train_05346.png,236.21,1,0.6319255232810974,4
train_05347.png,61.03,1,0.24553577601909637,0
train_05348.png,36.05,1,0.4935884177684784,4
train_05349.png,272.38,1,0.3134031295776367,0
train_05350.png,86.51,1,0.6829743385314941,0
train_05351.png,6.32,1,0.9855009913444519,3
train_05352.png,336.68,1,0.08341775834560394,2
train_05353.png,292.43,0,0.6425110101699829,4
train_05354.png,5.58,1,0.6688823699951172,2
train_05355.png,225.45,0,0.9930114150047302,2
train_05356.png,279.08,0,0.20701979100704193,0
train_05357.png,11.22,0,0.5334036350250244,0
train_05358.png,164.53,1,0.9598912596702576,3
train_05359.png,337.41,1,0.08224804699420929,0
train_05360.png,206.62,1,0.852487325668335,0
train_05361.png,322.25,1,0.26179295778274536,2
train_05362.png,269.42,1,0.49025508761405945,0
train_05363.png,305.12,1,0.04651465639472008,2
train_05364.png,350.5,1,0.42859435081481934,0
train_05365.png,309.43,1,0.10013121366500854,3
train_05366.png,248.45,1,0.9429970979690552,3
train_05367.png,61.08,1,0.9335241913795471,2
train_05368.png,338.75,0,0.40313565731048584,1
train_05369.png,278.96,0,0.4580155611038208,3
train_05370.png,358.36,0,0.632709801197052,4
train_05371.png,275.42,1,0.2829396724700928,3
train_05372.png,277.53,0,0.3052643835544586,0
train_05373.png,184.35,1,0.8932706117630005,3
train_05374.png,314.42,0,0.01222238503396511,0
train_05375.png,329.57,1,0.41116082668304443,1
train_05376.png,327.21,0,0.21347644925117493,0
train_05377.png,45.9,0,0.5719003677368164,4
train_05378.png,356.08,1,0.5580047965049744,0
train_05379.png,169.38,1,0.9332297444343567,4
train_05380.png,193.43,1,0.5403808355331421,2
train_05381.png,346.14,0,0.6923981308937073,1
train_05382.png,342.3,1,0.13724692165851593,1
train_05383.png,348.79,1,0.2063741534948349,0
train_05384.png,253.74,1,0.8091337084770203,0
train_05385.png,325.94,0,0.1663913130760193,1
train_05386.png,189.73,0,0.9073660373687744,4
train_05387.png,145.07,1,0.993623673915863,2
train_05388.png,225.94,1,0.8301710486412048,1
train_05389.png,345.6,0,0.14359824359416962,2
train_05390.png,166.62,1,0.7801708579063416,2
train_05391.png,192.83,1,0.8786971569061279,0
train_05392.png,347.62,0,0.21726471185684204,1
train_05393.png,146.74,1,0.6933984160423279,1
train_05394.png,206.61,1,0.7607083320617676,0
train_05395.png,82.14,1,0.9777699112892151,3
train_05396.png,349.24,0,0.8394772410392761,2
train_05397.png,14.45,1,0.945293128490448,3
train_05398.png,298.87,1,0.33330288529396057,0
train_05399.png,172.5,1,0.8295184373855591,3
train_05400.png,276.2,0,0.15652619302272797,1
train_05401.png,273.89,1,0.37400779128074646,2
train_05402.png,129.02,1,0.4274905323982239,1
train_05403.png,257.08,1,0.2760869264602661,1
train_05404.png,177.84,1,0.9330921769142151,0
train_05405.png,289.28,0,0.07643917202949524,2
train_05406.png,49.86,1,0.5909199118614197,2
train_05407.png,241.16,1,0.977699875831604,2
train_05408.png,208.52,1,0.7392776012420654,0
train_05409.png,203.83,1,0.031778063625097275,3
train_05410.png,137.89,1,0.8899226784706116,3
train_05411.png,322.4,0,0.08049710094928741,2
train_05412.png,281.08,0,0.25006213784217834,0
train_05413.png,289.01,0,0.16367141902446747,4
train_05414.png,39.73,1,0.668415367603302,3
train_05415.png,79.74,0,0.8626034259796143,0
train_05416.png,137.5,0,0.9379778504371643,3
train_05417.png,58.09,0,0.661975085735321,4
train_05418.png,225.95,1,0.9067363739013672,0
train_05419.png,334.15,0,0.2024211287498474,4
train_05420.png,194.1,0,0.4758778512477875,2
train_05421.png,311.53,1,0.23022370040416718,2
train_05422.png,273.95,1,0.3963811695575714,4
train_05423.png,111.98,1,0.5951584577560425,3
train_05424.png,96.21,1,0.7505189180374146,1
train_05425.png,236.95,1,0.8717074394226074,4
train_05426.png,291.48,0,0.4343484342098236,4
train_05427.png,71.13,1,0.8450183868408203,1
train_05428.png,353.07,0,0.033078648149967194,3
train_05429.png,310.24,0,0.10841134190559387,1
train_05430.png,47.36,0,0.9846641421318054,3
train_05431.png,332.58,1,0.16172799468040466,1
train_05432.png,129.54,1,0.8282994627952576,1
train_05433.png,356.63,0,0.25790268182754517,1
train_05434.png,32.89,1,0.8175250887870789,0
train_05435.png,220.35,1,0.8776569366455078,1
train_05436.png,342.27,0,0.7580665349960327,3
train_05437.png,36.29,1,0.9062404036521912,2
train_05438.png,181.1,1,0.507775604724884,0
train_05439.png,291.84,1,0.05830126628279686,3
train_05440.png,111.6,1,0.9922959208488464,2
train_05441.png,321.87,0,0.5297418832778931,2
train_05442.png,263.96,1,0.03977999463677406,2
train_05443.png,289.51,0,0.01418390218168497,2
train_05444.png,59.45,1,0.7485576868057251,4
train_05445.png,224.55,1,0.9374725818634033,2
train_05446.png,324.33,0,0.26301565766334534,3
train_05447.png,65.84,1,0.7597121596336365,2
train_05448.png,36.39,1,0.8333582878112793,0
train_05449.png,102.84,1,0.28595292568206787,2
train_05450.png,239.95,1,0.657018780708313,1
train_05451.png,127.14,1,0.9890979528427124,3
train_05452.png,29.39,0,0.9999222755432129,3
train_05453.png,358.79,0,0.2885546088218689,1
train_05454.png,202.92,1,0.9594781398773193,4
train_05455.png,350.28,0,0.025426503270864487,2
train_05456.png,323.51,0,0.008122607134282589,0
train_05457.png,352.6,1,0.10689076781272888,0
train_05458.png,167.19,1,0.42216381430625916,4
train_05459.png,83.57,1,0.9558049440383911,3
train_05460.png,332.14,0,0.16826209425926208,1
train_05461.png,332.89,0,0.3375801146030426,2
train_05462.png,67.08,1,0.685555100440979,4
train_05463.png,92.83,1,0.4259502589702606,2
train_05464.png,277.79,0,0.069565549492836,0
train_05465.png,330.62,0,0.06128786504268646,2
train_05466.png,251.71,1,0.7389109134674072,4
train_05467.png,302.87,1,0.2364315241575241,0
train_05468.png,241.13,1,0.7193025350570679,1
train_05469.png,354.57,0,0.35450759530067444,4
train_05470.png,164.34,1,0.7442086338996887,1
train_05471.png,299.13,1,0.2239280492067337,3
train_05472.png,306.34,1,0.5513155460357666,2
train_05473.png,125.81,1,0.6959929466247559,4
train_05474.png,76.63,1,0.987570583820343,2
train_05475.png,160.84,1,0.74693363904953,1
train_05476.png,127.61,1,0.9180123805999756,2
train_05477.png,339.24,1,0.02899068221449852,2
train_05478.png,277.26,0,0.2102094441652298,1
train_05479.png,123.46,1,0.8207743167877197,2
train_05480.png,166.27,1,0.9821617603302002,2
train_05481.png,270.43,1,0.12898612022399902,3
train_05482.png,323.36,1,0.06813154369592667,2
train_05483.png,174.49,0,0.9362182021141052,0
train_05484.png,106.4,1,0.9094706177711487,3
train_05485.png,270.28,0,0.6627463698387146,0
train_05486.png,329.29,1,0.00872014369815588,3
train_05487.png,220.08,1,0.7294455766677856,1
train_05488.png,280.56,1,0.6800423264503479,3
train_05489.png,40.91,1,0.4793471693992615,4
train_05490.png,229.07,1,0.9262932538986206,4
train_05491.png,144.21,1,0.9968281388282776,2
train_05492.png,290.69,0,0.05136817321181297,2
train_05493.png,50.11,1,0.676418125629425,1
train_05494.png,225.14,1,0.9688441157341003,4
train_05495.png,299.3,1,0.04954040050506592,1
train_05496.png,147.88,1,0.38041600584983826,1
train_05497.png,221.06,1,0.9157401919364929,4
train_05498.png,78.01,1,0.9251393675804138,2
train_05499.png,30.06,0,0.948701798915863,0
train_05500.png,52.87,1,0.9833768606185913,2
train_05501.png,264.19,1,0.5377166867256165,4
train_05502.png,328.45,0,0.04959021881222725,0
train_05503.png,197.51,1,0.99207603931427,2
train_05504.png,337.14,0,0.05240875110030174,4
train_05505.png,127.35,1,0.6851635575294495,4
train_05506.png,148.87,1,0.5544618964195251,3
train_05507.png,303.8,0,0.2726459801197052,2
train_05508.png,334.26,0,0.3375178575515747,3
train_05509.png,336.77,0,0.022168738767504692,3
train_05510.png,345.57,0,0.12770472466945648,3
train_05511.png,105.25,1,0.5053224563598633,1
train_05512.png,263.19,1,0.9476729035377502,3
train_05513.png,316.95,0,0.40677767992019653,4
train_05514.png,189.72,0,0.9808620810508728,3
train_05515.png,323.2,1,0.25150415301322937,0
train_05516.png,273.67,1,0.7089945673942566,0
train_05517.png,51.76,1,0.6621705889701843,3
train_05518.png,206.19,1,0.6559900641441345,1
train_05519.png,265.92,1,0.022994698956608772,3
train_05520.png,211.93,1,0.959771454334259,0
train_05521.png,132.61,1,0.7728891372680664,0
train_05522.png,142.43,1,0.9117541909217834,0
train_05523.png,342.31,0,0.07633557170629501,2
train_05524.png,77.08,1,0.928392231464386,4
train_05525.png,66.15,1,0.7544410824775696,1
train_05526.png,210.64,1,0.6551008224487305,1
train_05527.png,91.26,1,0.9998844861984253,2
train_05528.png,249.71,1,0.4852823317050934,0
train_05529.png,277.11,0,0.06366273015737534,1
train_05530.png,294.11,0,0.21699340641498566,2
train_05531.png,192.8,0,0.9091346263885498,0
train_05532.png,279.31,0,0.3007843494415283,4
train_05533.png,125.81,1,0.40686970949172974,0
train_05534.png,327.31,0,0.2983495891094208,4
train_05535.png,324.42,0,0.032319601625204086,0
train_05536.png,295.65,0,0.055702630430459976,0
train_05537.png,266.8,1,0.4891752004623413,3
train_05538.png,186.8,1,0.619715690612793,0
train_05539.png,157.8,1,0.9896801114082336,3
train_05540.png,183.09,0,0.9226788878440857,2
train_05541.png,108.34,1,0.953890323638916,4
train_05542.png,315.58,0,0.09264756739139557,4
train_05543.png,63.76,1,0.7391598224639893,1
train_05544.png,359.77,0,0.5782180428504944,4
train_05545.png,350.55,0,0.3844000995159149,3
train_05546.png,351.22,0,0.21932964026927948,1
train_05547.png,329.5,0,0.23471121490001678,1
train_05548.png,49.37,0,0.5094579458236694,1
train_05549.png,297.01,1,0.13016097247600555,3
train_05550.png,329.36,0,0.0894671082496643,2
train_05551.png,0.48,1,0.4713473320007324,1
train_05552.png,272.43,0,0.34582608938217163,1
train_05553.png,287.03,0,0.1146683469414711,4
train_05554.png,259.44,1,0.29700952768325806,0
train_05555.png,290.98,0,0.10946664214134216,4
train_05556.png,297.26,0,0.2653653919696808,4
train_05557.png,133.75,1,0.7284783720970154,1
train_05558.png,333.1,0,0.13150355219841003,0
train_05559.png,354.55,0,0.30190742015838623,4
train_05560.png,12.59,1,0.7357479929924011,3
train_05561.png,287.21,0,0.010879003442823887,3
train_05562.png,348.55,0,0.3984394669532776,0
train_05563.png,131.76,1,0.5098556876182556,0
train_05564.png,50.02,1,0.9323357343673706,1
train_05565.png,272.36,1,0.20564144849777222,2
train_05566.png,290.13,0,0.22858944535255432,3
train_05567.png,300.36,0,0.09446733444929123,4
train_05568.png,53.27,0,0.8839213252067566,3
train_05569.png,353.77,0,0.6432884931564331,3
train_05570.png,288.92,1,0.9453079700469971,3
train_05571.png,181.16,1,0.7587819695472717,4
train_05572.png,80.11,1,0.887942910194397,4
train_05573.png,298.34,0,0.017015306279063225,3
train_05574.png,111.52,0,0.9457194209098816,3
train_05575.png,271.9,0,0.08093240112066269,2
train_05576.png,304.28,0,0.14765560626983643,2
train_05577.png,142.06,1,0.9963746666908264,2
train_05578.png,328.06,1,0.19788077473640442,4
train_05579.png,291.06,1,0.20092757046222687,4
train_05580.png,14.03,1,0.8564853668212891,1
train_05581.png,180.25,1,0.6657511591911316,1
train_05582.png,53.73,1,0.3500061631202698,1
train_05583.png,258.57,1,0.8669691681861877,1
train_05584.png,225.54,1,0.8660556674003601,0
train_05585.png,205.81,1,0.9477206468582153,4
train_05586.png,305.68,0,0.10101073980331421,0
train_05587.png,229.16,1,0.540031373500824,3
train_05588.png,65.15,1,0.9926114678382874,2
train_05589.png,279.52,0,0.0730995163321495,0
train_05590.png,274.9,0,0.042711496353149414,3
train_05591.png,288.69,0,0.05332523584365845,0
train_05592.png,209.2,1,0.777955949306488,0
train_05593.png,168.69,1,0.9463818073272705,3
train_05594.png,14.2,1,0.5439037680625916,0
train_05595.png,106.95,1,0.8643307089805603,0
train_05596.png,70.5,1,0.8611692190170288,0
train_05597.png,295.65,0,0.7732973694801331,3
train_05598.png,316.44,1,0.40224945545196533,2
train_05599.png,289.28,1,0.19455432891845703,3
train_05600.png,20.5,1,0.9615566730499268,2
train_05601.png,359.57,0,0.20149540901184082,2
train_05602.png,106.06,1,0.7956883311271667,0
train_05603.png,145.35,1,0.999717652797699,2
train_05604.png,296.28,0,0.5669420957565308,3
train_05605.png,93.57,0,0.9366928339004517,1
train_05606.png,98.46,1,0.9817257523536682,2
train_05607.png,311.02,1,0.027092181146144867,3
train_05608.png,166.86,1,0.3678302466869354,1
train_05609.png,348.67,0,0.3562752902507782,4
train_05610.png,289.53,0,0.08815015107393265,1
train_05611.png,314.96,1,0.028164567425847054,1
train_05612.png,17.18,1,0.7303101420402527,1
train_05613.png,319.47,0,0.06926244497299194,3
train_05614.png,72.61,1,0.8683048486709595,1
train_05615.png,186.07,1,0.7927995920181274,4
train_05616.png,306.21,0,0.07152961194515228,3
train_05617.png,105.06,1,0.40471604466438293,1
train_05618.png,105.09,1,0.9809519648551941,2
train_05619.png,22.58,1,0.8858759999275208,3
train_05620.png,206.8,1,0.9306575059890747,4
train_05621.png,203.63,1,0.6753115653991699,0
train_05622.png,297.83,0,0.08191532641649246,2
train_05623.png,15.95,1,0.5138333439826965,1
train_05624.png,82.83,1,0.6110615730285645,1
train_05625.png,307.05,1,0.11731667071580887,2
train_05626.png,327.24,0,0.0026506821159273386,2
train_05627.png,89.53,1,0.9636399149894714,2
train_05628.png,335.95,0,0.010942523367702961,3
train_05629.png,181.49,1,0.3142023980617523,2
train_05630.png,46.11,1,0.9803338646888733,4
train_05631.png,203.69,1,0.7183873653411865,4
train_05632.png,298.32,0,0.13794632256031036,4
train_05633.png,185.11,1,0.8009356260299683,0
train_05634.png,342.65,0,0.11947187781333923,4
train_05635.png,334.08,1,0.21917864680290222,4
train_05636.png,247.67,1,0.9250246286392212,3
train_05637.png,325.0,1,0.09146115928888321,3
train_05638.png,294.96,1,0.08694082498550415,1
train_05639.png,301.74,0,0.13297197222709656,4
train_05640.png,274.47,1,0.28609034419059753,3
train_05641.png,356.44,0,0.7426437735557556,1
train_05642.png,342.54,0,0.5480305552482605,0
train_05643.png,40.26,1,0.726965606212616,4
train_05644.png,280.67,1,0.381000816822052,0
train_05645.png,123.64,1,0.8848058581352234,3
train_05646.png,254.49,1,0.8597326278686523,1
train_05647.png,332.38,0,0.2673460841178894,1
train_05648.png,296.27,0,0.06571543961763382,2
train_05649.png,208.28,1,0.902405858039856,1
train_05650.png,272.8,0,0.4344959855079651,3
train_05651.png,335.07,0,0.2560884356498718,2
train_05652.png,278.71,1,0.30390676856040955,0
train_05653.png,329.01,1,0.19004438817501068,2
train_05654.png,332.78,0,0.038333695381879807,2
train_05655.png,321.8,0,0.1581696718931198,1
train_05656.png,177.86,1,0.6320590972900391,4
train_05657.png,328.04,1,0.005924471653997898,2
train_05658.png,84.57,1,0.6696619987487793,1
train_05659.png,287.56,0,0.542366087436676,4
train_05660.png,221.68,1,0.8704590797424316,1
train_05661.png,161.77,1,0.8997302651405334,0
train_05662.png,93.24,1,0.7523161172866821,3
train_05663.png,328.97,0,0.41591590642929077,4
train_05664.png,297.45,1,0.06688223779201508,1
train_05665.png,316.77,0,0.13049688935279846,1
train_05666.png,290.61,0,0.13034528493881226,1
train_05667.png,299.7,1,0.914998471736908,3
train_05668.png,290.03,0,0.7643140554428101,4
train_05669.png,281.94,0,0.08980459719896317,0
train_05670.png,353.62,1,0.16873018443584442,1
train_05671.png,267.69,0,0.5669541358947754,0
train_05672.png,156.59,1,0.937080442905426,0
train_05673.png,0.12,1,0.10644882917404175,4
train_05674.png,286.9,0,0.5909880995750427,2
train_05675.png,209.72,1,0.9854090809822083,3
train_05676.png,173.32,1,0.529322624206543,3
train_05677.png,289.25,0,0.10729727894067764,0
train_05678.png,86.31,1,0.9977769255638123,2
train_05679.png,152.76,1,0.9660691022872925,4
train_05680.png,325.42,0,0.051330890506505966,1
train_05681.png,70.55,1,0.673014760017395,4
train_05682.png,60.34,1,0.9899853467941284,2
train_05683.png,78.29,1,0.4128674566745758,3
train_05684.png,193.77,1,0.887875497341156,0
train_05685.png,270.31,0,0.22640767693519592,4
train_05686.png,223.3,1,0.544441819190979,3
train_05687.png,294.15,1,0.38351330161094666,3
train_05688.png,209.06,1,0.7264455556869507,0
train_05689.png,329.47,1,0.650609016418457,2
train_05690.png,335.95,0,0.08375189453363419,4
train_05691.png,91.67,1,0.8644807934761047,4
train_05692.png,301.72,0,0.019902724772691727,1
train_05693.png,137.0,1,0.9983658194541931,2
train_05694.png,37.09,1,0.7277049422264099,0
train_05695.png,276.39,1,0.6346275806427002,0
train_05696.png,289.23,1,0.010164441540837288,0
train_05697.png,297.35,0,0.07805748283863068,2
train_05698.png,320.16,1,0.30197688937187195,4
train_05699.png,343.12,0,0.03082883730530739,3
train_05700.png,319.02,0,0.015894528478384018,0
train_05701.png,167.52,0,0.8465852737426758,2
train_05702.png,323.85,0,0.10832681506872177,4
train_05703.png,52.16,1,0.7450644969940186,0
train_05704.png,103.1,1,0.777074933052063,4
train_05705.png,305.99,0,0.21573758125305176,4
train_05706.png,119.51,1,0.9452595114707947,2
train_05707.png,275.95,0,0.026792217046022415,2
train_05708.png,150.39,1,0.5655998587608337,4
train_05709.png,77.43,1,0.43211302161216736,1
train_05710.png,340.0,0,0.5705965161323547,3
train_05711.png,320.08,0,0.3493204712867737,2
train_05712.png,299.84,0,0.04646920785307884,0
train_05713.png,294.28,0,0.1522563397884369,3
train_05714.png,24.7,1,0.5355647802352905,3
train_05715.png,57.99,1,0.5415436029434204,2
train_05716.png,310.38,0,0.20042137801647186,2
train_05717.png,314.49,0,0.3084222674369812,4
train_05718.png,351.82,0,0.8037954568862915,3
train_05719.png,341.25,1,0.13040077686309814,2
train_05720.png,184.12,1,0.8113813400268555,4
train_05721.png,348.88,0,0.4611251950263977,2
train_05722.png,259.09,1,0.4368039071559906,0
train_05723.png,357.41,0,0.2532597780227661,1
train_05724.png,302.84,1,0.05442778021097183,3
train_05725.png,30.74,1,0.7675520181655884,4
train_05726.png,278.22,0,0.06877051293849945,3
train_05727.png,296.11,0,0.047749750316143036,1
train_05728.png,339.94,0,0.21488049626350403,0
train_05729.png,302.11,0,0.426554799079895,4
train_05730.png,126.26,1,0.9057188630104065,2
train_05731.png,280.27,1,0.3806470036506653,0
train_05732.png,304.21,0,0.055620092898607254,2
train_05733.png,6.92,1,0.9616732001304626,2
train_05734.png,85.72,0,0.9211443066596985,1
train_05735.png,346.86,0,0.016705308109521866,0
train_05736.png,274.82,1,0.07835253328084946,1
train_05737.png,356.82,0,0.23391833901405334,4
train_05738.png,69.01,1,0.8142805099487305,1
train_05739.png,153.69,0,0.7635225653648376,1
train_05740.png,215.17,1,0.9888534545898438,3
train_05741.png,136.33,1,0.6174799203872681,0
train_05742.png,294.79,0,0.07850383967161179,1
train_05743.png,329.86,1,0.2527787983417511,0
train_05744.png,322.17,1,0.12716063857078552,0
train_05745.png,180.32,0,0.9915456175804138,2
train_05746.png,329.58,0,0.3469097912311554,1
train_05747.png,87.23,1,0.5525026321411133,0
train_05748.png,307.08,1,0.0483834408223629,0
train_05749.png,353.69,0,0.011219745501875877,2
train_05750.png,346.48,0,0.5773471593856812,3
train_05751.png,182.3,1,0.6121123433113098,0
train_05752.png,176.23,1,0.9385738372802734,2
train_05753.png,150.93,1,0.8786019086837769,0
train_05754.png,304.63,0,0.06386550515890121,1
train_05755.png,259.89,1,0.9279363751411438,3
train_05756.png,130.62,1,0.9456903338432312,0
train_05757.png,290.16,0,0.1562132090330124,1
train_05758.png,320.7,0,0.5890137553215027,3
train_05759.png,300.51,1,0.1793876439332962,4
train_05760.png,333.44,1,0.18918940424919128,1
train_05761.png,54.29,1,0.9382427334785461,4
train_05762.png,335.38,1,0.6599061489105225,3
train_05763.png,357.1,1,0.34278011322021484,1
train_05764.png,284.02,0,0.3331921398639679,4
train_05765.png,323.48,0,0.08263883739709854,3
train_05766.png,256.29,1,0.7077705264091492,4
train_05767.png,163.14,1,0.6910399794578552,1
train_05768.png,291.71,1,0.22860488295555115,0
train_05769.png,5.44,1,0.5812616944313049,0
train_05770.png,275.04,1,0.07706614583730698,2
train_05771.png,288.92,0,0.748375415802002,2
train_05772.png,301.12,0,0.1300962269306183,0
train_05773.png,31.44,1,0.988219141960144,0
train_05774.png,35.13,1,0.8707156777381897,3
train_05775.png,245.68,1,0.6743771433830261,0
train_05776.png,143.27,1,0.6589460372924805,0
train_05777.png,313.25,1,0.21731771528720856,3
train_05778.png,348.13,0,0.4388745129108429,2
train_05779.png,303.53,0,0.2555573880672455,1
train_05780.png,341.01,0,0.12490026652812958,0
train_05781.png,74.52,1,0.9812085628509521,2
train_05782.png,162.48,1,0.667178750038147,1
train_05783.png,66.08,1,0.42949771881103516,1
train_05784.png,359.43,0,0.7296143770217896,2
train_05785.png,23.18,1,0.8322048187255859,4
train_05786.png,286.13,0,0.008119998499751091,3
train_05787.png,151.08,1,0.7452690005302429,0
train_05788.png,262.45,1,0.6635079383850098,3
train_05789.png,172.67,1,0.9953460097312927,2
train_05790.png,67.8,1,0.988204836845398,3
train_05791.png,298.88,0,0.08972962945699692,0
train_05792.png,41.29,1,0.9575318098068237,0
train_05793.png,256.54,1,0.2129751294851303,3
train_05794.png,251.78,1,0.9128568768501282,1
train_05795.png,311.43,0,0.09869596362113953,0
train_05796.png,291.17,0,0.040641721338033676,0
train_05797.png,283.46,0,0.06700600683689117,2
train_05798.png,189.88,1,0.9822598099708557,3
train_05799.png,44.02,1,0.20880401134490967,2
train_05800.png,265.1,1,0.3460851013660431,3
train_05801.png,114.15,1,0.896499752998352,0
train_05802.png,294.11,1,0.14809973537921906,0
train_05803.png,273.03,0,0.09989842027425766,0
train_05804.png,195.01,1,0.9528768062591553,4
train_05805.png,143.37,1,0.9291162490844727,0
train_05806.png,254.57,1,0.8925400972366333,3
train_05807.png,332.13,0,0.11681137979030609,1
train_05808.png,346.19,0,0.06896462291479111,3
train_05809.png,320.51,0,0.034056276082992554,1
train_05810.png,98.42,1,0.6694523692131042,2
train_05811.png,290.41,0,0.6846684217453003,3
train_05812.png,271.43,0,0.2967742085456848,4
train_05813.png,23.01,1,0.43856513500213623,1
train_05814.png,27.1,1,0.21158449351787567,2
train_05815.png,333.57,0,0.11637862771749496,4
train_05816.png,27.4,1,0.9229238629341125,4
train_05817.png,109.6,1,0.5651447772979736,1
train_05818.png,167.35,1,0.8716910481452942,2
train_05819.png,242.65,1,0.7982702851295471,2
train_05820.png,61.31,1,0.35151270031929016,3
train_05821.png,334.16,1,0.44704142212867737,3
train_05822.png,314.66,1,0.1462894082069397,1
train_05823.png,25.39,1,0.6707407236099243,4
train_05824.png,131.11,1,0.9815038442611694,4
train_05825.png,304.42,0,0.16463999450206757,3
train_05826.png,245.87,1,0.19134461879730225,0
train_05827.png,77.45,1,0.9250706434249878,4
train_05828.png,140.63,1,0.8397971987724304,1
train_05829.png,142.76,1,0.7734587788581848,0
train_05830.png,147.59,1,0.8602985739707947,3
train_05831.png,141.54,1,0.11007419228553772,0
train_05832.png,283.3,1,0.04536057263612747,2
train_05833.png,71.2,1,0.9495497345924377,4
train_05834.png,352.08,1,0.14044538140296936,4
train_05835.png,166.77,1,0.776634931564331,2
train_05836.png,290.7,1,0.31245410442352295,4
train_05837.png,61.91,1,0.5856584906578064,0
train_05838.png,303.63,0,0.4060087203979492,4
train_05839.png,117.92,1,0.5285507440567017,0
train_05840.png,220.61,0,0.8484063744544983,0
train_05841.png,278.01,0,0.25021764636039734,1
train_05842.png,32.35,1,0.5609728097915649,1
train_05843.png,96.96,1,0.5346592664718628,4
train_05844.png,275.82,0,0.26815101504325867,2
train_05845.png,100.54,1,0.9969921112060547,2
train_05846.png,166.99,1,0.6598154306411743,0
train_05847.png,279.65,0,0.16901016235351562,1
train_05848.png,50.68,1,0.1252812147140503,3
train_05849.png,62.19,1,0.6017825603485107,0
train_05850.png,268.23,1,0.34089604020118713,0
train_05851.png,262.06,0,0.06087407097220421,1
train_05852.png,140.7,1,0.6730135679244995,0
train_05853.png,151.47,1,0.7118222117424011,4
train_05854.png,73.6,1,0.7683826088905334,4
train_05855.png,277.23,0,0.3472040295600891,0
train_05856.png,300.58,0,0.1075679138302803,0
train_05857.png,294.92,1,0.027569400146603584,3
train_05858.png,166.44,0,0.5798371434211731,1
train_05859.png,250.57,0,0.14752545952796936,1
train_05860.png,112.35,1,0.5333244800567627,1
train_05861.png,242.47,1,0.5000622272491455,0
train_05862.png,324.42,0,0.007384395692497492,3
train_05863.png,85.2,1,0.8027904629707336,0
train_05864.png,352.48,1,0.42086103558540344,1
train_05865.png,289.6,0,0.23694005608558655,4
train_05866.png,317.85,0,0.07042708992958069,4
train_05867.png,12.63,1,0.6848514676094055,3
train_05868.png,289.59,0,0.10413932055234909,0
train_05869.png,296.98,1,0.14096413552761078,3
train_05870.png,346.42,1,0.10302963107824326,0
train_05871.png,285.53,0,0.27464523911476135,3
train_05872.png,43.11,0,0.9976640939712524,2
train_05873.png,340.1,0,0.14072062075138092,1
train_05874.png,349.7,0,0.33944347500801086,0
train_05875.png,313.39,0,0.03529806435108185,0
train_05876.png,32.29,1,0.8132485151290894,1
train_05877.png,298.35,0,0.25721070170402527,0
train_05878.png,129.21,1,0.9435468316078186,4
train_05879.png,207.75,1,0.7461311221122742,3
train_05880.png,322.1,1,0.028162503615021706,3
train_05881.png,309.15,0,0.16825610399246216,1
train_05882.png,46.47,1,0.6594425439834595,4
train_05883.png,323.21,0,0.09921485930681229,4
train_05884.png,323.97,0,0.21406181156635284,3
train_05885.png,33.72,0,0.7177085876464844,4
train_05886.png,358.9,0,0.31357240676879883,1
train_05887.png,285.91,0,0.07971174269914627,0
train_05888.png,7.38,1,0.6014820337295532,1
train_05889.png,39.39,1,0.9766389727592468,2
train_05890.png,327.18,0,0.03720742464065552,2
train_05891.png,42.13,1,0.49857673048973083,3
train_05892.png,29.64,1,0.6702117919921875,1
train_05893.png,13.41,1,0.527568519115448,4
train_05894.png,31.82,0,0.9986244440078735,2
train_05895.png,197.99,1,0.6996925473213196,3
train_05896.png,310.44,0,0.02042282558977604,3
train_05897.png,11.07,1,0.9407534003257751,2
train_05898.png,306.85,1,0.09718979895114899,1
train_05899.png,57.47,1,0.5065193772315979,1
train_05900.png,10.27,1,0.33606866002082825,4
train_05901.png,297.67,0,0.22566893696784973,3
train_05902.png,176.86,1,0.9356569647789001,4
train_05903.png,285.72,1,0.03018472157418728,1
train_05904.png,351.37,0,0.5675090551376343,3
train_05905.png,269.15,1,0.07367315888404846,0
train_05906.png,347.98,1,0.08688975870609283,0
train_05907.png,19.2,1,0.3096192479133606,3
train_05908.png,277.19,0,0.5928415060043335,0
train_05909.png,301.0,0,0.44933706521987915,0
train_05910.png,309.03,0,0.43646159768104553,4
train_05911.png,341.99,0,0.6110520362854004,3
train_05912.png,330.03,0,0.01256830245256424,3
train_05913.png,40.07,1,0.2858811318874359,1
train_05914.png,38.38,0,0.9711378216743469,2
train_05915.png,302.73,0,0.13170431554317474,0
train_05916.png,152.59,1,0.7977654933929443,0
train_05917.png,219.49,1,0.5347613096237183,1
train_05918.png,281.34,1,0.024202656000852585,3
train_05919.png,292.06,1,0.002058587968349457,3
train_05920.png,198.47,0,0.9104443192481995,2
train_05921.png,244.28,1,0.8023749589920044,4
train_05922.png,272.27,1,0.31633296608924866,3
train_05923.png,184.53,1,0.9234924912452698,2
train_05924.png,241.42,1,0.3482820987701416,3
train_05925.png,289.11,0,0.1993887722492218,2
train_05926.png,189.64,1,0.9407294988632202,4
train_05927.png,128.15,0,0.995205283164978,2
train_05928.png,101.07,1,0.9862348437309265,2
train_05929.png,136.77,1,0.9621976017951965,2
train_05930.png,185.13,1,0.9727166295051575,2
train_05931.png,180.27,1,0.7466297745704651,0
train_05932.png,303.19,0,0.7885493040084839,2
train_05933.png,43.62,0,0.6753324866294861,1
train_05934.png,196.32,1,0.9769040942192078,3
train_05935.png,310.89,0,0.4014592468738556,4
train_05936.png,314.47,0,0.05509518086910248,1
train_05937.png,252.17,1,0.4647352993488312,1
train_05938.png,120.67,0,0.9661422967910767,4
train_05939.png,321.3,1,0.05308624356985092,0
train_05940.png,316.07,0,0.10708014667034149,0
train_05941.png,119.41,1,0.5936740040779114,0
train_05942.png,25.13,1,0.7269459366798401,4
train_05943.png,245.41,1,0.8375253677368164,3
train_05944.png,240.21,1,0.9110597372055054,4
train_05945.png,323.77,1,0.062295835465192795,4
train_05946.png,336.12,0,0.26995569467544556,0
train_05947.png,283.03,1,0.14095796644687653,4
train_05948.png,309.01,1,0.043997105211019516,3
train_05949.png,304.53,0,0.1625499278306961,1
train_05950.png,180.13,0,0.7846261858940125,4
train_05951.png,290.77,0,0.04178578406572342,2
train_05952.png,98.11,1,0.5738648176193237,4
train_05953.png,252.97,1,0.7287173867225647,4
train_05954.png,103.46,1,0.6832059025764465,0
train_05955.png,117.14,1,0.5422112941741943,1
train_05956.png,201.07,1,0.6350228786468506,4
train_05957.png,270.29,1,0.08410971611738205,1
train_05958.png,320.29,0,0.15837429463863373,1
train_05959.png,135.7,1,0.6941080093383789,4
train_05960.png,270.42,0,0.19294677674770355,2
train_05961.png,308.72,1,0.025066722184419632,2
train_05962.png,280.27,0,0.135000541806221,0
train_05963.png,13.65,1,0.3554704487323761,2
train_05964.png,300.11,0,0.0840744748711586,1
train_05965.png,38.29,1,0.5363023281097412,1
train_05966.png,286.36,1,0.046226393431425095,3
train_05967.png,238.94,1,0.8067285418510437,0
train_05968.png,240.12,1,0.6489760279655457,2
train_05969.png,153.83,1,0.9056795835494995,0
train_05970.png,271.74,0,0.7878373265266418,4
train_05971.png,349.94,0,0.16972629725933075,1
train_05972.png,105.62,1,0.7941853404045105,4
train_05973.png,357.96,0,0.49033674597740173,0
train_05974.png,278.2,0,0.08851828426122665,1
train_05975.png,205.0,1,0.9769728183746338,4
train_05976.png,231.75,1,0.9982059001922607,3
train_05977.png,77.84,1,0.6191911101341248,4
train_05978.png,354.95,1,0.09661398828029633,3
train_05979.png,298.51,0,0.060213856399059296,1
train_05980.png,40.85,1,0.9911800026893616,3
train_05981.png,330.25,1,0.10096980631351471,1
train_05982.png,325.23,0,0.02812192775309086,3
train_05983.png,131.89,0,0.8244600296020508,1
train_05984.png,212.79,1,0.8983368277549744,3
train_05985.png,300.69,0,0.2896575629711151,3
train_05986.png,326.59,0,0.14150530099868774,4
train_05987.png,123.15,1,0.9364196062088013,4
train_05988.png,271.82,0,0.7093721032142639,3
train_05989.png,340.44,0,0.10842620581388474,2
train_05990.png,277.21,1,0.04129963740706444,0
train_05991.png,85.35,1,0.997115969657898,3
train_05992.png,25.82,1,0.22388465702533722,1
train_05993.png,309.29,0,0.11070670932531357,1
train_05994.png,283.78,0,0.31285184621810913,3
train_05995.png,75.83,1,0.8788959980010986,4
train_05996.png,301.8,1,0.10521166026592255,3
train_05997.png,245.52,1,0.6989650726318359,4
train_05998.png,353.23,0,0.5855954885482788,1
train_05999.png,304.76,0,0.3071568012237549,4
train_06000.png,350.3,0,0.2141556441783905,0
train_06001.png,75.71,0,0.6992502808570862,3
train_06002.png,146.65,0,0.8653777837753296,2
train_06003.png,309.53,0,0.02463555708527565,0
train_06004.png,296.16,0,0.6175892353057861,2
train_06005.png,255.66,1,0.5349114537239075,0
train_06006.png,352.81,0,0.160569429397583,2
train_06007.png,349.55,1,0.19728071987628937,0
train_06008.png,42.45,1,0.950290322303772,2
train_06009.png,219.66,1,0.9681582450866699,2
train_06010.png,165.64,0,0.7479057908058167,4
train_06011.png,335.85,0,0.08473756164312363,3
train_06012.png,272.97,0,0.3899301290512085,1
train_06013.png,284.26,0,0.15346285700798035,3
train_06014.png,225.24,1,0.33580777049064636,3
train_06015.png,356.11,1,0.13732479512691498,0
train_06016.png,69.13,0,0.8229984641075134,0
train_06017.png,89.0,0,0.7483597993850708,4
train_06018.png,313.19,0,0.07711211591959,1
train_06019.png,178.64,1,0.8814719319343567,1
train_06020.png,302.92,0,0.36870211362838745,3
train_06021.png,329.57,1,0.2984616458415985,4
train_06022.png,35.47,1,0.6847596168518066,2
train_06023.png,342.09,0,0.7672768831253052,4
train_06024.png,99.8,1,0.9676199555397034,2
train_06025.png,351.31,0,0.658097505569458,4
train_06026.png,107.49,1,0.9279224276542664,0
train_06027.png,77.06,1,0.825533390045166,4
train_06028.png,291.01,1,0.14886121451854706,2
train_06029.png,323.5,1,0.0010727063054218888,3
train_06030.png,311.91,0,0.0452599935233593,4
train_06031.png,137.34,1,0.7038179039955139,2
train_06032.png,357.94,0,0.2400328814983368,2
train_06033.png,219.06,1,0.3864581882953644,1
train_06034.png,48.68,1,0.22767020761966705,0
train_06035.png,285.89,0,0.28861793875694275,3
train_06036.png,323.05,0,0.37398770451545715,4
train_06037.png,245.78,1,0.5585384964942932,0
train_06038.png,56.75,1,0.4513457119464874,4
train_06039.png,30.95,1,0.46704384684562683,4
train_06040.png,294.99,0,0.0882582813501358,2
train_06041.png,240.46,1,0.998936116695404,3
train_06042.png,228.6,1,0.8579424023628235,0
train_06043.png,341.61,0,0.06290685385465622,0
train_06044.png,288.79,0,0.5325570106506348,3
train_06045.png,130.73,1,0.9971116781234741,2
train_06046.png,227.78,0,0.9261584877967834,4
train_06047.png,340.53,0,0.27044880390167236,4
train_06048.png,281.33,0,0.23524200916290283,1
train_06049.png,142.39,1,0.8816622495651245,3
train_06050.png,289.37,0,0.11301963776350021,4
train_06051.png,347.05,0,0.3877018094062805,4
train_06052.png,352.04,1,0.2619355618953705,1
train_06053.png,321.87,0,0.12647077441215515,0
train_06054.png,165.74,1,0.8280850052833557,1
train_06055.png,311.2,0,0.32708820700645447,1
train_06056.png,186.29,1,0.8516668081283569,4
train_06057.png,68.78,0,0.9625325798988342,3
train_06058.png,173.41,1,0.5957685112953186,0
train_06059.png,99.33,1,0.12094886600971222,1
train_06060.png,209.74,1,0.783647894859314,3
train_06061.png,235.74,1,0.9218301177024841,4
train_06062.png,72.23,1,0.3531377613544464,0
train_06063.png,28.86,0,0.2737286388874054,3
train_06064.png,278.81,0,0.6111960411071777,2
train_06065.png,317.27,0,0.04419168084859848,0
train_06066.png,298.35,1,0.004103613086044788,3
train_06067.png,310.88,0,0.025100870057940483,2
train_06068.png,231.54,1,0.8259385228157043,3
train_06069.png,91.71,1,0.9998469352722168,2
train_06070.png,308.5,0,0.02764478698372841,1
train_06071.png,211.0,1,0.9897936582565308,4
train_06072.png,32.79,1,0.8133928775787354,1
train_06073.png,283.72,0,0.4453508257865906,4
train_06074.png,36.08,1,0.5686078667640686,2
train_06075.png,160.13,1,0.7857062816619873,0
train_06076.png,298.54,0,0.006894376594573259,3
train_06077.png,72.65,1,0.9865354895591736,2
train_06078.png,53.99,1,0.9970870614051819,2
train_06079.png,96.93,1,0.4313039183616638,1
train_06080.png,250.32,1,0.940349817276001,2
train_06081.png,11.78,1,0.8116773962974548,0
train_06082.png,310.39,0,0.08896247297525406,1
train_06083.png,15.95,1,0.30236613750457764,0
train_06084.png,201.56,1,0.7707194685935974,0
train_06085.png,134.03,0,0.8307265043258667,0
train_06086.png,272.29,0,0.5542216300964355,0
train_06087.png,233.88,1,0.9147207736968994,4
train_06088.png,329.25,0,0.1780659258365631,1
train_06089.png,281.07,0,0.46018993854522705,4
train_06090.png,71.87,1,0.8647586107254028,3
train_06091.png,346.6,0,0.2681333124637604,4
train_06092.png,125.13,1,0.9598706364631653,2
train_06093.png,68.83,1,0.4353450834751129,4
train_06094.png,91.17,1,0.6739095449447632,3
train_06095.png,181.13,0,0.7557053565979004,1
train_06096.png,317.25,0,0.08794552832841873,0
train_06097.png,329.28,1,0.19361360371112823,1
train_06098.png,260.57,1,0.6410053968429565,0
train_06099.png,233.54,1,0.9219919443130493,1
train_06100.png,282.84,0,0.030552081763744354,1
train_06101.png,59.6,1,0.42638322710990906,3
train_06102.png,171.25,1,0.97389155626297,3
train_06103.png,295.16,1,0.1404530107975006,1
train_06104.png,359.97,1,0.7929054498672485,3
train_06105.png,278.72,1,0.6002610325813293,4
train_06106.png,29.39,1,0.8561506867408752,2
train_06107.png,138.8,0,0.9878303408622742,3
train_06108.png,278.43,1,0.18830619752407074,0
train_06109.png,282.12,0,0.21181495487689972,1
train_06110.png,55.39,1,0.7777433395385742,1
train_06111.png,309.0,0,0.03390319272875786,0
train_06112.png,9.01,1,0.46222537755966187,2
train_06113.png,338.88,0,0.28914037346839905,3
train_06114.png,3.24,1,0.7500904202461243,2
train_06115.png,73.88,1,0.976783037185669,3
train_06116.png,356.22,0,0.5732716917991638,1
train_06117.png,130.75,0,0.8881409168243408,4
train_06118.png,202.85,1,0.9593543410301208,2
train_06119.png,53.43,1,0.8478096127510071,0
train_06120.png,232.36,1,0.9906726479530334,3
train_06121.png,25.36,1,0.855743408203125,4
train_06122.png,323.94,0,0.044443268328905106,2
train_06123.png,291.64,0,0.06050155311822891,1
train_06124.png,152.49,1,0.9909102320671082,2
train_06125.png,34.44,1,0.8252817988395691,3
train_06126.png,353.0,0,0.2570899426937103,2
train_06127.png,214.83,1,0.9853093028068542,2
train_06128.png,84.39,1,0.45163777470588684,0
train_06129.png,272.89,0,0.3357726037502289,3
train_06130.png,295.99,1,0.04568706452846527,4
train_06131.png,5.95,1,0.6961161494255066,2
train_06132.png,357.61,1,0.08770060539245605,2
train_06133.png,238.61,1,0.9686171412467957,3
train_06134.png,291.86,0,0.049560997635126114,3
train_06135.png,166.51,1,0.8948555588722229,1
train_06136.png,92.56,1,0.09643513709306717,1
train_06137.png,20.48,1,0.14634326100349426,4
train_06138.png,113.88,1,0.9418312311172485,3
train_06139.png,355.81,0,0.012681500986218452,2
train_06140.png,58.55,1,0.7951305508613586,1
train_06141.png,194.84,1,0.9564012885093689,0
train_06142.png,232.03,1,0.9388733506202698,2
train_06143.png,152.34,1,0.8201141357421875,0
train_06144.png,215.68,1,0.969682514667511,2
train_06145.png,14.02,1,0.7864530086517334,3
train_06146.png,249.75,1,0.9727358222007751,3
train_06147.png,233.13,1,0.8261201977729797,2
train_06148.png,12.57,1,0.3703063726425171,0
train_06149.png,242.27,0,0.6195605397224426,1
train_06150.png,357.17,1,0.6446264386177063,4
train_06151.png,359.61,0,0.37800124287605286,4
train_06152.png,204.89,1,0.9541025757789612,4
train_06153.png,17.05,1,0.7717365622520447,2
train_06154.png,39.46,1,0.9856225848197937,2
train_06155.png,22.98,1,0.805768609046936,3
train_06156.png,310.04,0,0.1192939504981041,3
train_06157.png,326.61,0,0.1315874457359314,4
train_06158.png,85.43,1,0.9976165294647217,2
train_06159.png,277.53,0,0.1891191452741623,4
train_06160.png,125.79,1,0.8078767657279968,0
train_06161.png,230.53,1,0.1055087074637413,1
train_06162.png,354.95,1,0.4397156536579132,1
train_06163.png,88.28,1,0.9341399073600769,4
train_06164.png,356.88,0,0.21193596720695496,1
train_06165.png,190.48,1,0.7306203246116638,4
train_06166.png,177.76,1,0.9910702705383301,3
train_06167.png,260.59,1,0.8219583630561829,1
train_06168.png,174.24,1,0.9997381567955017,2
train_06169.png,306.19,1,0.2449522614479065,4
train_06170.png,316.74,0,0.020187469199299812,2
train_06171.png,321.64,1,0.18467006087303162,3
train_06172.png,343.41,1,0.19372697174549103,0
train_06173.png,280.93,0,0.5060718059539795,0
train_06174.png,320.48,0,0.31429344415664673,0
train_06175.png,322.5,1,0.11252298206090927,4
train_06176.png,129.51,1,0.8002045154571533,1
train_06177.png,188.34,1,0.9111591577529907,0
train_06178.png,152.11,1,0.9676705002784729,4
train_06179.png,13.6,1,0.8771975636482239,2
train_06180.png,188.78,1,0.7409117221832275,1
train_06181.png,144.69,1,0.8753088116645813,4
train_06182.png,298.64,0,0.1745373159646988,1
train_06183.png,315.84,0,0.0926060825586319,4
train_06184.png,281.52,0,0.7454705834388733,4
train_06185.png,198.63,1,0.9800728559494019,3
train_06186.png,131.63,1,0.9440158605575562,4
train_06187.png,11.47,1,0.20330603420734406,0
train_06188.png,354.82,0,0.1167897954583168,0
train_06189.png,278.88,0,0.24649816751480103,4
train_06190.png,294.47,0,0.10000026226043701,0
train_06191.png,298.4,0,0.14727789163589478,2
train_06192.png,316.84,1,0.17619702219963074,4
train_06193.png,181.16,1,0.8329420685768127,3
train_06194.png,148.14,1,0.9414274096488953,0
train_06195.png,313.73,0,0.76213538646698,3
train_06196.png,309.98,0,0.12289787083864212,2
train_06197.png,275.6,0,0.02602877840399742,2
train_06198.png,40.95,1,0.8867810964584351,3
train_06199.png,220.4,1,0.45843684673309326,1
train_06200.png,168.41,1,0.894997239112854,4
train_06201.png,252.86,0,0.08476269990205765,0
train_06202.png,310.35,1,0.04458784684538841,2
train_06203.png,33.42,1,0.5207655429840088,3
train_06204.png,293.34,0,0.6141209006309509,2
train_06205.png,316.2,1,0.14381228387355804,0
train_06206.png,43.2,1,0.8396118879318237,0
train_06207.png,344.34,0,0.14085589349269867,3
train_06208.png,303.97,0,0.1399303823709488,2
train_06209.png,321.91,0,0.23901955783367157,0
train_06210.png,334.47,1,0.22436030209064484,4
train_06211.png,53.39,1,0.02833832986652851,1
train_06212.png,352.16,0,0.24440792202949524,4
train_06213.png,34.55,1,0.8022028803825378,4
train_06214.png,266.24,1,0.3032144010066986,0
train_06215.png,150.82,1,0.9989423155784607,3
train_06216.png,220.67,1,0.23116913437843323,3
train_06217.png,349.31,1,0.3803062438964844,4
train_06218.png,207.44,1,0.9937735199928284,3
train_06219.png,156.02,1,0.8976350426673889,2
train_06220.png,322.04,0,0.07852359116077423,4
train_06221.png,104.86,1,0.8820134997367859,4
train_06222.png,159.18,1,0.9504203796386719,0
train_06223.png,221.89,1,0.7137587070465088,0
train_06224.png,106.53,1,0.8491988778114319,2
train_06225.png,357.54,1,0.401371031999588,2
train_06226.png,286.5,1,0.07171636074781418,0
train_06227.png,48.02,1,0.8742194175720215,0
train_06228.png,309.21,1,0.15616588294506073,4
train_06229.png,90.54,1,0.9683977365493774,0
train_06230.png,71.42,1,0.9863665103912354,2
train_06231.png,343.41,0,0.01557593047618866,3
train_06232.png,160.14,1,0.9283770322799683,0
train_06233.png,307.56,0,0.7377261519432068,3
train_06234.png,307.97,1,0.06106243282556534,0
train_06235.png,356.16,1,0.5905687212944031,1
train_06236.png,310.0,0,0.2655911445617676,0
train_06237.png,139.37,1,0.9076678156852722,0
train_06238.png,303.5,1,0.13095711171627045,2
train_06239.png,294.89,1,0.3107728064060211,4
train_06240.png,278.64,0,0.34755992889404297,4
train_06241.png,129.15,1,0.8864549398422241,4
train_06242.png,126.44,1,0.19154304265975952,1
train_06243.png,328.61,0,0.28971898555755615,3
train_06244.png,27.09,1,0.9945259690284729,3
train_06245.png,20.52,1,0.537373960018158,1
train_06246.png,54.87,1,0.9512787461280823,4
train_06247.png,307.06,1,0.5251641869544983,4
train_06248.png,276.86,0,0.2652891278266907,0
train_06249.png,115.44,1,0.9715597033500671,3
train_06250.png,358.13,0,0.4430124759674072,1
train_06251.png,139.7,1,0.7734150290489197,1
train_06252.png,315.79,0,0.031729694455862045,0
train_06253.png,288.49,0,0.16552431881427765,2
train_06254.png,312.91,1,0.16258105635643005,4
train_06255.png,156.39,1,0.7402487993240356,4
train_06256.png,48.79,0,0.5793387293815613,4
train_06257.png,310.16,1,0.0026585347950458527,3
train_06258.png,275.68,0,0.20901979506015778,4
train_06259.png,306.43,0,0.26635050773620605,4
train_06260.png,355.77,0,0.7143610715866089,2
train_06261.png,178.64,0,0.9918469190597534,4
train_06262.png,347.68,0,0.5199741721153259,1
train_06263.png,105.85,1,0.6888578534126282,4
train_06264.png,353.31,1,0.5091884136199951,4
train_06265.png,311.3,0,0.05136490613222122,0
train_06266.png,289.08,0,0.052381731569767,1
train_06267.png,129.31,1,0.9560543298721313,3
train_06268.png,44.58,0,0.5407589077949524,4
train_06269.png,109.47,1,0.9924302697181702,3
train_06270.png,35.46,0,0.6933668851852417,4
train_06271.png,189.23,1,0.9420816898345947,4
train_06272.png,105.45,1,0.999142050743103,3
train_06273.png,192.63,1,0.9160189032554626,0
train_06274.png,145.04,0,0.8437374234199524,0
train_06275.png,216.5,1,0.7689722776412964,1
train_06276.png,167.27,1,0.8904919028282166,2
train_06277.png,341.44,0,0.16437311470508575,0
train_06278.png,93.39,0,0.9426121115684509,4
train_06279.png,37.92,0,0.8036406636238098,1
train_06280.png,135.01,1,0.8842619061470032,2
train_06281.png,185.49,1,0.5114624500274658,2
train_06282.png,282.05,0,0.4120289385318756,4
train_06283.png,71.13,1,0.9582944512367249,1
train_06284.png,314.52,1,0.4406130313873291,4
train_06285.png,215.56,1,0.8311142921447754,0
train_06286.png,344.81,1,0.12237460166215897,0
train_06287.png,250.17,1,0.8413331508636475,3
train_06288.png,114.1,1,0.9015481472015381,4
train_06289.png,189.88,1,0.9641183018684387,3
train_06290.png,294.75,0,0.12141720205545425,4
train_06291.png,123.07,1,0.656333863735199,1
train_06292.png,215.78,1,0.8312971591949463,4
train_06293.png,296.14,0,0.30613061785697937,2
train_06294.png,248.58,1,0.8492894172668457,3
train_06295.png,342.58,1,0.2739318609237671,4
train_06296.png,66.43,1,0.9644550085067749,2
train_06297.png,131.17,1,0.6374232172966003,3
train_06298.png,184.82,1,0.8220154643058777,2
train_06299.png,272.28,1,0.6948436498641968,1
train_06300.png,76.17,1,0.1450972855091095,1
train_06301.png,337.39,1,0.08025677502155304,0
train_06302.png,271.25,0,0.41158783435821533,4
train_06303.png,326.2,0,0.057179294526576996,0
train_06304.png,216.98,1,0.4216465353965759,0
train_06305.png,338.8,0,0.0024426814634352922,2
train_06306.png,7.3,1,0.987806499004364,3
train_06307.png,307.66,0,0.008218170143663883,2
train_06308.png,104.93,1,0.6637954115867615,3
train_06309.png,316.64,1,0.0776589959859848,0
train_06310.png,55.31,1,0.9910412430763245,2
train_06311.png,287.63,1,0.09858161211013794,3
train_06312.png,355.11,0,0.5102255344390869,0
train_06313.png,324.03,0,0.044087670743465424,0
train_06314.png,337.85,1,0.13086137175559998,1
train_06315.png,261.63,1,0.26114848256111145,3
train_06316.png,274.22,1,0.9083631038665771,4
train_06317.png,287.42,0,0.3884882628917694,4
train_06318.png,311.79,0,0.30152466893196106,4
train_06319.png,133.85,1,0.7969343066215515,0
train_06320.png,14.86,1,0.7376976013183594,1
train_06321.png,289.03,0,0.6572651267051697,0
train_06322.png,306.75,1,0.008319994434714317,3
train_06323.png,38.93,1,0.9955673813819885,2
train_06324.png,72.1,1,0.9308131337165833,1
train_06325.png,23.96,0,0.8627176880836487,0
train_06326.png,192.22,1,0.8041639924049377,0
train_06327.png,316.83,0,0.014341263100504875,2
train_06328.png,62.85,1,0.9814581274986267,2
train_06329.png,142.76,1,0.7628021240234375,0
train_06330.png,93.78,1,0.8866509199142456,3
train_06331.png,335.62,1,0.022372053936123848,3
train_06332.png,123.23,1,0.8447968363761902,1
train_06333.png,116.35,1,0.9543488621711731,2
train_06334.png,90.97,1,0.9202888607978821,0
train_06335.png,291.23,0,0.46996834874153137,2
train_06336.png,333.82,1,0.3469921052455902,4
train_06337.png,202.83,0,0.7890458703041077,4
train_06338.png,238.13,1,0.9703496694564819,3
train_06339.png,245.8,1,0.9011977314949036,3
train_06340.png,69.16,1,0.9876299500465393,3
train_06341.png,106.07,1,0.912992000579834,0
train_06342.png,107.2,1,0.9755991101264954,4
train_06343.png,330.55,0,0.18120992183685303,1
train_06344.png,76.85,1,0.6790230870246887,0
train_06345.png,308.21,1,0.20565134286880493,4
train_06346.png,17.66,1,0.6068580150604248,2
train_06347.png,314.74,1,0.28862932324409485,2
train_06348.png,274.79,0,0.17561845481395721,3
train_06349.png,271.37,1,0.5126688480377197,2
train_06350.png,4.39,1,0.4234999418258667,3
train_06351.png,164.8,1,0.674069344997406,0
train_06352.png,21.82,1,0.914070725440979,0
train_06353.png,337.16,0,0.31291982531547546,4
train_06354.png,299.74,0,0.0792512595653534,0
train_06355.png,179.28,1,0.8442842960357666,4
train_06356.png,91.33,1,0.5984652042388916,4
train_06357.png,178.05,1,0.6098480820655823,2
train_06358.png,173.69,1,0.57915198802948,0
train_06359.png,334.13,1,0.961893618106842,3
train_06360.png,76.8,1,0.3891509175300598,1
train_06361.png,359.48,0,0.06135760247707367,0
train_06362.png,81.67,1,0.8335707783699036,4
train_06363.png,230.21,1,0.6815688610076904,0
train_06364.png,292.47,0,0.18250544369220734,1
train_06365.png,177.77,1,0.9239960312843323,2
train_06366.png,269.72,1,0.14087043702602386,1
train_06367.png,209.13,1,0.9224156141281128,1
train_06368.png,205.97,1,0.8756284117698669,1
train_06369.png,327.12,1,0.11445491015911102,2
train_06370.png,296.57,0,0.14328262209892273,1
train_06371.png,283.35,1,0.08205433934926987,0
train_06372.png,299.82,1,0.4565219581127167,3
train_06373.png,315.99,0,0.022918811067938805,2
train_06374.png,343.23,1,0.684271514415741,0
train_06375.png,329.81,1,0.13078422844409943,0
train_06376.png,320.3,1,0.7242403626441956,3
train_06377.png,323.73,0,0.16144895553588867,4
train_06378.png,209.01,0,0.9717320203781128,3
train_06379.png,332.36,0,0.12590022385120392,1
train_06380.png,344.56,1,0.1067507341504097,1
train_06381.png,292.27,0,0.005448099225759506,3
train_06382.png,311.78,0,0.027316005900502205,4
train_06383.png,42.6,1,0.30015650391578674,0
train_06384.png,273.38,0,0.10473494976758957,0
train_06385.png,274.45,0,0.40436509251594543,2
train_06386.png,84.92,1,0.8357987403869629,0
train_06387.png,284.29,0,0.10325440764427185,1
train_06388.png,236.38,1,0.7334938049316406,4
train_06389.png,206.89,1,0.3685307502746582,1
train_06390.png,279.05,1,0.07966149598360062,3
train_06391.png,301.76,0,0.04997134953737259,1
train_06392.png,297.71,1,0.32048851251602173,2
train_06393.png,293.28,0,0.029919348657131195,4
train_06394.png,157.09,1,0.8341619372367859,2
train_06395.png,182.52,1,0.5311089158058167,0
train_06396.png,319.03,0,0.08193034678697586,2
train_06397.png,235.65,1,0.4983639121055603,1
train_06398.png,257.79,1,0.4024036228656769,0
train_06399.png,117.75,1,0.5829818844795227,0
train_06400.png,289.79,0,0.2224578559398651,4
train_06401.png,248.12,1,0.8852609395980835,2
train_06402.png,14.33,1,0.34984076023101807,4
train_06403.png,315.34,0,0.2805158495903015,0
train_06404.png,107.3,0,0.7892928719520569,0
train_06405.png,96.62,1,0.44467639923095703,1
train_06406.png,75.02,1,0.9748730659484863,3
train_06407.png,16.77,1,0.6694042086601257,4
train_06408.png,226.26,1,0.9715822339057922,1
train_06409.png,250.37,1,0.46459901332855225,1
train_06410.png,232.91,1,0.8043494820594788,0
train_06411.png,62.79,1,0.9678683876991272,4
train_06412.png,302.1,1,0.17480017244815826,4
train_06413.png,340.27,1,0.2615901529788971,4
train_06414.png,189.85,1,0.8357290029525757,0
train_06415.png,296.38,0,0.055092018097639084,2
train_06416.png,247.11,1,0.8342598676681519,0
train_06417.png,219.13,1,0.9030871987342834,4
train_06418.png,349.73,1,0.07561293244361877,0
train_06419.png,246.04,1,0.7760208249092102,2
train_06420.png,343.53,1,0.49164432287216187,3
train_06421.png,69.24,1,0.9312500953674316,2
train_06422.png,89.19,1,0.9168127179145813,4
train_06423.png,212.05,1,0.8347523808479309,4
train_06424.png,88.13,1,0.7446706295013428,4
train_06425.png,34.9,1,0.35414519906044006,4
train_06426.png,27.12,1,0.5982657074928284,0
train_06427.png,297.24,1,0.044620685279369354,3
train_06428.png,353.25,0,0.19224269688129425,1
train_06429.png,186.87,1,0.9470323324203491,4
train_06430.png,316.93,1,0.2561468482017517,4
train_06431.png,285.09,0,0.15526969730854034,0
train_06432.png,60.7,1,0.8658705949783325,0
train_06433.png,143.58,1,0.963668704032898,2
train_06434.png,18.35,1,0.4797991216182709,4
train_06435.png,23.91,1,0.9741163849830627,3
train_06436.png,309.39,1,0.13596318662166595,0
train_06437.png,334.39,0,0.7377510070800781,2
train_06438.png,290.82,0,0.015617427416145802,3
train_06439.png,318.27,1,0.011287159286439419,3
train_06440.png,97.59,0,0.8466321229934692,0
train_06441.png,292.66,1,0.3035597801208496,4
train_06442.png,326.16,1,0.07357698678970337,2
train_06443.png,325.83,1,0.009615171700716019,3
train_06444.png,9.95,1,0.6550676226615906,0
train_06445.png,334.8,0,0.2882019579410553,1
train_06446.png,84.24,1,0.12502126395702362,3
train_06447.png,137.37,1,0.2832469642162323,1
train_06448.png,134.39,1,0.9971983432769775,3
train_06449.png,348.6,0,0.03942105174064636,1
train_06450.png,331.47,0,0.1128624826669693,3
train_06451.png,235.42,1,0.9913445711135864,3
train_06452.png,247.72,1,0.7152978777885437,2
train_06453.png,119.68,1,0.8967112302780151,4
train_06454.png,15.33,1,0.2771913707256317,1
train_06455.png,271.39,0,0.07958776503801346,1
train_06456.png,194.07,1,0.8303124308586121,4
train_06457.png,166.96,1,0.9056557416915894,2
train_06458.png,243.29,1,0.9676225185394287,3
train_06459.png,186.05,1,0.49084314703941345,1
train_06460.png,190.5,1,0.937230110168457,1
train_06461.png,201.79,1,0.925723135471344,3
train_06462.png,161.69,1,0.8282636404037476,3
train_06463.png,346.17,1,0.004203826654702425,2
train_06464.png,146.35,1,0.8920274376869202,1
train_06465.png,282.15,0,0.21649837493896484,0
train_06466.png,230.74,1,0.9828965067863464,3
train_06467.png,357.43,1,0.8514936566352844,3
train_06468.png,338.06,0,0.42027929425239563,0
train_06469.png,284.07,1,0.3850816488265991,3
train_06470.png,307.91,1,0.09276249259710312,3
train_06471.png,232.01,1,0.9962198138237,3
train_06472.png,77.2,1,0.8004516363143921,0
train_06473.png,37.8,1,0.7505663633346558,3
train_06474.png,154.11,1,0.9234194159507751,4
train_06475.png,127.07,0,0.46477699279785156,0
train_06476.png,283.03,0,0.238643079996109,3
train_06477.png,273.35,0,0.407288134098053,3
train_06478.png,341.52,0,0.12170623242855072,0
train_06479.png,25.09,1,0.7332838773727417,0
train_06480.png,102.69,1,0.7384719252586365,3
train_06481.png,325.48,0,0.01481296680867672,2
train_06482.png,327.2,1,0.006563766859471798,2
train_06483.png,31.12,0,0.5156733989715576,3
train_06484.png,273.96,0,0.18366330862045288,4
train_06485.png,294.61,0,0.06837853044271469,3
train_06486.png,335.78,0,0.31160101294517517,4
train_06487.png,335.34,0,0.23616449534893036,2
train_06488.png,280.44,1,0.10249030590057373,3
train_06489.png,149.67,1,0.7347438931465149,2
train_06490.png,60.7,1,0.7971959710121155,0
train_06491.png,146.22,1,0.5781400203704834,1
train_06492.png,102.8,1,0.730383038520813,0
train_06493.png,314.42,1,0.017907170578837395,3
train_06494.png,231.84,1,0.8989655375480652,4
train_06495.png,116.59,1,0.581367552280426,2
train_06496.png,110.69,1,0.6657516956329346,4
train_06497.png,275.8,0,0.15540850162506104,4
train_06498.png,348.01,0,0.3265077471733093,2
train_06499.png,359.22,0,0.41878727078437805,2
train_06500.png,324.57,1,0.018309956416487694,2
train_06501.png,225.25,0,0.723153829574585,3
train_06502.png,309.48,0,0.13437095284461975,4
train_06503.png,292.41,1,0.06528574973344803,0
train_06504.png,37.24,1,0.7838953733444214,2
train_06505.png,267.41,1,0.04442037642002106,0
train_06506.png,75.73,0,0.9275237321853638,0
train_06507.png,35.01,1,0.8037912249565125,0
train_06508.png,147.36,1,0.8993891477584839,3
train_06509.png,42.29,1,0.5435134768486023,4
train_06510.png,130.14,1,0.8640931844711304,4
train_06511.png,145.88,1,0.9105176329612732,3
train_06512.png,202.19,1,0.9360722899436951,4
train_06513.png,29.62,1,0.9659221768379211,2
train_06514.png,16.13,1,0.16386522352695465,1
train_06515.png,354.6,1,0.2958577275276184,0
train_06516.png,216.04,1,0.8911651372909546,4
train_06517.png,95.8,0,0.9729602336883545,2
train_06518.png,331.96,1,0.011538065969944,2
train_06519.png,219.43,1,0.9609096646308899,0
train_06520.png,340.66,0,0.24157898128032684,0
train_06521.png,164.25,1,0.9926121830940247,3
train_06522.png,43.76,1,0.9374212622642517,2
train_06523.png,334.49,0,0.04562588036060333,2
train_06524.png,82.12,0,0.7781131863594055,1
train_06525.png,304.88,0,0.021494321525096893,3
train_06526.png,313.89,1,0.057519249618053436,2
train_06527.png,309.69,0,0.1865033209323883,2
train_06528.png,310.96,0,0.7612810730934143,4
train_06529.png,95.51,1,0.8969399929046631,4
train_06530.png,327.04,0,0.06914696097373962,3
train_06531.png,7.97,0,0.29626011848449707,3
train_06532.png,295.41,0,0.5382242798805237,3
train_06533.png,312.7,0,0.2742919921875,4
train_06534.png,294.62,0,0.5792053937911987,4
train_06535.png,281.94,0,0.7768269777297974,3
train_06536.png,294.88,0,0.5593401193618774,4
train_06537.png,322.45,0,0.4033687114715576,3
train_06538.png,50.41,1,0.8565517663955688,4
train_06539.png,119.55,1,0.8259182572364807,3
train_06540.png,262.44,1,0.09064000099897385,2
train_06541.png,124.63,1,0.9850955605506897,2
train_06542.png,313.09,0,0.19520649313926697,0
train_06543.png,92.94,1,0.9426568150520325,1
train_06544.png,22.48,0,0.9320029616355896,2
train_06545.png,168.85,1,0.3596198260784149,1
train_06546.png,32.39,1,0.8066333532333374,2
train_06547.png,314.72,0,0.21473287045955658,1
train_06548.png,65.5,1,0.996637225151062,2
train_06549.png,296.87,1,0.44875749945640564,2
train_06550.png,277.97,0,0.5096187591552734,0
train_06551.png,79.08,1,0.9056693315505981,0
train_06552.png,72.13,1,0.8603731393814087,3
train_06553.png,337.02,0,0.45074012875556946,4
train_06554.png,345.13,1,0.19603358209133148,1
train_06555.png,55.99,1,0.5324633717536926,2
train_06556.png,124.55,1,0.9961942434310913,2
train_06557.png,310.86,0,0.09019077569246292,4
train_06558.png,278.02,0,0.19320543110370636,4
train_06559.png,47.74,0,0.22515371441841125,4
train_06560.png,308.42,0,0.08583308756351471,1
train_06561.png,309.4,0,0.10078434646129608,2
train_06562.png,134.51,1,0.8855758309364319,0
train_06563.png,187.42,1,0.9016099572181702,0
train_06564.png,258.64,1,0.2861247956752777,1
train_06565.png,114.02,1,0.5749263763427734,0
train_06566.png,66.68,1,0.9718795418739319,2
train_06567.png,222.32,1,0.79958176612854,1
train_06568.png,328.94,0,0.1878335326910019,1
train_06569.png,311.66,0,0.27292346954345703,3
train_06570.png,322.49,0,0.11088549345731735,3
train_06571.png,127.7,0,0.794264018535614,3
train_06572.png,310.34,0,0.056124247610569,1
train_06573.png,291.59,0,0.038658540695905685,3
train_06574.png,224.13,1,0.7067672610282898,2
train_06575.png,178.17,1,0.8835746049880981,4
train_06576.png,128.05,1,0.9153682589530945,1
train_06577.png,236.33,0,0.7825424671173096,4
train_06578.png,355.69,0,0.5988553166389465,3
train_06579.png,257.79,1,0.5862807631492615,3
train_06580.png,254.14,1,0.5973827242851257,4
train_06581.png,204.61,1,0.9057427644729614,2
train_06582.png,339.76,0,0.07740278542041779,0
train_06583.png,224.51,1,0.7773596048355103,3
train_06584.png,51.44,1,0.7158623933792114,1
train_06585.png,46.67,1,0.8242238163948059,4
train_06586.png,301.8,0,0.05395670607686043,1
train_06587.png,53.56,1,0.802491307258606,3
train_06588.png,306.04,1,0.05773073062300682,1
train_06589.png,287.21,1,0.05758296698331833,2
train_06590.png,18.93,1,0.6659834980964661,2
train_06591.png,94.24,1,0.8955146670341492,0
train_06592.png,313.78,1,0.0034414888359606266,2
train_06593.png,220.87,1,0.9545540809631348,3
train_06594.png,222.41,0,0.8819526433944702,4
train_06595.png,249.13,1,0.980126678943634,3
train_06596.png,53.03,0,0.7205540537834167,0
train_06597.png,2.14,1,0.5369707345962524,1
train_06598.png,327.87,1,0.02809605747461319,1
train_06599.png,286.3,0,0.21756820380687714,2
train_06600.png,290.01,0,0.05935327336192131,1
train_06601.png,252.54,1,0.9016649127006531,2
train_06602.png,39.11,1,0.06908547878265381,2
train_06603.png,220.78,1,0.9974821209907532,2
train_06604.png,9.47,1,0.19843032956123352,1
train_06605.png,177.59,1,0.890450656414032,4
train_06606.png,275.07,0,0.3605309724807739,1
train_06607.png,292.63,0,0.28295260667800903,4
train_06608.png,81.01,1,0.9427359700202942,2
train_06609.png,170.21,1,0.7464106678962708,0
train_06610.png,174.88,1,0.9591839909553528,2
train_06611.png,359.95,1,0.19255493581295013,1
train_06612.png,156.98,1,0.6752411127090454,4
train_06613.png,296.91,0,0.3009190857410431,2
train_06614.png,309.61,1,0.0031485045328736305,0
train_06615.png,221.37,1,0.8847329020500183,3
train_06616.png,16.11,0,0.2398238629102707,0
train_06617.png,78.29,1,0.8387305736541748,4
train_06618.png,340.48,0,0.4999408423900604,3
train_06619.png,288.51,0,0.1585247963666916,3
train_06620.png,320.81,0,0.09090932458639145,0
train_06621.png,278.37,1,0.3532029986381531,2
train_06622.png,165.67,1,0.9529557228088379,3
train_06623.png,282.67,0,0.07743065059185028,1
train_06624.png,296.81,0,0.09116106480360031,0
train_06625.png,344.92,0,0.33839020133018494,2
train_06626.png,17.14,1,0.14449942111968994,2
train_06627.png,354.12,0,0.5450261235237122,0
train_06628.png,308.29,1,0.27327868342399597,4
train_06629.png,280.94,0,0.5493830442428589,0
train_06630.png,272.7,1,0.7647214531898499,2
train_06631.png,308.6,0,0.4887605905532837,2
train_06632.png,345.69,1,0.24626895785331726,3
train_06633.png,335.91,1,0.7595652341842651,0
train_06634.png,282.66,0,0.23892375826835632,4
train_06635.png,310.05,1,0.15074144303798676,1
train_06636.png,280.83,0,0.041734807193279266,1
train_06637.png,352.77,0,0.2737390697002411,1
train_06638.png,279.77,0,0.7716240882873535,3
train_06639.png,39.72,1,0.7464402914047241,4
train_06640.png,259.73,1,0.27962931990623474,4
train_06641.png,359.5,1,0.15789897739887238,4
train_06642.png,6.34,1,0.18400108814239502,1
train_06643.png,23.04,1,0.39474809169769287,1
train_06644.png,347.68,1,0.2878926694393158,3
train_06645.png,94.23,1,0.976504921913147,3
train_06646.png,173.99,1,0.8721250295639038,4
train_06647.png,307.58,0,0.03653470054268837,1
train_06648.png,342.08,0,0.12025776505470276,4
train_06649.png,149.35,1,0.9882031083106995,2
train_06650.png,309.06,0,0.0027759941294789314,3
train_06651.png,149.14,1,0.6206721067428589,1
train_06652.png,155.36,1,0.9730356931686401,4
train_06653.png,347.58,1,0.35644102096557617,4
train_06654.png,198.64,1,0.8698181509971619,2
train_06655.png,54.71,1,0.6117148399353027,1
train_06656.png,97.75,1,0.7019069194793701,0
train_06657.png,120.29,0,0.7832712531089783,1
train_06658.png,292.19,0,0.08459258824586868,1
train_06659.png,188.89,1,0.7445160150527954,1
train_06660.png,114.54,1,0.951598584651947,3
train_06661.png,162.44,1,0.9920744895935059,2
train_06662.png,346.6,1,0.2690730690956116,2
train_06663.png,120.4,0,0.9395610690116882,0
train_06664.png,11.06,1,0.5784920454025269,1
train_06665.png,8.46,1,0.2779783606529236,0
train_06666.png,337.26,0,0.023874333128333092,3
train_06667.png,289.84,0,0.028376735746860504,0
train_06668.png,348.13,1,0.15799877047538757,4
train_06669.png,317.2,0,0.2746230959892273,3
train_06670.png,122.25,1,0.7453434467315674,2
train_06671.png,164.27,1,0.8813928365707397,0
train_06672.png,294.04,0,0.9842309355735779,0
train_06673.png,299.98,0,0.07585848122835159,0
train_06674.png,155.29,1,0.8038513660430908,3
train_06675.png,307.64,0,0.11753367632627487,0
train_06676.png,97.33,0,0.9668968915939331,4
train_06677.png,243.12,1,0.8019871711730957,2
train_06678.png,334.69,0,0.07749684154987335,0
train_06679.png,6.67,0,0.9950290322303772,3
train_06680.png,289.62,0,0.012831098400056362,0
train_06681.png,204.61,1,0.9637960195541382,1
train_06682.png,291.43,0,0.042134735733270645,3
train_06683.png,150.88,1,0.6538969278335571,1
train_06684.png,225.99,1,0.8855111002922058,1
train_06685.png,9.01,1,0.3168545663356781,4
train_06686.png,14.01,0,0.5690125823020935,1
train_06687.png,155.44,1,0.6131792068481445,4
train_06688.png,279.41,1,0.2812974750995636,0
train_06689.png,18.13,0,0.8762811422348022,4
train_06690.png,345.16,1,0.0824633464217186,0
train_06691.png,294.98,0,0.18155662715435028,3
train_06692.png,14.45,1,0.29054123163223267,4
train_06693.png,298.58,0,0.0037255366332829,3
train_06694.png,213.09,0,0.9430648684501648,3
train_06695.png,31.91,1,0.2451068013906479,1
train_06696.png,304.16,0,0.05182917043566704,1
train_06697.png,355.09,1,0.33359256386756897,2
train_06698.png,315.67,1,0.25190460681915283,0
train_06699.png,221.07,1,0.5403658151626587,2
train_06700.png,32.85,1,0.10559798777103424,2
train_06701.png,168.41,0,0.8176342248916626,4
train_06702.png,274.48,0,0.30086418986320496,1
train_06703.png,285.67,1,0.061339158564805984,0
train_06704.png,309.47,0,0.059978120028972626,3
train_06705.png,117.79,1,0.7120355367660522,0
train_06706.png,262.36,0,0.9483352899551392,3
train_06707.png,256.56,1,0.36638009548187256,0
train_06708.png,196.74,1,0.4879890978336334,4
train_06709.png,60.79,0,0.9441083073616028,2
train_06710.png,1.51,1,0.05875498056411743,0
train_06711.png,69.75,1,0.5665515661239624,0
train_06712.png,121.85,1,0.8768950700759888,0
train_06713.png,319.83,0,0.15776509046554565,0
train_06714.png,342.88,1,0.1310630589723587,2
train_06715.png,207.13,1,0.9466100335121155,1
train_06716.png,290.56,0,0.2336435467004776,4
train_06717.png,352.8,0,0.48088228702545166,4
train_06718.png,242.18,1,0.7891749739646912,2
train_06719.png,351.19,0,0.36792629957199097,0
train_06720.png,304.04,0,0.11727787554264069,0
train_06721.png,342.51,0,0.026273800060153008,0
train_06722.png,220.71,1,0.5103577971458435,0
train_06723.png,173.21,1,0.5311183929443359,1
train_06724.png,14.78,1,0.8377460241317749,2
train_06725.png,180.86,1,0.877889096736908,3
train_06726.png,203.56,1,0.9996117949485779,2
train_06727.png,351.31,0,0.6015462279319763,2
train_06728.png,90.63,1,0.9074681401252747,3
train_06729.png,322.49,1,0.26940298080444336,3
train_06730.png,357.13,0,0.37406954169273376,1
train_06731.png,340.11,0,0.16349633038043976,4
train_06732.png,336.12,1,0.20890846848487854,2
train_06733.png,267.28,1,0.18095186352729797,1
train_06734.png,275.23,0,0.12254571169614792,3
train_06735.png,321.6,1,0.2085268646478653,4
train_06736.png,86.52,1,0.9736372232437134,2
train_06737.png,242.62,1,0.9892320036888123,2
train_06738.png,319.1,1,0.32163795828819275,4
train_06739.png,177.48,1,0.861803412437439,1
train_06740.png,178.78,1,0.9500542879104614,3
train_06741.png,243.79,1,0.9989288449287415,3
train_06742.png,180.54,1,0.9570531249046326,4
train_06743.png,281.52,1,0.17049506306648254,2
train_06744.png,222.56,0,0.9750189781188965,4
train_06745.png,326.13,0,0.3261029124259949,1
train_06746.png,305.32,0,0.2970450520515442,0
train_06747.png,345.4,1,0.5287199020385742,1
train_06748.png,207.43,1,0.9892336130142212,3
train_06749.png,350.11,1,0.5444566607475281,1
train_06750.png,164.02,1,0.7481188178062439,2
train_06751.png,36.41,1,0.8391176462173462,4
train_06752.png,311.4,0,0.12038406729698181,4
train_06753.png,224.46,1,0.9641430974006653,2
train_06754.png,304.75,0,0.10671922564506531,3
train_06755.png,313.12,1,0.5979974865913391,4
train_06756.png,305.55,1,0.08612987399101257,1
train_06757.png,332.08,0,0.10887734591960907,0
train_06758.png,155.77,1,0.933098316192627,4
train_06759.png,333.69,0,0.11614139378070831,1
train_06760.png,284.66,0,0.47336679697036743,2
train_06761.png,329.43,0,0.3471599221229553,3
train_06762.png,77.37,0,0.8758809566497803,1
train_06763.png,240.87,1,0.9726024866104126,2
train_06764.png,315.64,0,0.1270032823085785,1
train_06765.png,231.17,1,0.4790887236595154,1
train_06766.png,154.71,1,0.8798069357872009,4
train_06767.png,329.4,0,0.0003903524193447083,3
train_06768.png,332.62,1,0.1104145422577858,0
train_06769.png,139.98,1,0.8516539335250854,0
train_06770.png,270.62,1,0.26373136043548584,1
train_06771.png,278.9,1,0.07052711397409439,3
train_06772.png,175.5,1,0.9918000102043152,3
train_06773.png,317.84,1,0.36259713768959045,0
train_06774.png,339.92,1,0.19885511696338654,1
train_06775.png,296.54,1,0.36404484510421753,1
train_06776.png,310.69,1,0.14811772108078003,4
train_06777.png,311.01,0,0.38063713908195496,4
train_06778.png,334.75,0,0.0910777822136879,2
train_06779.png,4.92,1,0.6523563265800476,4
train_06780.png,289.35,1,0.06892312318086624,2
train_06781.png,293.84,0,0.26705121994018555,4
train_06782.png,74.32,1,0.7453115582466125,3
train_06783.png,337.94,0,0.13619771599769592,1
train_06784.png,303.52,1,0.12269897758960724,4
train_06785.png,318.45,0,0.10297290980815887,4
train_06786.png,337.08,1,0.2006855458021164,3
train_06787.png,49.4,1,0.5021290183067322,4
train_06788.png,76.55,0,0.9977626800537109,2
train_06789.png,345.45,0,0.02687118947505951,2
train_06790.png,151.3,1,0.9858832955360413,2
train_06791.png,293.06,1,0.31199678778648376,0
train_06792.png,266.79,1,0.42628929018974304,1
train_06793.png,332.45,1,0.27728205919265747,0
train_06794.png,344.92,1,0.3027587831020355,3
train_06795.png,266.34,1,0.267604261636734,2
train_06796.png,302.72,1,0.15462861955165863,4
train_06797.png,92.73,1,0.801670253276825,0
train_06798.png,352.26,1,0.1624096781015396,0
train_06799.png,20.46,1,0.862289309501648,0
train_06800.png,193.16,1,0.7532157897949219,0
train_06801.png,54.53,1,0.9985049962997437,2
train_06802.png,337.06,0,0.2254006564617157,2
train_06803.png,288.42,0,0.011317403055727482,3
train_06804.png,265.2,1,0.1682746559381485,1
train_06805.png,352.79,0,0.9381530284881592,3
train_06806.png,192.94,1,0.719127893447876,2
train_06807.png,275.58,0,0.053126297891139984,3
train_06808.png,102.76,1,0.7349504232406616,3
train_06809.png,312.23,0,0.005006530322134495,0
train_06810.png,337.95,0,0.3422397971153259,2
train_06811.png,207.69,1,0.9199985861778259,4
train_06812.png,133.71,1,0.9918860197067261,2
train_06813.png,308.86,0,0.16765013337135315,1
train_06814.png,137.21,1,0.9081385135650635,4
train_06815.png,116.04,1,0.9919303059577942,2
train_06816.png,270.66,1,0.17612455785274506,2
train_06817.png,87.06,1,0.715236485004425,2
train_06818.png,285.31,0,0.2818079888820648,3
train_06819.png,237.38,1,0.7904917001724243,1
train_06820.png,348.63,0,0.46470940113067627,0
train_06821.png,134.07,1,0.4642680585384369,1
train_06822.png,26.68,1,0.5648573040962219,4
train_06823.png,159.51,1,0.36888113617897034,3
train_06824.png,55.35,1,0.8739123940467834,2
train_06825.png,251.89,1,0.7234704494476318,0
train_06826.png,204.0,1,0.9962896108627319,3
train_06827.png,339.01,1,0.1539413332939148,3
train_06828.png,99.01,1,0.5840997695922852,4
train_06829.png,255.26,0,0.7918585538864136,4
train_06830.png,71.48,1,0.6692367792129517,1
train_06831.png,148.91,1,0.9263348579406738,0
train_06832.png,273.04,1,0.42601898312568665,4
train_06833.png,303.99,1,0.10479236394166946,0
train_06834.png,267.08,0,0.050306353718042374,2
train_06835.png,7.55,1,0.5371323227882385,4
train_06836.png,81.35,1,0.8424302339553833,1
train_06837.png,49.66,1,0.7519271969795227,3
train_06838.png,307.63,0,0.20262908935546875,1
train_06839.png,73.73,1,0.18003876507282257,0
train_06840.png,270.98,0,0.22365066409111023,1
train_06841.png,344.8,0,0.02175085060298443,2
train_06842.png,358.27,1,0.4208887815475464,1
train_06843.png,193.45,1,0.9869935512542725,2
train_06844.png,193.45,1,0.9086216688156128,0
train_06845.png,274.83,1,0.28886690735816956,4
train_06846.png,61.66,1,0.13013391196727753,0
train_06847.png,46.87,1,0.6736717820167542,1
train_06848.png,92.81,1,0.8825432658195496,4
train_06849.png,299.66,0,0.13073112070560455,0
train_06850.png,345.93,0,0.4114404320716858,4
train_06851.png,315.72,1,0.008152708411216736,3
train_06852.png,123.52,0,0.9690773487091064,3
train_06853.png,349.17,0,0.17790469527244568,4
train_06854.png,145.29,1,0.8566036224365234,4
train_06855.png,281.35,0,0.07596951723098755,0
train_06856.png,11.08,1,0.8393128514289856,3
train_06857.png,275.17,0,0.4436350166797638,3
train_06858.png,120.1,1,0.9174436330795288,4
train_06859.png,288.97,0,0.06053251028060913,2
train_06860.png,86.6,1,0.987055778503418,2
train_06861.png,298.63,1,0.10817054659128189,4
train_06862.png,318.99,0,0.06952653080224991,1
train_06863.png,223.94,1,0.8655399680137634,3
train_06864.png,349.28,1,0.019233733415603638,3
train_06865.png,123.2,0,0.8382349610328674,0
train_06866.png,150.43,1,0.9579982161521912,2
train_06867.png,359.24,1,0.4979203939437866,3
train_06868.png,337.27,0,0.2014327198266983,1
train_06869.png,306.39,1,0.03253952041268349,0
train_06870.png,110.32,1,0.9159289598464966,2
train_06871.png,273.68,0,0.9075127840042114,1
train_06872.png,358.92,0,0.003856770461425185,3
train_06873.png,317.33,0,0.4088001251220703,1
train_06874.png,309.17,0,0.06607086956501007,4
train_06875.png,75.15,1,0.8191663026809692,2
train_06876.png,232.9,1,0.8372188210487366,3
train_06877.png,337.79,0,0.3143627643585205,3
train_06878.png,283.9,0,0.11636567860841751,2
train_06879.png,195.25,1,0.9239475727081299,4
train_06880.png,275.36,0,0.3980417251586914,0
train_06881.png,299.44,0,0.18702997267246246,1
train_06882.png,53.55,1,0.9301125407218933,4
train_06883.png,276.95,0,0.44611483812332153,3
train_06884.png,170.16,1,0.8795338869094849,4
train_06885.png,89.6,1,0.42257317900657654,1
train_06886.png,314.37,0,0.05420881509780884,2
train_06887.png,321.15,0,0.7539094090461731,2
train_06888.png,136.89,1,0.9774734973907471,2
train_06889.png,162.77,1,0.9962008595466614,2
train_06890.png,282.21,1,0.10382810235023499,1
train_06891.png,118.19,1,0.665271520614624,1
train_06892.png,317.11,0,0.32102423906326294,1
train_06893.png,105.18,1,0.9419078826904297,2
train_06894.png,16.12,1,0.9395381212234497,2
train_06895.png,278.6,0,0.06831751018762589,1
train_06896.png,259.73,1,0.9670851826667786,3
train_06897.png,28.26,1,0.7258747220039368,1
train_06898.png,138.31,1,0.9496073126792908,3
train_06899.png,324.8,1,0.9623461961746216,3
train_06900.png,353.3,1,0.7813268303871155,2
train_06901.png,247.29,0,0.9151185154914856,3
train_06902.png,118.47,1,0.7228104472160339,1
train_06903.png,276.81,0,0.11555273085832596,3
train_06904.png,262.72,1,0.5073968768119812,3
train_06905.png,313.47,0,0.06246594712138176,2
train_06906.png,218.46,0,0.8719346523284912,4
train_06907.png,347.64,0,0.18334804475307465,1
train_06908.png,249.68,1,0.7902569770812988,0
train_06909.png,57.65,1,0.6597878336906433,0
train_06910.png,280.99,0,0.2791506350040436,4
train_06911.png,330.85,0,0.3763365149497986,1
train_06912.png,67.75,1,0.3360790014266968,1
train_06913.png,344.46,0,0.035460490733385086,1
train_06914.png,345.0,0,0.06048048287630081,2
train_06915.png,305.11,1,0.10157234221696854,1
train_06916.png,20.1,1,0.5522725582122803,4
train_06917.png,345.21,1,0.31099408864974976,3
train_06918.png,193.55,1,0.793986439704895,0
train_06919.png,357.9,1,0.062010619789361954,2
train_06920.png,24.13,1,0.1042330265045166,0
train_06921.png,94.89,1,0.8779155611991882,0
train_06922.png,147.42,1,0.5801463723182678,1
train_06923.png,150.03,1,0.6939037442207336,3
train_06924.png,60.53,1,0.8886147737503052,2
train_06925.png,282.22,0,0.06796583533287048,1
train_06926.png,300.81,0,0.045086391270160675,4
train_06927.png,108.51,1,0.6046827435493469,1
train_06928.png,170.56,1,0.34165453910827637,0
train_06929.png,296.14,0,0.11987531930208206,2
train_06930.png,320.04,1,0.33567243814468384,4
train_06931.png,190.5,1,0.6926857829093933,2
train_06932.png,172.24,1,0.4227759838104248,4
train_06933.png,333.85,0,0.12226441502571106,1
train_06934.png,270.58,1,0.8616237044334412,2
train_06935.png,345.7,0,0.3807993531227112,1
train_06936.png,298.58,1,0.3560674786567688,4
train_06937.png,350.93,0,0.1416291445493698,0
train_06938.png,279.19,0,0.08031796663999557,4
train_06939.png,75.85,1,0.9399396777153015,1
train_06940.png,328.77,0,0.1933727115392685,4
train_06941.png,268.19,1,0.08168037980794907,1
train_06942.png,359.2,1,0.7050248980522156,2
train_06943.png,202.06,1,0.8445116877555847,2
train_06944.png,336.04,0,0.30766838788986206,2
train_06945.png,229.94,1,0.8489634394645691,0
train_06946.png,337.8,0,0.7858392596244812,2
train_06947.png,110.57,1,0.9018391966819763,0
train_06948.png,190.89,1,0.9179733991622925,4
train_06949.png,178.05,0,0.9206397533416748,3
train_06950.png,172.04,1,0.6808376312255859,2
train_06951.png,95.38,1,0.6755000352859497,1
train_06952.png,197.36,1,0.6232683062553406,4
train_06953.png,324.41,1,0.7833099961280823,3
train_06954.png,147.27,1,0.9245656132698059,4
train_06955.png,338.86,1,0.32748210430145264,0
train_06956.png,302.35,1,0.025921201333403587,2
train_06957.png,82.39,1,0.9702418446540833,3
train_06958.png,92.9,1,0.5411296486854553,1
train_06959.png,177.57,0,0.874699056148529,0
train_06960.png,331.87,0,0.18870434165000916,1
train_06961.png,112.21,0,0.7628326416015625,4
train_06962.png,218.74,1,0.942646324634552,4
train_06963.png,263.0,1,0.11659468710422516,0
train_06964.png,195.46,1,0.9357553720474243,2
train_06965.png,200.96,1,0.845933198928833,0
train_06966.png,298.1,0,0.1003345474600792,2
train_06967.png,322.21,1,0.06383050978183746,1
train_06968.png,132.48,1,0.4950454831123352,1
train_06969.png,346.55,0,0.48108309507369995,2
train_06970.png,238.5,1,0.6494092345237732,0
train_06971.png,287.25,0,0.18642006814479828,0
train_06972.png,196.56,1,0.9132681488990784,4
train_06973.png,13.45,0,0.9061809778213501,3
train_06974.png,223.53,0,0.8194666504859924,4
train_06975.png,279.57,0,0.07901918143033981,2
train_06976.png,68.31,1,0.4649428427219391,1
train_06977.png,316.27,0,0.11853504180908203,3
train_06978.png,92.46,0,0.9894329905509949,4
train_06979.png,146.16,1,0.17439983785152435,2
train_06980.png,354.72,1,0.6983431577682495,0
train_06981.png,314.48,0,0.045114729553461075,0
train_06982.png,264.76,1,0.6479184627532959,4
train_06983.png,187.86,1,0.830153226852417,2
train_06984.png,191.51,1,0.9551747441291809,3
train_06985.png,205.91,1,0.832327127456665,4
train_06986.png,126.69,1,0.9993705153465271,2
train_06987.png,349.29,0,0.21932359039783478,3
train_06988.png,141.39,1,0.5951811075210571,0
train_06989.png,37.28,1,0.5911740064620972,2
train_06990.png,109.9,1,0.39774587750434875,4
train_06991.png,275.71,1,0.5689363479614258,4
train_06992.png,279.18,0,0.21175500750541687,4
train_06993.png,129.27,1,0.1721045970916748,1
train_06994.png,12.77,1,0.5823786854743958,0
train_06995.png,225.97,1,0.6697323322296143,3
train_06996.png,287.3,1,0.06035516411066055,0
train_06997.png,353.28,1,0.19874069094657898,2
train_06998.png,265.97,1,0.37569668889045715,2
train_06999.png,280.32,1,0.14010368287563324,1
train_07000.png,156.0,1,0.7996639013290405,0
train_07001.png,318.41,1,0.018618175759911537,2
train_07002.png,336.79,0,0.15156212449073792,0
train_07003.png,67.05,1,0.9148908853530884,3
train_07004.png,11.35,1,0.9066093564033508,3
train_07005.png,125.46,1,0.5952302813529968,1
train_07006.png,135.76,1,0.9817137122154236,3
train_07007.png,328.96,0,0.580254077911377,2
train_07008.png,299.14,0,0.02147550694644451,1
train_07009.png,174.8,1,0.6607236862182617,4
train_07010.png,216.74,1,0.9505701065063477,3
train_07011.png,341.17,0,0.7868415713310242,2
train_07012.png,321.15,0,0.04291931167244911,2
train_07013.png,118.13,1,0.6957155466079712,1
train_07014.png,343.75,0,0.16099894046783447,1
train_07015.png,359.79,0,0.5095711946487427,0
train_07016.png,354.24,0,0.36791881918907166,4
train_07017.png,337.34,1,0.0009469282231293619,3
train_07018.png,8.96,1,0.7487160563468933,1
train_07019.png,271.22,0,0.2209903597831726,1
train_07020.png,76.54,1,0.5836068987846375,4
train_07021.png,78.21,1,0.822332501411438,4
train_07022.png,314.49,0,0.3202236592769623,1
train_07023.png,356.12,0,0.2957148253917694,2
train_07024.png,329.16,0,0.27250951528549194,3
train_07025.png,171.35,1,0.3048391342163086,3
train_07026.png,285.39,0,0.9480968117713928,3
train_07027.png,28.49,1,0.23739340901374817,2
train_07028.png,84.66,1,0.7681406736373901,4
train_07029.png,97.64,1,0.686322808265686,1
train_07030.png,119.13,1,0.6500330567359924,4
train_07031.png,167.46,1,0.9496464729309082,2
train_07032.png,238.28,1,0.8999004364013672,0
train_07033.png,101.64,1,0.38401415944099426,0
train_07034.png,94.62,1,0.9404778480529785,0
train_07035.png,326.29,1,0.17703408002853394,4
train_07036.png,22.98,1,0.8102532029151917,1
train_07037.png,102.71,1,0.6426020860671997,1
train_07038.png,117.71,1,0.9564867615699768,0
train_07039.png,294.2,0,0.07507629692554474,0
train_07040.png,157.82,1,0.9691809415817261,4
train_07041.png,353.3,0,0.10185657441616058,1
train_07042.png,181.82,1,0.7973174452781677,1
train_07043.png,179.41,1,0.9233754873275757,3
train_07044.png,292.33,1,0.06031561270356178,1
train_07045.png,287.39,0,0.046617742627859116,0
train_07046.png,256.34,1,0.19566074013710022,1
train_07047.png,185.59,1,0.7225869297981262,0
train_07048.png,346.85,0,0.20777146518230438,1
train_07049.png,311.8,0,0.06599503010511398,1
train_07050.png,283.08,0,0.11287911236286163,2
train_07051.png,337.21,1,0.27934151887893677,0
train_07052.png,291.85,0,0.21629145741462708,2
train_07053.png,309.55,0,0.5140509605407715,4
train_07054.png,274.87,0,0.1416136920452118,2
train_07055.png,184.08,1,0.7296248078346252,4
train_07056.png,285.85,0,0.3586343228816986,4
train_07057.png,295.79,0,0.18022960424423218,4
train_07058.png,118.9,1,0.9982789754867554,3
train_07059.png,104.79,1,0.6916970610618591,4
train_07060.png,176.97,0,0.9881149530410767,2
train_07061.png,98.69,1,0.7774984240531921,4
train_07062.png,330.14,1,0.09171027690172195,3
train_07063.png,108.79,1,0.17168517410755157,4
train_07064.png,333.09,0,0.11461798846721649,3
train_07065.png,281.51,0,0.22026239335536957,4
train_07066.png,96.93,0,0.9765207171440125,3
train_07067.png,200.05,1,0.8455235958099365,3
train_07068.png,270.47,1,0.05289819836616516,0
train_07069.png,122.96,1,0.8470720052719116,4
train_07070.png,120.93,1,0.9848884344100952,2
train_07071.png,328.39,0,0.047557879239320755,0
train_07072.png,231.04,1,0.9989008903503418,2
train_07073.png,334.0,1,0.17323781549930573,1
train_07074.png,283.29,0,0.23035210371017456,1
train_07075.png,4.56,1,0.6574119329452515,3
train_07076.png,358.82,1,0.35712605714797974,3
train_07077.png,63.94,1,0.5007922053337097,1
train_07078.png,150.39,0,0.25254809856414795,3
train_07079.png,304.91,0,0.3738141357898712,3
train_07080.png,63.0,1,0.30240723490715027,1
train_07081.png,239.18,1,0.286395788192749,1
train_07082.png,247.54,1,0.8505393266677856,4
train_07083.png,180.95,1,0.9190104603767395,0
train_07084.png,299.58,0,0.04766222834587097,0
train_07085.png,322.56,1,0.0497136190533638,1
train_07086.png,314.53,0,0.0035404739901423454,3
train_07087.png,234.97,1,0.5481876730918884,0
train_07088.png,342.54,1,0.29019954800605774,4
train_07089.png,282.52,1,0.024113906547427177,1
train_07090.png,7.87,1,0.47022005915641785,1
train_07091.png,305.27,1,0.12437395006418228,3
train_07092.png,104.55,1,0.9987542629241943,2
train_07093.png,335.68,0,0.12735407054424286,4
train_07094.png,334.28,0,0.07019194960594177,2
train_07095.png,215.24,0,0.9763537645339966,1
train_07096.png,331.13,0,0.21202586591243744,4
train_07097.png,269.83,1,0.2735171914100647,3
train_07098.png,290.13,1,0.10076160728931427,1
train_07099.png,320.41,1,0.05451551452279091,1
train_07100.png,138.06,1,0.7960842251777649,2
train_07101.png,85.49,1,0.9776181578636169,2
train_07102.png,348.93,1,0.16547788679599762,1
train_07103.png,95.08,1,0.8413195610046387,1
train_07104.png,55.94,1,0.9644911885261536,3
train_07105.png,294.15,0,0.11773897707462311,1
train_07106.png,65.87,1,0.8110436201095581,3
train_07107.png,353.44,1,0.03983873873949051,2
train_07108.png,136.35,1,0.8048428893089294,0
train_07109.png,262.63,0,0.4613308608531952,1
train_07110.png,351.15,0,0.5331649780273438,4
train_07111.png,276.92,0,0.028736090287566185,0
train_07112.png,221.87,0,0.960962176322937,4
train_07113.png,260.71,1,0.3140633702278137,4
train_07114.png,293.12,1,0.0627000704407692,0
train_07115.png,345.82,1,0.197435200214386,1
train_07116.png,326.29,0,0.25769662857055664,2
train_07117.png,112.11,1,0.9036116003990173,3
train_07118.png,253.84,1,0.09072403609752655,2
train_07119.png,16.15,1,0.9951444268226624,2
train_07120.png,183.2,1,0.8430761694908142,1
train_07121.png,287.12,0,0.45583635568618774,3
train_07122.png,345.16,1,0.43876463174819946,2
train_07123.png,45.56,1,0.7406222820281982,1
train_07124.png,273.85,0,0.08267005532979965,3
train_07125.png,113.49,1,0.9875450730323792,3
train_07126.png,94.49,1,0.838581383228302,3
train_07127.png,161.89,1,0.9744114875793457,2
train_07128.png,69.86,1,0.8152955174446106,4
train_07129.png,346.13,1,0.2320561558008194,3
train_07130.png,89.09,1,0.8551994562149048,0
train_07131.png,164.2,1,0.9709096550941467,3
train_07132.png,290.12,0,0.0010035516461357474,3
train_07133.png,109.48,1,0.9942096471786499,2
train_07134.png,79.11,1,0.8080170750617981,0
train_07135.png,279.95,1,0.13539645075798035,1
train_07136.png,9.13,1,0.7097539901733398,2
train_07137.png,259.66,1,0.8929072022438049,4
train_07138.png,268.87,1,0.6626601219177246,4
train_07139.png,236.31,1,0.5340549349784851,0
train_07140.png,348.49,0,0.12304309010505676,0
train_07141.png,333.7,1,0.20353230834007263,4
train_07142.png,274.4,1,0.3732014000415802,4
train_07143.png,285.85,0,0.07401242107152939,3
train_07144.png,67.95,1,0.6102678179740906,1
train_07145.png,347.41,0,0.10298525542020798,2
train_07146.png,122.28,0,0.99695885181427,2
train_07147.png,203.56,1,0.8504195213317871,4
train_07148.png,55.78,1,0.8522449731826782,0
train_07149.png,164.03,0,0.9850753545761108,3
train_07150.png,355.1,1,0.22040137648582458,3
train_07151.png,97.83,1,0.9645237922668457,2
train_07152.png,314.51,0,0.35289210081100464,3
train_07153.png,256.81,0,0.6190123558044434,4
train_07154.png,300.65,1,0.10538169741630554,2
train_07155.png,324.01,0,0.4528259038925171,4
train_07156.png,273.66,0,0.09688255190849304,1
train_07157.png,98.58,1,0.7834949493408203,3
train_07158.png,348.95,0,0.2251327484846115,1
train_07159.png,100.46,1,0.8500404357910156,3
train_07160.png,274.23,0,0.19569411873817444,0
train_07161.png,141.13,1,0.9965258240699768,3
train_07162.png,187.0,1,0.8648356199264526,4
train_07163.png,289.3,0,0.06458526849746704,0
train_07164.png,349.51,0,0.2815416753292084,4
train_07165.png,334.58,0,0.6082406640052795,3
train_07166.png,355.67,1,0.5251128077507019,4
train_07167.png,287.11,0,0.10668167471885681,2
train_07168.png,319.74,1,0.3556526005268097,2
train_07169.png,305.17,1,0.1750621199607849,1
train_07170.png,69.31,1,0.4608732759952545,4
train_07171.png,324.59,1,0.09249227494001389,1
train_07172.png,258.23,1,0.09146337956190109,2
train_07173.png,250.41,1,0.8411797881126404,2
train_07174.png,342.15,0,0.3791375458240509,0
train_07175.png,322.44,0,0.05091949924826622,2
train_07176.png,113.37,0,0.4995883107185364,2
train_07177.png,149.43,1,0.9995150566101074,2
train_07178.png,186.0,1,0.8690817356109619,3
train_07179.png,80.41,1,0.9056452512741089,0
train_07180.png,252.67,1,0.6174861192703247,2
train_07181.png,32.9,0,0.3199065327644348,3
train_07182.png,271.24,1,0.7779078483581543,3
train_07183.png,313.45,0,0.11137507110834122,1
train_07184.png,305.73,1,0.16537423431873322,0
train_07185.png,50.41,1,0.863225519657135,0
train_07186.png,331.57,1,0.13746295869350433,3
train_07187.png,132.81,1,0.7367903590202332,1
train_07188.png,344.02,1,0.11143145710229874,0
train_07189.png,286.14,1,0.11352052539587021,3
train_07190.png,136.87,0,0.923973560333252,2
train_07191.png,79.18,1,0.9480398297309875,3
train_07192.png,357.84,1,0.0722569152712822,0
train_07193.png,314.6,0,0.7613763213157654,4
train_07194.png,41.79,0,0.8101841807365417,1
train_07195.png,286.89,1,0.029641365632414818,0
train_07196.png,239.47,1,0.642123818397522,0
train_07197.png,84.77,1,0.8843942880630493,3
train_07198.png,303.31,0,0.03794427961111069,4
train_07199.png,312.7,0,0.012097946368157864,1
train_07200.png,103.66,1,0.5750741362571716,1
train_07201.png,212.78,1,0.848874568939209,4
train_07202.png,285.33,0,0.0101291099563241,3
train_07203.png,212.92,1,0.9767804145812988,4
train_07204.png,330.11,1,0.024982742965221405,2
train_07205.png,210.58,1,0.7245795726776123,4
train_07206.png,280.05,0,0.020410947501659393,3
train_07207.png,58.29,0,0.9035157561302185,0
train_07208.png,5.55,1,0.2953532636165619,2
train_07209.png,326.56,1,0.22426475584506989,0
train_07210.png,332.72,0,0.19522497057914734,4
train_07211.png,303.77,0,0.14868825674057007,1
train_07212.png,28.24,0,0.6550841331481934,0
train_07213.png,294.0,0,0.18217389285564423,1
train_07214.png,238.08,0,0.43920978903770447,1
train_07215.png,228.83,1,0.33497968316078186,2
train_07216.png,297.16,1,0.9090553522109985,3
train_07217.png,40.36,1,0.5639960765838623,3
train_07218.png,358.58,1,0.19439636170864105,4
train_07219.png,163.46,1,0.8279730081558228,2
train_07220.png,191.84,1,0.7777378559112549,4
train_07221.png,140.66,1,0.7578076720237732,1
train_07222.png,305.71,0,0.24753183126449585,2
train_07223.png,81.53,1,0.9937523007392883,3
train_07224.png,201.87,1,0.8126332759857178,3
train_07225.png,186.06,1,0.937920093536377,2
train_07226.png,349.05,0,0.34984341263771057,4
train_07227.png,133.6,1,0.9821871519088745,4
train_07228.png,289.52,1,0.01755112037062645,1
train_07229.png,208.16,0,0.30925166606903076,3
train_07230.png,47.37,1,0.7692890763282776,2
train_07231.png,341.02,0,0.29529547691345215,0
train_07232.png,145.52,1,0.9859856367111206,3
train_07233.png,5.38,1,0.37470078468322754,4
train_07234.png,116.7,1,0.7573362588882446,1
train_07235.png,354.49,1,0.1939706653356552,0
train_07236.png,308.74,1,0.16991916298866272,3
train_07237.png,143.78,1,0.7951915860176086,0
train_07238.png,270.42,0,0.16164664924144745,1
train_07239.png,58.52,1,0.38050249218940735,4
train_07240.png,359.76,1,0.30151045322418213,0
train_07241.png,87.76,1,0.9968193769454956,2
train_07242.png,22.97,1,0.5101979970932007,3
train_07243.png,23.34,1,0.866718590259552,1
train_07244.png,12.89,1,0.5297971367835999,1
train_07245.png,205.42,0,0.745824933052063,0
train_07246.png,240.82,1,0.9225538969039917,2
train_07247.png,180.05,1,0.9256492257118225,1
train_07248.png,354.48,0,0.047607604414224625,2
train_07249.png,44.6,1,0.18592871725559235,2
train_07250.png,277.21,1,0.7305863499641418,3
train_07251.png,289.27,0,0.14033649861812592,4
train_07252.png,145.45,1,0.9914257526397705,3
train_07253.png,268.69,1,0.8404186964035034,4
train_07254.png,280.09,0,0.2242329716682434,0
train_07255.png,324.15,0,0.42425793409347534,0
train_07256.png,97.13,1,0.8100042343139648,2
train_07257.png,62.16,1,0.3613828718662262,4
train_07258.png,118.58,1,0.7991389632225037,4
train_07259.png,236.35,1,0.7882766723632812,1
train_07260.png,71.14,1,0.8026093244552612,2
train_07261.png,30.12,1,0.8932491540908813,2
train_07262.png,281.87,1,0.33831149339675903,2
train_07263.png,351.52,0,0.48565617203712463,1
train_07264.png,258.02,1,0.5642103552818298,4
train_07265.png,347.86,1,0.3105926811695099,3
train_07266.png,48.16,0,0.9002615213394165,0
train_07267.png,348.51,0,0.147474005818367,1
train_07268.png,202.25,1,0.7560372352600098,2
train_07269.png,299.41,0,0.07290180027484894,0
train_07270.png,286.58,0,0.08014869689941406,1
train_07271.png,347.82,0,0.06774929165840149,2
train_07272.png,277.35,0,0.27130019664764404,4
train_07273.png,292.61,0,0.07584553956985474,3
train_07274.png,50.13,0,0.8988217115402222,0
train_07275.png,195.19,1,0.9989113807678223,3
train_07276.png,301.0,0,0.124122753739357,3
train_07277.png,322.32,0,0.014034736901521683,3
train_07278.png,19.07,1,0.6474632024765015,4
train_07279.png,188.53,1,0.41491270065307617,4
train_07280.png,43.16,1,0.7008230686187744,3
train_07281.png,31.48,1,0.7628893852233887,2
train_07282.png,6.06,1,0.9375188946723938,3
train_07283.png,359.6,0,0.034775812178850174,2
train_07284.png,358.4,0,0.10870133340358734,3
train_07285.png,280.28,1,0.11372493952512741,1
train_07286.png,116.62,1,0.7931637763977051,4
train_07287.png,270.83,1,0.0020558105316013098,3
train_07288.png,313.22,1,0.06917204707860947,2
train_07289.png,270.66,0,0.5707811713218689,4
train_07290.png,199.36,1,0.8015535473823547,0
train_07291.png,176.29,1,0.9058857560157776,1
train_07292.png,74.3,1,0.48039510846138,4
train_07293.png,93.57,1,0.9644819498062134,3
train_07294.png,171.08,1,0.490400493144989,4
train_07295.png,327.44,1,0.30315250158309937,3
train_07296.png,192.78,1,0.7711508274078369,0
train_07297.png,61.12,1,0.8268709778785706,2
train_07298.png,338.93,0,0.21362803876399994,1
train_07299.png,342.19,0,0.08344826847314835,0
train_07300.png,12.78,1,0.13092534244060516,0
train_07301.png,5.78,1,0.6226847171783447,1
train_07302.png,254.46,1,0.31915783882141113,1
train_07303.png,308.71,0,0.15527993440628052,2
train_07304.png,36.08,1,0.45715853571891785,1
train_07305.png,179.01,1,0.8776058554649353,1
train_07306.png,133.58,1,0.5530487298965454,1
train_07307.png,230.26,1,0.771443247795105,2
train_07308.png,258.39,1,0.08458074927330017,0
train_07309.png,209.97,0,0.9202818870544434,2
train_07310.png,197.95,0,0.5272737741470337,0
train_07311.png,359.88,1,0.3796793520450592,0
train_07312.png,269.86,1,0.8444032073020935,4
train_07313.png,58.62,1,0.045103613287210464,3
train_07314.png,127.28,1,0.6713148951530457,0
train_07315.png,248.54,1,0.6912091374397278,0
train_07316.png,313.49,0,0.12129174917936325,2
train_07317.png,249.62,1,0.5436418056488037,4
train_07318.png,275.53,1,0.3028472661972046,4
train_07319.png,201.59,1,0.6428181529045105,0
train_07320.png,169.38,1,0.9725790619850159,4
train_07321.png,323.11,0,0.33053821325302124,1
train_07322.png,44.53,1,0.8047123551368713,4
train_07323.png,354.96,0,0.22317911684513092,4
train_07324.png,132.8,1,0.7235138416290283,4
train_07325.png,185.01,1,0.8672144412994385,0
train_07326.png,308.03,1,0.03485247120261192,0
train_07327.png,336.94,0,0.020565615966916084,3
train_07328.png,306.96,0,0.2737812101840973,2
train_07329.png,226.83,0,0.7270007133483887,0
train_07330.png,284.88,1,0.10764827579259872,0
train_07331.png,37.39,1,0.9032710790634155,3
train_07332.png,153.16,1,0.19558767974376678,3
train_07333.png,354.08,0,0.13196201622486115,0
train_07334.png,287.85,1,0.12620772421360016,2
train_07335.png,162.39,1,0.9820311069488525,2
train_07336.png,299.29,0,0.9423903822898865,2
train_07337.png,18.81,0,0.2786414325237274,4
train_07338.png,168.4,1,0.1437692791223526,3
train_07339.png,165.35,1,0.46287044882774353,1
train_07340.png,150.91,1,0.7990463972091675,1
train_07341.png,193.71,0,0.8927686810493469,2
train_07342.png,313.49,1,0.02785143256187439,3
train_07343.png,188.59,1,0.7279637455940247,0
train_07344.png,31.88,1,0.7699077725410461,3
train_07345.png,66.82,1,0.3772421181201935,3
train_07346.png,209.02,1,0.8770664930343628,4
train_07347.png,179.48,1,0.8482837080955505,0
train_07348.png,347.29,0,0.2033875435590744,2
train_07349.png,259.36,0,0.9166102409362793,4
train_07350.png,129.3,1,0.4281129539012909,1
train_07351.png,327.9,0,0.2029193788766861,4
train_07352.png,66.25,1,0.88898104429245,2
train_07353.png,331.21,0,0.2158886045217514,1
train_07354.png,169.14,0,0.6959354281425476,4
train_07355.png,109.25,1,0.8697559833526611,1
train_07356.png,260.77,1,0.8698163628578186,0
train_07357.png,231.12,1,0.990459680557251,2
train_07358.png,89.87,1,0.7064810991287231,4
train_07359.png,244.42,1,0.9483535289764404,3
train_07360.png,225.49,1,0.9921709299087524,2
train_07361.png,354.83,0,0.8189452886581421,3
train_07362.png,164.52,1,0.8266922831535339,4
train_07363.png,296.09,0,0.015586081892251968,1
train_07364.png,94.42,0,0.3717219829559326,4
train_07365.png,342.21,0,0.36498740315437317,1
train_07366.png,222.53,1,0.5852084755897522,4
train_07367.png,310.48,0,0.3499317169189453,1
train_07368.png,337.68,1,0.2523011565208435,2
train_07369.png,41.6,1,0.7808541655540466,0
train_07370.png,328.12,1,0.09086313098669052,2
train_07371.png,121.89,1,0.7233085036277771,1
train_07372.png,139.67,0,0.9993265867233276,2
train_07373.png,349.54,0,0.06298976391553879,2
train_07374.png,331.66,1,0.042141109704971313,0
train_07375.png,346.76,0,0.2420298308134079,1
train_07376.png,155.56,1,0.9838289618492126,2
train_07377.png,234.3,1,0.8463848233222961,4
train_07378.png,340.46,0,0.13844209909439087,3
train_07379.png,294.45,0,0.19009247422218323,3
train_07380.png,332.0,0,0.4612285792827606,1
train_07381.png,111.57,1,0.8969743251800537,3
train_07382.png,26.34,1,0.46587425470352173,0
train_07383.png,348.92,1,0.2049536406993866,4
train_07384.png,306.81,1,0.11281571537256241,1
train_07385.png,177.16,1,0.8083795309066772,2
train_07386.png,343.86,0,0.07395040988922119,2
train_07387.png,285.33,0,0.21045179665088654,1
train_07388.png,288.59,0,0.2220432609319687,3
train_07389.png,295.86,0,0.9405070543289185,3
train_07390.png,59.89,1,0.9593586325645447,0
train_07391.png,313.89,0,0.057854946702718735,3
train_07392.png,122.46,1,0.9908445477485657,3
train_07393.png,344.38,0,0.00857743714004755,3
train_07394.png,297.77,1,0.07435736805200577,1
train_07395.png,349.92,0,0.1381199210882187,3
train_07396.png,60.11,1,0.8298173546791077,2
train_07397.png,27.65,1,0.5369192361831665,4
train_07398.png,185.88,1,0.9234662652015686,3
train_07399.png,284.1,0,0.18099865317344666,0
train_07400.png,353.86,1,0.644096851348877,2
train_07401.png,245.77,1,0.5836203694343567,1
train_07402.png,252.99,0,0.8980380296707153,2
train_07403.png,117.66,1,0.9144935011863708,0
train_07404.png,319.26,0,0.0346682108938694,2
train_07405.png,240.2,0,0.8633544445037842,1
train_07406.png,309.13,0,0.04541768878698349,1
train_07407.png,347.01,0,0.972057580947876,2
train_07408.png,285.2,1,0.23594924807548523,1
train_07409.png,356.2,0,0.7997146248817444,0
train_07410.png,220.56,1,0.982459545135498,2
train_07411.png,325.5,1,0.11555897444486618,0
train_07412.png,352.59,1,0.47690534591674805,3
train_07413.png,64.74,1,0.906259298324585,3
train_07414.png,340.19,0,0.11377418786287308,3
train_07415.png,104.72,1,0.7023214101791382,4
train_07416.png,107.67,1,0.5667445063591003,2
train_07417.png,198.33,1,0.7598498463630676,0
train_07418.png,307.95,0,0.2031380534172058,4
train_07419.png,212.61,1,0.34124675393104553,2
train_07420.png,211.46,1,0.7979195713996887,0
train_07421.png,169.16,1,0.5435566902160645,1
train_07422.png,300.4,0,0.07008957862854004,0
train_07423.png,61.47,1,0.9544550180435181,0
train_07424.png,59.91,1,0.9264610409736633,4
train_07425.png,330.23,1,0.18800145387649536,0
train_07426.png,111.95,0,0.062415461987257004,3
train_07427.png,320.54,0,0.03435223549604416,3
train_07428.png,91.03,1,0.971571683883667,4
train_07429.png,201.79,1,0.6170009970664978,0
train_07430.png,273.24,1,0.3731188476085663,3
train_07431.png,312.38,0,0.14718763530254364,3
train_07432.png,71.23,1,0.9577621817588806,4
train_07433.png,291.18,0,0.327585905790329,4
train_07434.png,11.38,1,0.4615851640701294,1
train_07435.png,357.61,1,0.7964855432510376,2
train_07436.png,322.13,0,0.08608158677816391,1
train_07437.png,21.76,1,0.5471381545066833,4
train_07438.png,121.98,0,0.533481240272522,0
train_07439.png,317.6,1,0.17875847220420837,1
train_07440.png,149.3,1,0.6890456080436707,2
train_07441.png,17.47,1,0.4426696300506592,2
train_07442.png,356.52,0,0.18760362267494202,4
train_07443.png,214.53,1,0.7802228331565857,1
train_07444.png,60.06,1,0.7565662264823914,0
train_07445.png,245.75,1,0.9718539714813232,3
train_07446.png,291.8,0,0.03318091481924057,1
train_07447.png,198.48,1,0.9701767563819885,4
train_07448.png,359.04,1,0.07939910143613815,0
train_07449.png,335.83,0,0.05409643054008484,0
train_07450.png,189.28,1,0.7523145079612732,3
train_07451.png,236.42,1,0.4547167122364044,4
train_07452.png,272.99,1,0.47209349274635315,0
train_07453.png,274.37,0,0.01324330735951662,3
train_07454.png,168.68,1,0.6575173139572144,0
train_07455.png,83.14,1,0.6754950284957886,3
train_07456.png,352.45,0,0.08499685674905777,3
train_07457.png,228.41,1,0.7899608016014099,2
train_07458.png,24.76,1,0.2757844030857086,0
train_07459.png,162.04,1,0.9480961561203003,3
train_07460.png,142.44,1,0.858990490436554,1
train_07461.png,21.11,1,0.740841269493103,1
train_07462.png,195.67,1,0.9432666301727295,3
train_07463.png,258.91,1,0.5992430448532104,4
train_07464.png,318.19,1,0.06466241180896759,0
train_07465.png,244.11,1,0.5155580639839172,4
train_07466.png,313.03,0,0.06961075216531754,4
train_07467.png,337.26,0,0.01636338047683239,2
train_07468.png,262.69,1,0.7048725485801697,2
train_07469.png,238.92,0,0.5519501566886902,1
train_07470.png,194.17,1,0.9345205426216125,4
train_07471.png,280.31,1,0.1554339975118637,4
train_07472.png,347.7,0,0.1569201946258545,1
train_07473.png,263.35,1,0.2485937923192978,4
train_07474.png,242.02,1,0.5396475195884705,1
train_07475.png,299.35,0,0.2113308608531952,1
train_07476.png,109.96,1,0.8094770312309265,1
train_07477.png,325.18,0,0.1389898806810379,0
train_07478.png,178.02,1,0.9987744688987732,3
train_07479.png,167.35,1,0.39189398288726807,1
train_07480.png,39.46,1,0.9301970601081848,4
train_07481.png,301.49,0,0.20948940515518188,0
train_07482.png,74.55,1,0.9389866590499878,0
train_07483.png,49.96,1,0.9926154613494873,4
train_07484.png,258.37,1,0.5513865351676941,0
train_07485.png,287.55,1,0.10315899550914764,3
train_07486.png,323.49,0,0.020541829988360405,3
train_07487.png,289.33,0,0.026270484551787376,0
train_07488.png,335.06,1,0.006146769970655441,3
train_07489.png,270.6,0,0.09706953912973404,2
train_07490.png,344.7,1,0.01629200391471386,2
train_07491.png,217.8,1,0.9565989971160889,3
train_07492.png,323.03,0,0.12636463344097137,1
train_07493.png,293.22,1,0.3050880432128906,4
train_07494.png,198.12,1,0.8659000992774963,2
train_07495.png,184.07,1,0.7653611302375793,2
train_07496.png,8.93,1,0.705883264541626,0
train_07497.png,101.7,1,0.9896178841590881,2
train_07498.png,34.88,1,0.778546929359436,3
train_07499.png,56.39,1,0.9666756987571716,0
train_07500.png,317.39,1,0.6536105275154114,3
train_07501.png,149.57,1,0.9445555210113525,4
train_07502.png,280.76,0,0.20436081290245056,4
train_07503.png,188.89,1,0.7832426428794861,1
train_07504.png,85.02,1,0.6279608607292175,1
train_07505.png,336.07,1,0.2582675814628601,4
train_07506.png,313.41,0,0.06629900634288788,3
train_07507.png,152.47,1,0.8452560305595398,4
train_07508.png,75.42,1,0.9347817301750183,3
train_07509.png,310.42,1,0.1563202291727066,1
train_07510.png,354.36,0,0.3846859335899353,1
train_07511.png,75.06,1,0.7419551610946655,3
train_07512.png,322.51,1,0.2863635718822479,4
train_07513.png,328.01,1,0.18632584810256958,1
train_07514.png,116.37,1,0.9982931017875671,2
train_07515.png,166.88,1,0.37931519746780396,1
train_07516.png,353.72,1,0.1399749219417572,3
train_07517.png,7.44,1,0.06185031682252884,2
train_07518.png,306.92,0,0.09856812655925751,1
train_07519.png,353.49,1,0.46506714820861816,4
train_07520.png,172.69,1,0.8713995814323425,3
train_07521.png,66.33,0,0.9174445271492004,2
train_07522.png,220.84,1,0.9346697926521301,4
train_07523.png,336.84,1,0.1358971744775772,3
train_07524.png,282.06,0,0.10308542102575302,1
train_07525.png,116.94,1,0.9800243973731995,2
train_07526.png,346.81,0,0.23998823761940002,1
train_07527.png,307.22,0,0.3754122257232666,0
train_07528.png,311.58,0,0.2983649671077728,3
train_07529.png,97.46,1,0.9549934267997742,3
train_07530.png,161.69,1,0.8971307873725891,4
train_07531.png,339.47,0,0.16145554184913635,4
train_07532.png,102.49,1,0.8457773923873901,0
train_07533.png,340.45,0,0.32879137992858887,1
train_07534.png,271.54,0,0.5057740211486816,3
train_07535.png,349.98,1,0.3319258987903595,0
train_07536.png,72.52,1,0.9091020226478577,3
train_07537.png,219.42,1,0.922577440738678,4
train_07538.png,267.66,0,0.7362917065620422,4
train_07539.png,339.01,0,0.35786089301109314,2
train_07540.png,315.05,0,0.16582250595092773,1
train_07541.png,37.92,1,0.7792970538139343,1
train_07542.png,205.63,0,0.7836239337921143,2
train_07543.png,336.38,1,0.19306832551956177,4
train_07544.png,86.32,1,0.8431263566017151,4
train_07545.png,309.23,0,0.10275048017501831,1
train_07546.png,46.29,1,0.9316896200180054,2
train_07547.png,312.14,0,0.17768734693527222,1
train_07548.png,67.24,1,0.639369010925293,1
train_07549.png,61.4,1,0.9976031184196472,2
train_07550.png,160.5,1,0.916301965713501,0
train_07551.png,330.35,0,0.4970073401927948,0
train_07552.png,278.66,1,0.18672005832195282,1
train_07553.png,288.62,0,0.19707323610782623,1
train_07554.png,168.63,1,0.2807339131832123,1
train_07555.png,329.42,0,0.04624747112393379,2
train_07556.png,338.63,1,0.06019400432705879,2
train_07557.png,280.74,0,0.05058170109987259,2
train_07558.png,330.95,1,0.8841965794563293,3
train_07559.png,121.72,1,0.6573325395584106,0
train_07560.png,144.52,1,0.6602458953857422,1
train_07561.png,308.58,0,0.09461671859025955,0
train_07562.png,130.98,1,0.6068277955055237,1
train_07563.png,104.75,1,0.9949776530265808,2
train_07564.png,147.24,1,0.7171604633331299,0
train_07565.png,4.37,1,0.6910690665245056,1
train_07566.png,279.12,0,0.740195631980896,4
train_07567.png,147.17,1,0.9931742548942566,2
train_07568.png,188.82,0,0.7733435034751892,3
train_07569.png,302.68,0,0.4307307302951813,2
train_07570.png,323.53,1,0.01136756595224142,3
train_07571.png,338.07,1,0.22385647892951965,4
train_07572.png,185.22,1,0.9220531582832336,1
train_07573.png,244.6,1,0.8182429075241089,3
train_07574.png,24.82,1,0.9734004139900208,0
train_07575.png,62.35,1,0.9437040686607361,3
train_07576.png,176.82,1,0.7231075167655945,1
train_07577.png,347.67,0,0.14148415625095367,0
train_07578.png,170.02,1,0.8363068699836731,0
train_07579.png,321.57,1,0.19478406012058258,2
train_07580.png,25.27,1,0.9047437906265259,2
train_07581.png,84.37,1,0.7796611189842224,4
train_07582.png,352.7,0,0.40379050374031067,2
train_07583.png,295.63,0,0.26074305176734924,0
train_07584.png,245.87,1,0.37459686398506165,0
train_07585.png,21.17,1,0.7333646416664124,4
train_07586.png,122.28,1,0.5242866277694702,4
train_07587.png,322.24,0,0.09952641278505325,0
train_07588.png,314.8,1,0.07159289717674255,3
train_07589.png,187.84,1,0.7397758364677429,0
train_07590.png,126.89,1,0.9890841841697693,3
train_07591.png,153.87,1,0.6652275919914246,1
train_07592.png,337.7,0,0.20512528717517853,4
train_07593.png,264.35,1,0.7753865718841553,2
train_07594.png,106.8,1,0.5048072934150696,1
train_07595.png,266.33,1,0.33909741044044495,3
train_07596.png,273.6,0,0.4640637934207916,3
train_07597.png,343.11,1,0.04961280897259712,0
train_07598.png,15.42,1,0.7400926351547241,4
train_07599.png,306.52,1,0.15514901280403137,4
train_07600.png,240.09,1,0.962389349937439,2
train_07601.png,155.65,1,0.8914526700973511,0
train_07602.png,116.21,1,0.7394301891326904,4
train_07603.png,62.77,1,0.9981620907783508,2
train_07604.png,271.53,0,0.7538722157478333,2
train_07605.png,337.6,0,0.2525065541267395,0
train_07606.png,242.52,1,0.46730104088783264,3
train_07607.png,277.61,1,0.05594927817583084,1
train_07608.png,142.21,1,0.9782926440238953,3
train_07609.png,294.33,1,0.11353965848684311,3
train_07610.png,155.76,1,0.6874372959136963,1
train_07611.png,84.85,1,0.9743611216545105,4
train_07612.png,184.64,1,0.9327967762947083,1
train_07613.png,284.35,1,0.6713541746139526,3
train_07614.png,284.43,0,0.020766865462064743,0
train_07615.png,61.2,1,0.6651346683502197,3
train_07616.png,309.28,0,0.03529403358697891,2
train_07617.png,166.94,1,0.8282536864280701,4
train_07618.png,36.56,1,0.9472047090530396,3
train_07619.png,115.39,0,0.7429763674736023,0
train_07620.png,343.14,1,0.9873952865600586,3
train_07621.png,291.62,1,0.026202324777841568,1
train_07622.png,348.82,0,0.778465211391449,4
train_07623.png,127.67,1,0.9102042317390442,0
train_07624.png,100.26,1,0.9743587374687195,4
train_07625.png,159.98,1,0.9966051578521729,3
train_07626.png,338.24,0,0.20647862553596497,3
train_07627.png,243.96,1,0.8305844664573669,4
train_07628.png,272.81,1,0.343993216753006,4
train_07629.png,35.9,1,0.8509602546691895,0
train_07630.png,273.91,0,0.6848315596580505,2
train_07631.png,284.15,0,0.06688624620437622,1
train_07632.png,313.55,0,0.07089046388864517,0
train_07633.png,104.38,1,0.7505239248275757,1
train_07634.png,354.74,1,0.45205363631248474,2
train_07635.png,325.77,1,0.3542138338088989,4
train_07636.png,255.69,1,0.33546891808509827,1
train_07637.png,145.87,1,0.7521170973777771,2
train_07638.png,275.91,1,0.4819483757019043,3
train_07639.png,308.41,1,0.10058023035526276,2
train_07640.png,114.03,0,0.6423127055168152,1
train_07641.png,255.1,1,0.7992379665374756,1
train_07642.png,299.25,0,0.3424311876296997,2
train_07643.png,206.33,1,0.7978615164756775,1
train_07644.png,147.78,0,0.6624354124069214,1
train_07645.png,247.67,0,0.43989911675453186,4
train_07646.png,140.67,1,0.9238475561141968,4
train_07647.png,204.7,1,0.808064341545105,4
train_07648.png,3.58,1,0.20788811147212982,3
train_07649.png,347.51,0,0.23151923716068268,4
train_07650.png,33.57,1,0.995019793510437,2
train_07651.png,74.79,1,0.6808610558509827,3
train_07652.png,342.21,0,0.025418506935238838,2
train_07653.png,232.32,1,0.9706921577453613,1
train_07654.png,132.36,1,0.9917460083961487,2
train_07655.png,329.91,0,0.0003018463612534106,2
train_07656.png,121.92,1,0.995745837688446,2
train_07657.png,244.39,1,0.762302041053772,3
train_07658.png,25.01,1,0.5696729421615601,3
train_07659.png,105.24,1,0.4967622756958008,1
train_07660.png,288.66,0,0.09949629008769989,0
train_07661.png,74.84,1,0.7107090353965759,1
train_07662.png,134.74,1,0.721708357334137,4
train_07663.png,298.49,1,0.014190358109772205,3
train_07664.png,327.36,0,0.09551708400249481,4
train_07665.png,260.92,1,0.39234936237335205,1
train_07666.png,200.54,0,0.8132219314575195,2
train_07667.png,343.82,0,0.3460775315761566,4
train_07668.png,318.61,0,0.5279118418693542,0
train_07669.png,176.55,1,0.7770094275474548,1
train_07670.png,203.48,1,0.8762474656105042,4
train_07671.png,289.9,1,0.11915278434753418,0
train_07672.png,282.17,0,0.17320801317691803,0
train_07673.png,210.41,1,0.999345600605011,2
train_07674.png,2.03,1,0.2832479774951935,0
train_07675.png,270.76,0,0.3400226831436157,0
train_07676.png,261.14,1,0.10971610993146896,1
train_07677.png,342.9,1,0.16454939544200897,0
train_07678.png,323.73,0,0.05686964467167854,1
train_07679.png,333.74,1,0.17675016820430756,4
train_07680.png,315.59,0,0.06078701093792915,4
train_07681.png,7.16,1,0.6819142699241638,0
train_07682.png,240.71,0,0.9243130683898926,0
train_07683.png,141.9,1,0.861689031124115,4
train_07684.png,317.25,1,0.05591006204485893,0
train_07685.png,79.78,1,0.4673706889152527,1
train_07686.png,355.58,0,0.31750670075416565,1
train_07687.png,54.22,0,0.6200315952301025,4
train_07688.png,73.67,1,0.96698397397995,3
train_07689.png,33.76,0,0.8287975192070007,4
train_07690.png,231.39,1,0.9980559349060059,2
train_07691.png,326.14,0,0.2663706839084625,4
train_07692.png,68.05,1,0.7311877012252808,1
train_07693.png,143.51,1,0.9990924596786499,2
train_07694.png,233.82,0,0.4616561830043793,0
train_07695.png,151.15,1,0.9978544116020203,2
train_07696.png,7.62,1,0.6413754820823669,0
train_07697.png,297.96,1,0.6668068766593933,3
train_07698.png,174.01,1,0.9932534098625183,2
train_07699.png,28.03,1,0.5415500998497009,4
train_07700.png,301.12,1,0.010841951705515385,3
train_07701.png,329.99,0,0.3798069357872009,3
train_07702.png,154.46,1,0.9119267463684082,4
train_07703.png,241.84,1,0.7434491515159607,0
train_07704.png,186.93,1,0.9728792905807495,3
train_07705.png,343.32,1,0.11267881095409393,2
train_07706.png,300.59,0,0.27816587686538696,1
train_07707.png,79.32,1,0.7876996397972107,3
train_07708.png,46.14,1,0.8200549483299255,4
train_07709.png,109.51,1,0.8692871332168579,4
train_07710.png,179.44,1,0.7497395873069763,0
train_07711.png,269.39,1,0.029483944177627563,1
train_07712.png,209.83,1,0.5203569531440735,2
train_07713.png,327.3,0,0.29187965393066406,1
train_07714.png,243.13,1,0.9888321161270142,2
train_07715.png,207.77,1,0.9864701628684998,2
train_07716.png,30.22,1,0.6674486398696899,0
train_07717.png,164.51,1,0.9584965109825134,3
train_07718.png,317.42,0,0.08907518535852432,4
train_07719.png,123.49,0,0.43334516882896423,3
train_07720.png,335.82,0,0.002358409110456705,3
train_07721.png,294.57,1,0.1114911288022995,2
train_07722.png,196.96,1,0.8067025542259216,0
train_07723.png,96.68,0,0.9980410933494568,2
train_07724.png,312.81,0,0.18157249689102173,4
train_07725.png,37.02,1,0.9634835720062256,0
train_07726.png,336.19,0,0.15848775207996368,2
train_07727.png,131.55,1,0.8383405804634094,4
train_07728.png,116.45,1,0.9704829454421997,3
train_07729.png,293.25,0,0.07427459955215454,3
train_07730.png,308.22,0,0.7035556435585022,2
train_07731.png,191.21,1,0.8858224749565125,4
train_07732.png,344.34,1,0.1956627517938614,1
train_07733.png,34.65,1,0.45736634731292725,0
train_07734.png,61.98,1,0.7665061354637146,0
train_07735.png,185.45,1,0.6955198645591736,1
train_07736.png,347.91,0,0.058981068432331085,4
train_07737.png,358.68,0,0.5874908566474915,2
train_07738.png,354.07,0,0.11153421550989151,2
train_07739.png,10.39,1,0.25547289848327637,1
train_07740.png,320.69,1,0.004158249124884605,3
train_07741.png,293.18,0,0.09078504890203476,1
train_07742.png,320.43,0,0.019992968067526817,0
train_07743.png,5.07,1,0.488475501537323,4
train_07744.png,159.82,1,0.9851844310760498,3
train_07745.png,75.12,1,0.9397774934768677,4
train_07746.png,314.61,1,0.06494015455245972,0
train_07747.png,77.52,1,0.5744956731796265,1
train_07748.png,84.09,1,0.9352200031280518,4
train_07749.png,354.91,0,0.6845192313194275,2
train_07750.png,310.11,0,0.07215992361307144,3
train_07751.png,252.24,1,0.11208122968673706,0
train_07752.png,288.86,0,0.2413724809885025,3
train_07753.png,170.17,1,0.7372809648513794,4
train_07754.png,77.88,1,0.5828369855880737,1
train_07755.png,79.8,1,0.9955992698669434,3
train_07756.png,168.94,1,0.9974857568740845,2
train_07757.png,278.1,0,0.38475868105888367,0
train_07758.png,257.57,1,0.6700239181518555,3
train_07759.png,338.0,1,0.5184058547019958,1
train_07760.png,39.77,0,0.6754735112190247,2
train_07761.png,347.36,1,0.8940321207046509,3
train_07762.png,314.09,0,0.11992666125297546,1
train_07763.png,123.17,1,0.9413415193557739,3
train_07764.png,140.98,1,0.6174922585487366,1
train_07765.png,65.34,1,0.8771896958351135,1
train_07766.png,324.63,0,0.2453566938638687,3
train_07767.png,285.77,0,0.11701571941375732,1
train_07768.png,162.22,1,0.8181350827217102,3
train_07769.png,134.68,1,0.9548021554946899,0
train_07770.png,340.06,0,0.18088209629058838,0
train_07771.png,269.61,1,0.2620736062526703,4
train_07772.png,277.02,0,0.921560525894165,3
train_07773.png,75.79,0,0.6933363080024719,1
train_07774.png,196.28,1,0.700663149356842,0
train_07775.png,351.09,0,0.3013279438018799,1
train_07776.png,20.93,1,0.7598075866699219,2
train_07777.png,161.36,1,0.8885539770126343,1
train_07778.png,32.04,1,0.8577324748039246,1
train_07779.png,304.6,0,0.5373877882957458,3
train_07780.png,74.05,1,0.9937096834182739,2
train_07781.png,249.62,0,0.7933117151260376,0
train_07782.png,307.28,1,0.010765106417238712,2
train_07783.png,189.93,0,0.6104510426521301,1
train_07784.png,337.4,0,0.27903786301612854,2
train_07785.png,359.71,0,0.10910109430551529,1
train_07786.png,339.45,0,0.09026015549898148,3
train_07787.png,94.52,0,0.9850132465362549,2
train_07788.png,306.41,0,0.6006127595901489,0
train_07789.png,3.59,0,0.9757083654403687,3
train_07790.png,164.89,1,0.8902835845947266,2
train_07791.png,331.7,1,0.06380097568035126,0
train_07792.png,26.17,1,0.8112508654594421,2
train_07793.png,176.89,1,0.7638982534408569,2
train_07794.png,342.61,0,0.7681980133056641,2
train_07795.png,43.77,1,0.6708469986915588,0
train_07796.png,306.11,1,0.07803156226873398,2
train_07797.png,56.68,1,0.7348113656044006,2
train_07798.png,333.76,0,0.8499308824539185,3
train_07799.png,155.69,1,0.6185184717178345,0
train_07800.png,323.3,0,0.10674744099378586,1
train_07801.png,122.23,1,0.5236729979515076,3
train_07802.png,296.6,0,0.07740064710378647,0
train_07803.png,93.68,1,0.7519528269767761,3
train_07804.png,67.25,1,0.987859308719635,3
train_07805.png,244.28,0,0.8786162734031677,0
train_07806.png,53.33,1,0.685494601726532,1
train_07807.png,346.6,0,0.06893593072891235,0
train_07808.png,272.25,0,0.345920205116272,1
train_07809.png,304.75,0,0.05507763475179672,1
train_07810.png,182.6,0,0.8304616808891296,0
train_07811.png,242.26,1,0.49602076411247253,1
train_07812.png,318.41,0,0.1551596224308014,0
train_07813.png,177.31,0,0.9594148397445679,2
train_07814.png,329.19,0,0.15136274695396423,0
train_07815.png,295.51,0,0.5732434391975403,3
train_07816.png,340.5,1,0.21160109341144562,1
train_07817.png,338.81,1,0.20603413879871368,4
train_07818.png,318.01,1,0.8123770356178284,3
train_07819.png,52.28,1,0.9952760934829712,2
train_07820.png,136.49,1,0.9524347186088562,0
train_07821.png,107.16,1,0.5792016983032227,1
train_07822.png,9.95,1,0.465800017118454,0
train_07823.png,354.27,0,0.17175114154815674,1
train_07824.png,107.23,1,0.3283929228782654,2
train_07825.png,32.78,1,0.9406771659851074,2
train_07826.png,44.55,1,0.9948518872261047,2
train_07827.png,199.7,0,0.9656369686126709,4
train_07828.png,133.53,1,0.625956118106842,1
train_07829.png,39.5,1,0.9279868006706238,0
train_07830.png,252.07,1,0.6186514496803284,2
train_07831.png,15.09,0,0.4423898756504059,4
train_07832.png,273.02,0,0.030916497111320496,2
train_07833.png,285.21,1,0.21639224886894226,4
train_07834.png,285.36,0,0.3722250759601593,4
train_07835.png,295.38,0,0.2194281965494156,4
train_07836.png,71.81,1,0.736258864402771,4
train_07837.png,245.0,1,0.5291831493377686,3
train_07838.png,154.31,1,0.38025760650634766,4
train_07839.png,282.21,1,0.13973669707775116,1
train_07840.png,21.59,1,0.2598232328891754,2
train_07841.png,203.5,1,0.9754790663719177,2
train_07842.png,120.7,1,0.9099607467651367,0
train_07843.png,85.49,1,0.9531009197235107,1
train_07844.png,327.04,0,0.19731974601745605,0
train_07845.png,288.42,1,0.5999404191970825,0
train_07846.png,310.9,1,0.013040642254054546,2
train_07847.png,351.39,1,0.36690443754196167,3
train_07848.png,131.0,1,0.9874562621116638,3
train_07849.png,118.69,1,0.6935815215110779,4
train_07850.png,189.54,1,0.8777545690536499,0
train_07851.png,62.66,1,0.9560943245887756,3
train_07852.png,312.13,0,0.19957929849624634,1
train_07853.png,121.59,1,0.9910988211631775,3
train_07854.png,225.94,1,0.8305778503417969,0
